2026-08-14T04:00:00.000000Z INFO areka::placement: 起動時 DPI 構成 primary_dpi=96 shell_author_dpi=96 balloon_author_dpi=96 k_shell=1 k_balloon=1
2026-08-14T04:00:01.000000Z DEBUG actor{actor="emo-text"}: areka_emo_present::presenter::timing: perf(apply_show): 段階別計時 target_id=TargetId(0) surface_id=1000 cache_hit=true t_cache_us=80 t_compose_us=0 t_resample_us=0 t_mask_us=0 t_upload_us=40 t_total_us=120 alloc_compose_dst=0 alloc_resample_dst=0 alloc_xmap=0 alloc_mask=0 key_hash=0x9f3a2b1c4d5e6f70
2026-08-14T04:00:01.000000Z INFO areka_emo_present::presenter::show: apply(ShowSurface): 表示・マスクを更新 target_id=TargetId(0) surface_id=1000 author_dpi=96 window_dpi=96 k=1 k_ratio=1/1 native_w=478 native_h=684 scaled_w=478 scaled_h=684
2026-08-14T04:00:02.000000Z DEBUG actor{actor="emo-text"}: areka_emo_present::presenter::timing: perf(apply_show): 段階別計時 target_id=TargetId(0) surface_id=1000 cache_hit=true t_cache_us=80 t_compose_us=0 t_resample_us=0 t_mask_us=0 t_upload_us=40 t_total_us=120 alloc_compose_dst=0 alloc_resample_dst=0 alloc_xmap=0 alloc_mask=0 key_hash=0x9f3a2b1c4d5e6f70
2026-08-14T04:00:02.000000Z INFO areka_emo_present::presenter::show: apply(ShowSurface): 表示・マスクを更新 target_id=TargetId(0) surface_id=1000 author_dpi=96 window_dpi=96 k=1 k_ratio=1/1 native_w=478 native_h=684 scaled_w=478 scaled_h=684
2026-08-14T04:00:03.000000Z DEBUG actor{actor="emo-text"}: areka_emo_present::presenter::timing: perf(apply_show): 段階別計時 target_id=TargetId(0) surface_id=1000 cache_hit=true t_cache_us=80 t_compose_us=0 t_resample_us=0 t_mask_us=0 t_upload_us=40 t_total_us=120 alloc_compose_dst=0 alloc_resample_dst=0 alloc_xmap=0 alloc_mask=0 key_hash=0x9f3a2b1c4d5e6f70
2026-08-14T04:00:03.000000Z INFO areka_emo_present::presenter::show: apply(ShowSurface): 表示・マスクを更新 target_id=TargetId(0) surface_id=1000 author_dpi=96 window_dpi=96 k=1 k_ratio=1/1 native_w=478 native_h=684 scaled_w=478 scaled_h=684
2026-08-14T04:00:04.000000Z DEBUG actor{actor="emo-text"}: areka_emo_present::presenter::timing: perf(apply_show): 段階別計時 target_id=TargetId(0) surface_id=1000 cache_hit=true t_cache_us=80 t_compose_us=0 t_resample_us=0 t_mask_us=0 t_upload_us=40 t_total_us=120 alloc_compose_dst=0 alloc_resample_dst=0 alloc_xmap=0 alloc_mask=0 key_hash=0x9f3a2b1c4d5e6f70
2026-08-14T04:00:04.000000Z INFO areka_emo_present::presenter::show: apply(ShowSurface): 表示・マスクを更新 target_id=TargetId(0) surface_id=1000 author_dpi=96 window_dpi=96 k=1 k_ratio=1/1 native_w=478 native_h=684 scaled_w=478 scaled_h=684
2026-08-14T04:00:05.000000Z DEBUG actor{actor="emo-text"}: areka_emo_present::presenter::timing: perf(apply_show): 段階別計時 target_id=TargetId(0) surface_id=1000 cache_hit=true t_cache_us=80 t_compose_us=0 t_resample_us=0 t_mask_us=0 t_upload_us=40 t_total_us=120 alloc_compose_dst=0 alloc_resample_dst=0 alloc_xmap=0 alloc_mask=0 key_hash=0x9f3a2b1c4d5e6f70
2026-08-14T04:00:05.000000Z INFO areka_emo_present::presenter::show: apply(ShowSurface): 表示・マスクを更新 target_id=TargetId(0) surface_id=1000 author_dpi=96 window_dpi=96 k=1 k_ratio=1/1 native_w=478 native_h=684 scaled_w=478 scaled_h=684
2026-08-14T04:01:10.000000Z INFO actor{actor=seriko}: areka_seriko::looper: seriko: loop 抽選発火（再生開始・先頭コマから・要件 2.1/2.2） scope="0" slot=Shell animation_id=1400 k=4
2026-08-14T04:01:10.000000Z DEBUG actor{actor="emo-text"}: areka_emo_present::presenter::timing: perf(apply_show): 段階別計時 target_id=TargetId(0) surface_id=1000 cache_hit=true t_cache_us=80 t_compose_us=0 t_resample_us=0 t_mask_us=0 t_upload_us=40 t_total_us=120 alloc_compose_dst=0 alloc_resample_dst=0 alloc_xmap=0 alloc_mask=0 key_hash=0x9f3a2b1c4d5e6f70
2026-08-14T04:01:10.000000Z INFO actor{actor=seriko}: areka_seriko::looper: seriko: loop 抽選発火（再生開始・先頭コマから・要件 2.1/2.2） scope="0" slot=Shell animation_id=1402 k=4
2026-08-14T04:01:10.000000Z DEBUG actor{actor="emo-text"}: areka_emo_present::presenter::timing: perf(apply_show): 段階別計時 target_id=TargetId(0) surface_id=1000 cache_hit=true t_cache_us=80 t_compose_us=0 t_resample_us=0 t_mask_us=0 t_upload_us=40 t_total_us=120 alloc_compose_dst=0 alloc_resample_dst=0 alloc_xmap=0 alloc_mask=0 key_hash=0x9f3a2b1c4d5e6f70
2026-08-14T04:01:10.150000Z DEBUG actor{actor="emo-text"}: areka_emo_present::presenter::timing: perf(apply_show): 段階別計時 target_id=TargetId(0) surface_id=1000 cache_hit=true t_cache_us=80 t_compose_us=0 t_resample_us=0 t_mask_us=0 t_upload_us=40 t_total_us=120 alloc_compose_dst=0 alloc_resample_dst=0 alloc_xmap=0 alloc_mask=0 key_hash=0x9f3a2b1c4d5e6f70
2026-08-14T04:01:10.172000Z DEBUG actor{actor="emo-text"}: areka_emo_present::presenter::timing: perf(apply_show): 段階別計時 target_id=TargetId(0) surface_id=1000 cache_hit=true t_cache_us=80 t_compose_us=0 t_resample_us=0 t_mask_us=0 t_upload_us=40 t_total_us=120 alloc_compose_dst=0 alloc_resample_dst=0 alloc_xmap=0 alloc_mask=0 key_hash=0x9f3a2b1c4d5e6f70
2026-08-14T04:01:10.200000Z INFO actor{actor=seriko}: areka_seriko::looper: seriko: loop 抽選発火（再生開始・先頭コマから・要件 2.1/2.2） scope="0" slot=Shell animation_id=1400 k=4
2026-08-14T04:01:10.200000Z DEBUG actor{actor="emo-text"}: areka_emo_present::presenter::timing: perf(apply_show): 段階別計時 target_id=TargetId(0) surface_id=1000 cache_hit=true t_cache_us=80 t_compose_us=0 t_resample_us=0 t_mask_us=0 t_upload_us=40 t_total_us=120 alloc_compose_dst=0 alloc_resample_dst=0 alloc_xmap=0 alloc_mask=0 key_hash=0x9f3a2b1c4d5e6f70
2026-08-14T04:01:10.350000Z DEBUG actor{actor="emo-text"}: areka_emo_present::presenter::timing: perf(apply_show): 段階別計時 target_id=TargetId(0) surface_id=1000 cache_hit=true t_cache_us=80 t_compose_us=0 t_resample_us=0 t_mask_us=0 t_upload_us=40 t_total_us=120 alloc_compose_dst=0 alloc_resample_dst=0 alloc_xmap=0 alloc_mask=0 key_hash=0x9f3a2b1c4d5e6f70
2026-08-14T04:01:10.372000Z DEBUG actor{actor="emo-text"}: areka_emo_present::presenter::timing: perf(apply_show): 段階別計時 target_id=TargetId(0) surface_id=1000 cache_hit=true t_cache_us=80 t_compose_us=0 t_resample_us=0 t_mask_us=0 t_upload_us=40 t_total_us=120 alloc_compose_dst=0 alloc_resample_dst=0 alloc_xmap=0 alloc_mask=0 key_hash=0x9f3a2b1c4d5e6f70
2026-08-14T04:01:10.400000Z INFO actor{actor=seriko}: areka_seriko::looper: seriko: loop 抽選発火（再生開始・先頭コマから・要件 2.1/2.2） scope="0" slot=Shell animation_id=1400 k=4
2026-08-14T04:01:10.400000Z DEBUG actor{actor="emo-text"}: areka_emo_present::presenter::timing: perf(apply_show): 段階別計時 target_id=TargetId(0) surface_id=1000 cache_hit=true t_cache_us=80 t_compose_us=0 t_resample_us=0 t_mask_us=0 t_upload_us=40 t_total_us=120 alloc_compose_dst=0 alloc_resample_dst=0 alloc_xmap=0 alloc_mask=0 key_hash=0x9f3a2b1c4d5e6f70
2026-08-14T04:01:10.550000Z DEBUG actor{actor="emo-text"}: areka_emo_present::presenter::timing: perf(apply_show): 段階別計時 target_id=TargetId(0) surface_id=1000 cache_hit=true t_cache_us=80 t_compose_us=0 t_resample_us=0 t_mask_us=0 t_upload_us=40 t_total_us=120 alloc_compose_dst=0 alloc_resample_dst=0 alloc_xmap=0 alloc_mask=0 key_hash=0x9f3a2b1c4d5e6f70
2026-08-14T04:01:10.572000Z DEBUG actor{actor="emo-text"}: areka_emo_present::presenter::timing: perf(apply_show): 段階別計時 target_id=TargetId(0) surface_id=1000 cache_hit=true t_cache_us=80 t_compose_us=0 t_resample_us=0 t_mask_us=0 t_upload_us=40 t_total_us=120 alloc_compose_dst=0 alloc_resample_dst=0 alloc_xmap=0 alloc_mask=0 key_hash=0x9f3a2b1c4d5e6f70
2026-08-14T04:01:10.600000Z INFO actor{actor=seriko}: areka_seriko::looper: seriko: loop 抽選発火（再生開始・先頭コマから・要件 2.1/2.2） scope="0" slot=Shell animation_id=1400 k=4
2026-08-14T04:01:10.600000Z DEBUG actor{actor="emo-text"}: areka_emo_present::presenter::timing: perf(apply_show): 段階別計時 target_id=TargetId(0) surface_id=1000 cache_hit=true t_cache_us=80 t_compose_us=0 t_resample_us=0 t_mask_us=0 t_upload_us=40 t_total_us=120 alloc_compose_dst=0 alloc_resample_dst=0 alloc_xmap=0 alloc_mask=0 key_hash=0x9f3a2b1c4d5e6f70
2026-08-14T04:01:10.700000Z INFO actor{actor=seriko}: areka_seriko::looper: seriko: loop 抽選発火（再生開始・先頭コマから・要件 2.1/2.2） scope="0" slot=Shell animation_id=1402 k=4
2026-08-14T04:01:10.700000Z DEBUG actor{actor="emo-text"}: areka_emo_present::presenter::timing: perf(apply_show): 段階別計時 target_id=TargetId(0) surface_id=1000 cache_hit=true t_cache_us=80 t_compose_us=0 t_resample_us=0 t_mask_us=0 t_upload_us=40 t_total_us=120 alloc_compose_dst=0 alloc_resample_dst=0 alloc_xmap=0 alloc_mask=0 key_hash=0x9f3a2b1c4d5e6f70
2026-08-14T04:01:10.750000Z DEBUG actor{actor="emo-text"}: areka_emo_present::presenter::timing: perf(apply_show): 段階別計時 target_id=TargetId(0) surface_id=1000 cache_hit=true t_cache_us=80 t_compose_us=0 t_resample_us=0 t_mask_us=0 t_upload_us=40 t_total_us=120 alloc_compose_dst=0 alloc_resample_dst=0 alloc_xmap=0 alloc_mask=0 key_hash=0x9f3a2b1c4d5e6f70
2026-08-14T04:01:10.772000Z DEBUG actor{actor="emo-text"}: areka_emo_present::presenter::timing: perf(apply_show): 段階別計時 target_id=TargetId(0) surface_id=1000 cache_hit=true t_cache_us=80 t_compose_us=0 t_resample_us=0 t_mask_us=0 t_upload_us=40 t_total_us=120 alloc_compose_dst=0 alloc_resample_dst=0 alloc_xmap=0 alloc_mask=0 key_hash=0x9f3a2b1c4d5e6f70
2026-08-14T04:01:10.800000Z INFO actor{actor=seriko}: areka_seriko::looper: seriko: loop 抽選発火（再生開始・先頭コマから・要件 2.1/2.2） scope="0" slot=Shell animation_id=1400 k=4
2026-08-14T04:01:10.800000Z DEBUG actor{actor="emo-text"}: areka_emo_present::presenter::timing: perf(apply_show): 段階別計時 target_id=TargetId(0) surface_id=1000 cache_hit=true t_cache_us=80 t_compose_us=0 t_resample_us=0 t_mask_us=0 t_upload_us=40 t_total_us=120 alloc_compose_dst=0 alloc_resample_dst=0 alloc_xmap=0 alloc_mask=0 key_hash=0x9f3a2b1c4d5e6f70
2026-08-14T04:01:10.950000Z DEBUG actor{actor="emo-text"}: areka_emo_present::presenter::timing: perf(apply_show): 段階別計時 target_id=TargetId(0) surface_id=1000 cache_hit=true t_cache_us=80 t_compose_us=0 t_resample_us=0 t_mask_us=0 t_upload_us=40 t_total_us=120 alloc_compose_dst=0 alloc_resample_dst=0 alloc_xmap=0 alloc_mask=0 key_hash=0x9f3a2b1c4d5e6f70
2026-08-14T04:01:10.972000Z DEBUG actor{actor="emo-text"}: areka_emo_present::presenter::timing: perf(apply_show): 段階別計時 target_id=TargetId(0) surface_id=1000 cache_hit=true t_cache_us=80 t_compose_us=0 t_resample_us=0 t_mask_us=0 t_upload_us=40 t_total_us=120 alloc_compose_dst=0 alloc_resample_dst=0 alloc_xmap=0 alloc_mask=0 key_hash=0x9f3a2b1c4d5e6f70
2026-08-14T04:01:11.000000Z INFO actor{actor=seriko}: areka_seriko::looper: seriko: loop 抽選発火（再生開始・先頭コマから・要件 2.1/2.2） scope="0" slot=Shell animation_id=1400 k=4
2026-08-14T04:01:11.000000Z DEBUG actor{actor="emo-text"}: areka_emo_present::presenter::timing: perf(apply_show): 段階別計時 target_id=TargetId(0) surface_id=1000 cache_hit=true t_cache_us=80 t_compose_us=0 t_resample_us=0 t_mask_us=0 t_upload_us=40 t_total_us=120 alloc_compose_dst=0 alloc_resample_dst=0 alloc_xmap=0 alloc_mask=0 key_hash=0x9f3a2b1c4d5e6f70
2026-08-14T04:01:11.150000Z DEBUG actor{actor="emo-text"}: areka_emo_present::presenter::timing: perf(apply_show): 段階別計時 target_id=TargetId(0) surface_id=1000 cache_hit=true t_cache_us=80 t_compose_us=0 t_resample_us=0 t_mask_us=0 t_upload_us=40 t_total_us=120 alloc_compose_dst=0 alloc_resample_dst=0 alloc_xmap=0 alloc_mask=0 key_hash=0x9f3a2b1c4d5e6f70
2026-08-14T04:01:11.172000Z DEBUG actor{actor="emo-text"}: areka_emo_present::presenter::timing: perf(apply_show): 段階別計時 target_id=TargetId(0) surface_id=1000 cache_hit=true t_cache_us=80 t_compose_us=0 t_resample_us=0 t_mask_us=0 t_upload_us=40 t_total_us=120 alloc_compose_dst=0 alloc_resample_dst=0 alloc_xmap=0 alloc_mask=0 key_hash=0x9f3a2b1c4d5e6f70
2026-08-14T04:01:11.200000Z INFO actor{actor=seriko}: areka_seriko::looper: seriko: loop 抽選発火（再生開始・先頭コマから・要件 2.1/2.2） scope="0" slot=Shell animation_id=1400 k=4
2026-08-14T04:01:11.200000Z DEBUG actor{actor="emo-text"}: areka_emo_present::presenter::timing: perf(apply_show): 段階別計時 target_id=TargetId(0) surface_id=1000 cache_hit=true t_cache_us=80 t_compose_us=0 t_resample_us=0 t_mask_us=0 t_upload_us=40 t_total_us=120 alloc_compose_dst=0 alloc_resample_dst=0 alloc_xmap=0 alloc_mask=0 key_hash=0x9f3a2b1c4d5e6f70
2026-08-14T04:01:11.350000Z DEBUG actor{actor="emo-text"}: areka_emo_present::presenter::timing: perf(apply_show): 段階別計時 target_id=TargetId(0) surface_id=1000 cache_hit=true t_cache_us=80 t_compose_us=0 t_resample_us=0 t_mask_us=0 t_upload_us=40 t_total_us=120 alloc_compose_dst=0 alloc_resample_dst=0 alloc_xmap=0 alloc_mask=0 key_hash=0x9f3a2b1c4d5e6f70
2026-08-14T04:01:11.372000Z DEBUG actor{actor="emo-text"}: areka_emo_present::presenter::timing: perf(apply_show): 段階別計時 target_id=TargetId(0) surface_id=1000 cache_hit=true t_cache_us=80 t_compose_us=0 t_resample_us=0 t_mask_us=0 t_upload_us=40 t_total_us=120 alloc_compose_dst=0 alloc_resample_dst=0 alloc_xmap=0 alloc_mask=0 key_hash=0x9f3a2b1c4d5e6f70
2026-08-14T04:01:11.400000Z INFO actor{actor=seriko}: areka_seriko::looper: seriko: loop 抽選発火（再生開始・先頭コマから・要件 2.1/2.2） scope="0" slot=Shell animation_id=1400 k=4
2026-08-14T04:01:11.400000Z DEBUG actor{actor="emo-text"}: areka_emo_present::presenter::timing: perf(apply_show): 段階別計時 target_id=TargetId(0) surface_id=1000 cache_hit=true t_cache_us=80 t_compose_us=0 t_resample_us=0 t_mask_us=0 t_upload_us=40 t_total_us=120 alloc_compose_dst=0 alloc_resample_dst=0 alloc_xmap=0 alloc_mask=0 key_hash=0x9f3a2b1c4d5e6f70
2026-08-14T04:01:11.400000Z INFO actor{actor=seriko}: areka_seriko::looper: seriko: loop 抽選発火（再生開始・先頭コマから・要件 2.1/2.2） scope="0" slot=Shell animation_id=1402 k=4
2026-08-14T04:01:11.400000Z DEBUG actor{actor="emo-text"}: areka_emo_present::presenter::timing: perf(apply_show): 段階別計時 target_id=TargetId(0) surface_id=1000 cache_hit=true t_cache_us=80 t_compose_us=0 t_resample_us=0 t_mask_us=0 t_upload_us=40 t_total_us=120 alloc_compose_dst=0 alloc_resample_dst=0 alloc_xmap=0 alloc_mask=0 key_hash=0x9f3a2b1c4d5e6f70
2026-08-14T04:01:11.550000Z DEBUG actor{actor="emo-text"}: areka_emo_present::presenter::timing: perf(apply_show): 段階別計時 target_id=TargetId(0) surface_id=1000 cache_hit=true t_cache_us=80 t_compose_us=0 t_resample_us=0 t_mask_us=0 t_upload_us=40 t_total_us=120 alloc_compose_dst=0 alloc_resample_dst=0 alloc_xmap=0 alloc_mask=0 key_hash=0x9f3a2b1c4d5e6f70
2026-08-14T04:01:11.572000Z DEBUG actor{actor="emo-text"}: areka_emo_present::presenter::timing: perf(apply_show): 段階別計時 target_id=TargetId(0) surface_id=1000 cache_hit=true t_cache_us=80 t_compose_us=0 t_resample_us=0 t_mask_us=0 t_upload_us=40 t_total_us=120 alloc_compose_dst=0 alloc_resample_dst=0 alloc_xmap=0 alloc_mask=0 key_hash=0x9f3a2b1c4d5e6f70
2026-08-14T04:01:11.600000Z INFO actor{actor=seriko}: areka_seriko::looper: seriko: loop 抽選発火（再生開始・先頭コマから・要件 2.1/2.2） scope="0" slot=Shell animation_id=1400 k=4
2026-08-14T04:01:11.600000Z DEBUG actor{actor="emo-text"}: areka_emo_present::presenter::timing: perf(apply_show): 段階別計時 target_id=TargetId(0) surface_id=1000 cache_hit=true t_cache_us=80 t_compose_us=0 t_resample_us=0 t_mask_us=0 t_upload_us=40 t_total_us=120 alloc_compose_dst=0 alloc_resample_dst=0 alloc_xmap=0 alloc_mask=0 key_hash=0x9f3a2b1c4d5e6f70
2026-08-14T04:01:11.750000Z DEBUG actor{actor="emo-text"}: areka_emo_present::presenter::timing: perf(apply_show): 段階別計時 target_id=TargetId(0) surface_id=1000 cache_hit=true t_cache_us=80 t_compose_us=0 t_resample_us=0 t_mask_us=0 t_upload_us=40 t_total_us=120 alloc_compose_dst=0 alloc_resample_dst=0 alloc_xmap=0 alloc_mask=0 key_hash=0x9f3a2b1c4d5e6f70
2026-08-14T04:01:11.772000Z DEBUG actor{actor="emo-text"}: areka_emo_present::presenter::timing: perf(apply_show): 段階別計時 target_id=TargetId(0) surface_id=1000 cache_hit=true t_cache_us=80 t_compose_us=0 t_resample_us=0 t_mask_us=0 t_upload_us=40 t_total_us=120 alloc_compose_dst=0 alloc_resample_dst=0 alloc_xmap=0 alloc_mask=0 key_hash=0x9f3a2b1c4d5e6f70
2026-08-14T04:01:11.800000Z INFO actor{actor=seriko}: areka_seriko::looper: seriko: loop 抽選発火（再生開始・先頭コマから・要件 2.1/2.2） scope="0" slot=Shell animation_id=1400 k=4
2026-08-14T04:01:11.800000Z DEBUG actor{actor="emo-text"}: areka_emo_present::presenter::timing: perf(apply_show): 段階別計時 target_id=TargetId(0) surface_id=1000 cache_hit=true t_cache_us=80 t_compose_us=0 t_resample_us=0 t_mask_us=0 t_upload_us=40 t_total_us=120 alloc_compose_dst=0 alloc_resample_dst=0 alloc_xmap=0 alloc_mask=0 key_hash=0x9f3a2b1c4d5e6f70
2026-08-14T04:01:11.950000Z DEBUG actor{actor="emo-text"}: areka_emo_present::presenter::timing: perf(apply_show): 段階別計時 target_id=TargetId(0) surface_id=1000 cache_hit=true t_cache_us=80 t_compose_us=0 t_resample_us=0 t_mask_us=0 t_upload_us=40 t_total_us=120 alloc_compose_dst=0 alloc_resample_dst=0 alloc_xmap=0 alloc_mask=0 key_hash=0x9f3a2b1c4d5e6f70
2026-08-14T04:01:11.972000Z DEBUG actor{actor="emo-text"}: areka_emo_present::presenter::timing: perf(apply_show): 段階別計時 target_id=TargetId(0) surface_id=1000 cache_hit=true t_cache_us=80 t_compose_us=0 t_resample_us=0 t_mask_us=0 t_upload_us=40 t_total_us=120 alloc_compose_dst=0 alloc_resample_dst=0 alloc_xmap=0 alloc_mask=0 key_hash=0x9f3a2b1c4d5e6f70
2026-08-14T04:01:12.000000Z INFO actor{actor=seriko}: areka_seriko::looper: seriko: loop 抽選発火（再生開始・先頭コマから・要件 2.1/2.2） scope="0" slot=Shell animation_id=1400 k=4
2026-08-14T04:01:12.000000Z DEBUG actor{actor="emo-text"}: areka_emo_present::presenter::timing: perf(apply_show): 段階別計時 target_id=TargetId(0) surface_id=1000 cache_hit=true t_cache_us=80 t_compose_us=0 t_resample_us=0 t_mask_us=0 t_upload_us=40 t_total_us=120 alloc_compose_dst=0 alloc_resample_dst=0 alloc_xmap=0 alloc_mask=0 key_hash=0x9f3a2b1c4d5e6f70
2026-08-14T04:01:12.100000Z INFO actor{actor=seriko}: areka_seriko::looper: seriko: loop 抽選発火（再生開始・先頭コマから・要件 2.1/2.2） scope="0" slot=Shell animation_id=1402 k=4
2026-08-14T04:01:12.100000Z DEBUG actor{actor="emo-text"}: areka_emo_present::presenter::timing: perf(apply_show): 段階別計時 target_id=TargetId(0) surface_id=1000 cache_hit=true t_cache_us=80 t_compose_us=0 t_resample_us=0 t_mask_us=0 t_upload_us=40 t_total_us=120 alloc_compose_dst=0 alloc_resample_dst=0 alloc_xmap=0 alloc_mask=0 key_hash=0x9f3a2b1c4d5e6f70
2026-08-14T04:01:12.150000Z DEBUG actor{actor="emo-text"}: areka_emo_present::presenter::timing: perf(apply_show): 段階別計時 target_id=TargetId(0) surface_id=1000 cache_hit=true t_cache_us=80 t_compose_us=0 t_resample_us=0 t_mask_us=0 t_upload_us=40 t_total_us=120 alloc_compose_dst=0 alloc_resample_dst=0 alloc_xmap=0 alloc_mask=0 key_hash=0x9f3a2b1c4d5e6f70
2026-08-14T04:01:12.172000Z DEBUG actor{actor="emo-text"}: areka_emo_present::presenter::timing: perf(apply_show): 段階別計時 target_id=TargetId(0) surface_id=1000 cache_hit=true t_cache_us=80 t_compose_us=0 t_resample_us=0 t_mask_us=0 t_upload_us=40 t_total_us=120 alloc_compose_dst=0 alloc_resample_dst=0 alloc_xmap=0 alloc_mask=0 key_hash=0x9f3a2b1c4d5e6f70
2026-08-14T04:01:12.200000Z INFO actor{actor=seriko}: areka_seriko::looper: seriko: loop 抽選発火（再生開始・先頭コマから・要件 2.1/2.2） scope="0" slot=Shell animation_id=1400 k=4
2026-08-14T04:01:12.200000Z DEBUG actor{actor="emo-text"}: areka_emo_present::presenter::timing: perf(apply_show): 段階別計時 target_id=TargetId(0) surface_id=1000 cache_hit=true t_cache_us=80 t_compose_us=0 t_resample_us=0 t_mask_us=0 t_upload_us=40 t_total_us=120 alloc_compose_dst=0 alloc_resample_dst=0 alloc_xmap=0 alloc_mask=0 key_hash=0x9f3a2b1c4d5e6f70
2026-08-14T04:01:12.350000Z DEBUG actor{actor="emo-text"}: areka_emo_present::presenter::timing: perf(apply_show): 段階別計時 target_id=TargetId(0) surface_id=1000 cache_hit=true t_cache_us=80 t_compose_us=0 t_resample_us=0 t_mask_us=0 t_upload_us=40 t_total_us=120 alloc_compose_dst=0 alloc_resample_dst=0 alloc_xmap=0 alloc_mask=0 key_hash=0x9f3a2b1c4d5e6f70
2026-08-14T04:01:12.372000Z DEBUG actor{actor="emo-text"}: areka_emo_present::presenter::timing: perf(apply_show): 段階別計時 target_id=TargetId(0) surface_id=1000 cache_hit=true t_cache_us=80 t_compose_us=0 t_resample_us=0 t_mask_us=0 t_upload_us=40 t_total_us=120 alloc_compose_dst=0 alloc_resample_dst=0 alloc_xmap=0 alloc_mask=0 key_hash=0x9f3a2b1c4d5e6f70
2026-08-14T04:01:12.400000Z INFO actor{actor=seriko}: areka_seriko::looper: seriko: loop 抽選発火（再生開始・先頭コマから・要件 2.1/2.2） scope="0" slot=Shell animation_id=1400 k=4
2026-08-14T04:01:12.400000Z DEBUG actor{actor="emo-text"}: areka_emo_present::presenter::timing: perf(apply_show): 段階別計時 target_id=TargetId(0) surface_id=1000 cache_hit=true t_cache_us=80 t_compose_us=0 t_resample_us=0 t_mask_us=0 t_upload_us=40 t_total_us=120 alloc_compose_dst=0 alloc_resample_dst=0 alloc_xmap=0 alloc_mask=0 key_hash=0x9f3a2b1c4d5e6f70
2026-08-14T04:01:12.550000Z DEBUG actor{actor="emo-text"}: areka_emo_present::presenter::timing: perf(apply_show): 段階別計時 target_id=TargetId(0) surface_id=1000 cache_hit=true t_cache_us=80 t_compose_us=0 t_resample_us=0 t_mask_us=0 t_upload_us=40 t_total_us=120 alloc_compose_dst=0 alloc_resample_dst=0 alloc_xmap=0 alloc_mask=0 key_hash=0x9f3a2b1c4d5e6f70
2026-08-14T04:01:12.572000Z DEBUG actor{actor="emo-text"}: areka_emo_present::presenter::timing: perf(apply_show): 段階別計時 target_id=TargetId(0) surface_id=1000 cache_hit=true t_cache_us=80 t_compose_us=0 t_resample_us=0 t_mask_us=0 t_upload_us=40 t_total_us=120 alloc_compose_dst=0 alloc_resample_dst=0 alloc_xmap=0 alloc_mask=0 key_hash=0x9f3a2b1c4d5e6f70
2026-08-14T04:01:12.600000Z INFO actor{actor=seriko}: areka_seriko::looper: seriko: loop 抽選発火（再生開始・先頭コマから・要件 2.1/2.2） scope="0" slot=Shell animation_id=1400 k=4
2026-08-14T04:01:12.600000Z DEBUG actor{actor="emo-text"}: areka_emo_present::presenter::timing: perf(apply_show): 段階別計時 target_id=TargetId(0) surface_id=1000 cache_hit=true t_cache_us=80 t_compose_us=0 t_resample_us=0 t_mask_us=0 t_upload_us=40 t_total_us=120 alloc_compose_dst=0 alloc_resample_dst=0 alloc_xmap=0 alloc_mask=0 key_hash=0x9f3a2b1c4d5e6f70
2026-08-14T04:01:12.750000Z DEBUG actor{actor="emo-text"}: areka_emo_present::presenter::timing: perf(apply_show): 段階別計時 target_id=TargetId(0) surface_id=1000 cache_hit=true t_cache_us=80 t_compose_us=0 t_resample_us=0 t_mask_us=0 t_upload_us=40 t_total_us=120 alloc_compose_dst=0 alloc_resample_dst=0 alloc_xmap=0 alloc_mask=0 key_hash=0x9f3a2b1c4d5e6f70
2026-08-14T04:01:12.772000Z DEBUG actor{actor="emo-text"}: areka_emo_present::presenter::timing: perf(apply_show): 段階別計時 target_id=TargetId(0) surface_id=1000 cache_hit=true t_cache_us=80 t_compose_us=0 t_resample_us=0 t_mask_us=0 t_upload_us=40 t_total_us=120 alloc_compose_dst=0 alloc_resample_dst=0 alloc_xmap=0 alloc_mask=0 key_hash=0x9f3a2b1c4d5e6f70
2026-08-14T04:01:12.800000Z INFO actor{actor=seriko}: areka_seriko::looper: seriko: loop 抽選発火（再生開始・先頭コマから・要件 2.1/2.2） scope="0" slot=Shell animation_id=1400 k=4
2026-08-14T04:01:12.800000Z DEBUG actor{actor="emo-text"}: areka_emo_present::presenter::timing: perf(apply_show): 段階別計時 target_id=TargetId(0) surface_id=1000 cache_hit=true t_cache_us=80 t_compose_us=0 t_resample_us=0 t_mask_us=0 t_upload_us=40 t_total_us=120 alloc_compose_dst=0 alloc_resample_dst=0 alloc_xmap=0 alloc_mask=0 key_hash=0x9f3a2b1c4d5e6f70
2026-08-14T04:01:12.800000Z INFO actor{actor=seriko}: areka_seriko::looper: seriko: loop 抽選発火（再生開始・先頭コマから・要件 2.1/2.2） scope="0" slot=Shell animation_id=1402 k=4
2026-08-14T04:01:12.800000Z DEBUG actor{actor="emo-text"}: areka_emo_present::presenter::timing: perf(apply_show): 段階別計時 target_id=TargetId(0) surface_id=1000 cache_hit=true t_cache_us=80 t_compose_us=0 t_resample_us=0 t_mask_us=0 t_upload_us=40 t_total_us=120 alloc_compose_dst=0 alloc_resample_dst=0 alloc_xmap=0 alloc_mask=0 key_hash=0x9f3a2b1c4d5e6f70
2026-08-14T04:01:12.950000Z DEBUG actor{actor="emo-text"}: areka_emo_present::presenter::timing: perf(apply_show): 段階別計時 target_id=TargetId(0) surface_id=1000 cache_hit=true t_cache_us=80 t_compose_us=0 t_resample_us=0 t_mask_us=0 t_upload_us=40 t_total_us=120 alloc_compose_dst=0 alloc_resample_dst=0 alloc_xmap=0 alloc_mask=0 key_hash=0x9f3a2b1c4d5e6f70
2026-08-14T04:01:12.972000Z DEBUG actor{actor="emo-text"}: areka_emo_present::presenter::timing: perf(apply_show): 段階別計時 target_id=TargetId(0) surface_id=1000 cache_hit=true t_cache_us=80 t_compose_us=0 t_resample_us=0 t_mask_us=0 t_upload_us=40 t_total_us=120 alloc_compose_dst=0 alloc_resample_dst=0 alloc_xmap=0 alloc_mask=0 key_hash=0x9f3a2b1c4d5e6f70
2026-08-14T04:01:13.000000Z INFO actor{actor=seriko}: areka_seriko::looper: seriko: loop 抽選発火（再生開始・先頭コマから・要件 2.1/2.2） scope="0" slot=Shell animation_id=1400 k=4
2026-08-14T04:01:13.000000Z DEBUG actor{actor="emo-text"}: areka_emo_present::presenter::timing: perf(apply_show): 段階別計時 target_id=TargetId(0) surface_id=1000 cache_hit=true t_cache_us=80 t_compose_us=0 t_resample_us=0 t_mask_us=0 t_upload_us=40 t_total_us=120 alloc_compose_dst=0 alloc_resample_dst=0 alloc_xmap=0 alloc_mask=0 key_hash=0x9f3a2b1c4d5e6f70
2026-08-14T04:01:13.150000Z DEBUG actor{actor="emo-text"}: areka_emo_present::presenter::timing: perf(apply_show): 段階別計時 target_id=TargetId(0) surface_id=1000 cache_hit=true t_cache_us=80 t_compose_us=0 t_resample_us=0 t_mask_us=0 t_upload_us=40 t_total_us=120 alloc_compose_dst=0 alloc_resample_dst=0 alloc_xmap=0 alloc_mask=0 key_hash=0x9f3a2b1c4d5e6f70
2026-08-14T04:01:13.172000Z DEBUG actor{actor="emo-text"}: areka_emo_present::presenter::timing: perf(apply_show): 段階別計時 target_id=TargetId(0) surface_id=1000 cache_hit=true t_cache_us=80 t_compose_us=0 t_resample_us=0 t_mask_us=0 t_upload_us=40 t_total_us=120 alloc_compose_dst=0 alloc_resample_dst=0 alloc_xmap=0 alloc_mask=0 key_hash=0x9f3a2b1c4d5e6f70
2026-08-14T04:01:13.200000Z INFO actor{actor=seriko}: areka_seriko::looper: seriko: loop 抽選発火（再生開始・先頭コマから・要件 2.1/2.2） scope="0" slot=Shell animation_id=1400 k=4
2026-08-14T04:01:13.200000Z DEBUG actor{actor="emo-text"}: areka_emo_present::presenter::timing: perf(apply_show): 段階別計時 target_id=TargetId(0) surface_id=1000 cache_hit=true t_cache_us=80 t_compose_us=0 t_resample_us=0 t_mask_us=0 t_upload_us=40 t_total_us=120 alloc_compose_dst=0 alloc_resample_dst=0 alloc_xmap=0 alloc_mask=0 key_hash=0x9f3a2b1c4d5e6f70
2026-08-14T04:01:13.350000Z DEBUG actor{actor="emo-text"}: areka_emo_present::presenter::timing: perf(apply_show): 段階別計時 target_id=TargetId(0) surface_id=1000 cache_hit=true t_cache_us=80 t_compose_us=0 t_resample_us=0 t_mask_us=0 t_upload_us=40 t_total_us=120 alloc_compose_dst=0 alloc_resample_dst=0 alloc_xmap=0 alloc_mask=0 key_hash=0x9f3a2b1c4d5e6f70
2026-08-14T04:01:13.372000Z DEBUG actor{actor="emo-text"}: areka_emo_present::presenter::timing: perf(apply_show): 段階別計時 target_id=TargetId(0) surface_id=1000 cache_hit=true t_cache_us=80 t_compose_us=0 t_resample_us=0 t_mask_us=0 t_upload_us=40 t_total_us=120 alloc_compose_dst=0 alloc_resample_dst=0 alloc_xmap=0 alloc_mask=0 key_hash=0x9f3a2b1c4d5e6f70
2026-08-14T04:01:13.400000Z INFO actor{actor=seriko}: areka_seriko::looper: seriko: loop 抽選発火（再生開始・先頭コマから・要件 2.1/2.2） scope="0" slot=Shell animation_id=1400 k=4
2026-08-14T04:01:13.400000Z DEBUG actor{actor="emo-text"}: areka_emo_present::presenter::timing: perf(apply_show): 段階別計時 target_id=TargetId(0) surface_id=1000 cache_hit=true t_cache_us=80 t_compose_us=0 t_resample_us=0 t_mask_us=0 t_upload_us=40 t_total_us=120 alloc_compose_dst=0 alloc_resample_dst=0 alloc_xmap=0 alloc_mask=0 key_hash=0x9f3a2b1c4d5e6f70
2026-08-14T04:01:13.500000Z INFO actor{actor=seriko}: areka_seriko::looper: seriko: loop 抽選発火（再生開始・先頭コマから・要件 2.1/2.2） scope="0" slot=Shell animation_id=1402 k=4
2026-08-14T04:01:13.500000Z DEBUG actor{actor="emo-text"}: areka_emo_present::presenter::timing: perf(apply_show): 段階別計時 target_id=TargetId(0) surface_id=1000 cache_hit=true t_cache_us=80 t_compose_us=0 t_resample_us=0 t_mask_us=0 t_upload_us=40 t_total_us=120 alloc_compose_dst=0 alloc_resample_dst=0 alloc_xmap=0 alloc_mask=0 key_hash=0x9f3a2b1c4d5e6f70
2026-08-14T04:01:13.550000Z DEBUG actor{actor="emo-text"}: areka_emo_present::presenter::timing: perf(apply_show): 段階別計時 target_id=TargetId(0) surface_id=1000 cache_hit=true t_cache_us=80 t_compose_us=0 t_resample_us=0 t_mask_us=0 t_upload_us=40 t_total_us=120 alloc_compose_dst=0 alloc_resample_dst=0 alloc_xmap=0 alloc_mask=0 key_hash=0x9f3a2b1c4d5e6f70
2026-08-14T04:01:13.572000Z DEBUG actor{actor="emo-text"}: areka_emo_present::presenter::timing: perf(apply_show): 段階別計時 target_id=TargetId(0) surface_id=1000 cache_hit=true t_cache_us=80 t_compose_us=0 t_resample_us=0 t_mask_us=0 t_upload_us=40 t_total_us=120 alloc_compose_dst=0 alloc_resample_dst=0 alloc_xmap=0 alloc_mask=0 key_hash=0x9f3a2b1c4d5e6f70
2026-08-14T04:01:13.600000Z INFO actor{actor=seriko}: areka_seriko::looper: seriko: loop 抽選発火（再生開始・先頭コマから・要件 2.1/2.2） scope="0" slot=Shell animation_id=1400 k=4
2026-08-14T04:01:13.600000Z DEBUG actor{actor="emo-text"}: areka_emo_present::presenter::timing: perf(apply_show): 段階別計時 target_id=TargetId(0) surface_id=1000 cache_hit=true t_cache_us=80 t_compose_us=0 t_resample_us=0 t_mask_us=0 t_upload_us=40 t_total_us=120 alloc_compose_dst=0 alloc_resample_dst=0 alloc_xmap=0 alloc_mask=0 key_hash=0x9f3a2b1c4d5e6f70
2026-08-14T04:01:13.750000Z DEBUG actor{actor="emo-text"}: areka_emo_present::presenter::timing: perf(apply_show): 段階別計時 target_id=TargetId(0) surface_id=1000 cache_hit=true t_cache_us=80 t_compose_us=0 t_resample_us=0 t_mask_us=0 t_upload_us=40 t_total_us=120 alloc_compose_dst=0 alloc_resample_dst=0 alloc_xmap=0 alloc_mask=0 key_hash=0x9f3a2b1c4d5e6f70
2026-08-14T04:01:13.772000Z DEBUG actor{actor="emo-text"}: areka_emo_present::presenter::timing: perf(apply_show): 段階別計時 target_id=TargetId(0) surface_id=1000 cache_hit=true t_cache_us=80 t_compose_us=0 t_resample_us=0 t_mask_us=0 t_upload_us=40 t_total_us=120 alloc_compose_dst=0 alloc_resample_dst=0 alloc_xmap=0 alloc_mask=0 key_hash=0x9f3a2b1c4d5e6f70
2026-08-14T04:01:13.800000Z INFO actor{actor=seriko}: areka_seriko::looper: seriko: loop 抽選発火（再生開始・先頭コマから・要件 2.1/2.2） scope="0" slot=Shell animation_id=1400 k=4
2026-08-14T04:01:13.800000Z DEBUG actor{actor="emo-text"}: areka_emo_present::presenter::timing: perf(apply_show): 段階別計時 target_id=TargetId(0) surface_id=1000 cache_hit=true t_cache_us=80 t_compose_us=0 t_resample_us=0 t_mask_us=0 t_upload_us=40 t_total_us=120 alloc_compose_dst=0 alloc_resample_dst=0 alloc_xmap=0 alloc_mask=0 key_hash=0x9f3a2b1c4d5e6f70
2026-08-14T04:01:13.950000Z DEBUG actor{actor="emo-text"}: areka_emo_present::presenter::timing: perf(apply_show): 段階別計時 target_id=TargetId(0) surface_id=1000 cache_hit=true t_cache_us=80 t_compose_us=0 t_resample_us=0 t_mask_us=0 t_upload_us=40 t_total_us=120 alloc_compose_dst=0 alloc_resample_dst=0 alloc_xmap=0 alloc_mask=0 key_hash=0x9f3a2b1c4d5e6f70
2026-08-14T04:01:13.972000Z DEBUG actor{actor="emo-text"}: areka_emo_present::presenter::timing: perf(apply_show): 段階別計時 target_id=TargetId(0) surface_id=1000 cache_hit=true t_cache_us=80 t_compose_us=0 t_resample_us=0 t_mask_us=0 t_upload_us=40 t_total_us=120 alloc_compose_dst=0 alloc_resample_dst=0 alloc_xmap=0 alloc_mask=0 key_hash=0x9f3a2b1c4d5e6f70
2026-08-14T04:01:14.000000Z INFO actor{actor=seriko}: areka_seriko::looper: seriko: loop 抽選発火（再生開始・先頭コマから・要件 2.1/2.2） scope="0" slot=Shell animation_id=1400 k=4
2026-08-14T04:01:14.000000Z DEBUG actor{actor="emo-text"}: areka_emo_present::presenter::timing: perf(apply_show): 段階別計時 target_id=TargetId(0) surface_id=1000 cache_hit=true t_cache_us=80 t_compose_us=0 t_resample_us=0 t_mask_us=0 t_upload_us=40 t_total_us=120 alloc_compose_dst=0 alloc_resample_dst=0 alloc_xmap=0 alloc_mask=0 key_hash=0x9f3a2b1c4d5e6f70
2026-08-14T04:01:14.150000Z DEBUG actor{actor="emo-text"}: areka_emo_present::presenter::timing: perf(apply_show): 段階別計時 target_id=TargetId(0) surface_id=1000 cache_hit=true t_cache_us=80 t_compose_us=0 t_resample_us=0 t_mask_us=0 t_upload_us=40 t_total_us=120 alloc_compose_dst=0 alloc_resample_dst=0 alloc_xmap=0 alloc_mask=0 key_hash=0x9f3a2b1c4d5e6f70
2026-08-14T04:01:14.172000Z DEBUG actor{actor="emo-text"}: areka_emo_present::presenter::timing: perf(apply_show): 段階別計時 target_id=TargetId(0) surface_id=1000 cache_hit=true t_cache_us=80 t_compose_us=0 t_resample_us=0 t_mask_us=0 t_upload_us=40 t_total_us=120 alloc_compose_dst=0 alloc_resample_dst=0 alloc_xmap=0 alloc_mask=0 key_hash=0x9f3a2b1c4d5e6f70
2026-08-14T04:01:14.200000Z INFO actor{actor=seriko}: areka_seriko::looper: seriko: loop 抽選発火（再生開始・先頭コマから・要件 2.1/2.2） scope="0" slot=Shell animation_id=1400 k=4
2026-08-14T04:01:14.200000Z DEBUG actor{actor="emo-text"}: areka_emo_present::presenter::timing: perf(apply_show): 段階別計時 target_id=TargetId(0) surface_id=1000 cache_hit=true t_cache_us=80 t_compose_us=0 t_resample_us=0 t_mask_us=0 t_upload_us=40 t_total_us=120 alloc_compose_dst=0 alloc_resample_dst=0 alloc_xmap=0 alloc_mask=0 key_hash=0x9f3a2b1c4d5e6f70
2026-08-14T04:01:14.200000Z INFO actor{actor=seriko}: areka_seriko::looper: seriko: loop 抽選発火（再生開始・先頭コマから・要件 2.1/2.2） scope="0" slot=Shell animation_id=1402 k=4
2026-08-14T04:01:14.200000Z DEBUG actor{actor="emo-text"}: areka_emo_present::presenter::timing: perf(apply_show): 段階別計時 target_id=TargetId(0) surface_id=1000 cache_hit=true t_cache_us=80 t_compose_us=0 t_resample_us=0 t_mask_us=0 t_upload_us=40 t_total_us=120 alloc_compose_dst=0 alloc_resample_dst=0 alloc_xmap=0 alloc_mask=0 key_hash=0x9f3a2b1c4d5e6f70
2026-08-14T04:01:14.350000Z DEBUG actor{actor="emo-text"}: areka_emo_present::presenter::timing: perf(apply_show): 段階別計時 target_id=TargetId(0) surface_id=1000 cache_hit=true t_cache_us=80 t_compose_us=0 t_resample_us=0 t_mask_us=0 t_upload_us=40 t_total_us=120 alloc_compose_dst=0 alloc_resample_dst=0 alloc_xmap=0 alloc_mask=0 key_hash=0x9f3a2b1c4d5e6f70
2026-08-14T04:01:14.372000Z DEBUG actor{actor="emo-text"}: areka_emo_present::presenter::timing: perf(apply_show): 段階別計時 target_id=TargetId(0) surface_id=1000 cache_hit=true t_cache_us=80 t_compose_us=0 t_resample_us=0 t_mask_us=0 t_upload_us=40 t_total_us=120 alloc_compose_dst=0 alloc_resample_dst=0 alloc_xmap=0 alloc_mask=0 key_hash=0x9f3a2b1c4d5e6f70
2026-08-14T04:01:14.400000Z INFO actor{actor=seriko}: areka_seriko::looper: seriko: loop 抽選発火（再生開始・先頭コマから・要件 2.1/2.2） scope="0" slot=Shell animation_id=1400 k=4
2026-08-14T04:01:14.400000Z DEBUG actor{actor="emo-text"}: areka_emo_present::presenter::timing: perf(apply_show): 段階別計時 target_id=TargetId(0) surface_id=1000 cache_hit=true t_cache_us=80 t_compose_us=0 t_resample_us=0 t_mask_us=0 t_upload_us=40 t_total_us=120 alloc_compose_dst=0 alloc_resample_dst=0 alloc_xmap=0 alloc_mask=0 key_hash=0x9f3a2b1c4d5e6f70
2026-08-14T04:01:14.550000Z DEBUG actor{actor="emo-text"}: areka_emo_present::presenter::timing: perf(apply_show): 段階別計時 target_id=TargetId(0) surface_id=1000 cache_hit=true t_cache_us=80 t_compose_us=0 t_resample_us=0 t_mask_us=0 t_upload_us=40 t_total_us=120 alloc_compose_dst=0 alloc_resample_dst=0 alloc_xmap=0 alloc_mask=0 key_hash=0x9f3a2b1c4d5e6f70
2026-08-14T04:01:14.572000Z DEBUG actor{actor="emo-text"}: areka_emo_present::presenter::timing: perf(apply_show): 段階別計時 target_id=TargetId(0) surface_id=1000 cache_hit=true t_cache_us=80 t_compose_us=0 t_resample_us=0 t_mask_us=0 t_upload_us=40 t_total_us=120 alloc_compose_dst=0 alloc_resample_dst=0 alloc_xmap=0 alloc_mask=0 key_hash=0x9f3a2b1c4d5e6f70
2026-08-14T04:01:14.600000Z INFO actor{actor=seriko}: areka_seriko::looper: seriko: loop 抽選発火（再生開始・先頭コマから・要件 2.1/2.2） scope="0" slot=Shell animation_id=1400 k=4
2026-08-14T04:01:14.600000Z DEBUG actor{actor="emo-text"}: areka_emo_present::presenter::timing: perf(apply_show): 段階別計時 target_id=TargetId(0) surface_id=1000 cache_hit=true t_cache_us=80 t_compose_us=0 t_resample_us=0 t_mask_us=0 t_upload_us=40 t_total_us=120 alloc_compose_dst=0 alloc_resample_dst=0 alloc_xmap=0 alloc_mask=0 key_hash=0x9f3a2b1c4d5e6f70
2026-08-14T04:01:14.750000Z DEBUG actor{actor="emo-text"}: areka_emo_present::presenter::timing: perf(apply_show): 段階別計時 target_id=TargetId(0) surface_id=1000 cache_hit=true t_cache_us=80 t_compose_us=0 t_resample_us=0 t_mask_us=0 t_upload_us=40 t_total_us=120 alloc_compose_dst=0 alloc_resample_dst=0 alloc_xmap=0 alloc_mask=0 key_hash=0x9f3a2b1c4d5e6f70
2026-08-14T04:01:14.772000Z DEBUG actor{actor="emo-text"}: areka_emo_present::presenter::timing: perf(apply_show): 段階別計時 target_id=TargetId(0) surface_id=1000 cache_hit=true t_cache_us=80 t_compose_us=0 t_resample_us=0 t_mask_us=0 t_upload_us=40 t_total_us=120 alloc_compose_dst=0 alloc_resample_dst=0 alloc_xmap=0 alloc_mask=0 key_hash=0x9f3a2b1c4d5e6f70
2026-08-14T04:01:14.800000Z INFO actor{actor=seriko}: areka_seriko::looper: seriko: loop 抽選発火（再生開始・先頭コマから・要件 2.1/2.2） scope="0" slot=Shell animation_id=1400 k=4
2026-08-14T04:01:14.800000Z DEBUG actor{actor="emo-text"}: areka_emo_present::presenter::timing: perf(apply_show): 段階別計時 target_id=TargetId(0) surface_id=1000 cache_hit=true t_cache_us=80 t_compose_us=0 t_resample_us=0 t_mask_us=0 t_upload_us=40 t_total_us=120 alloc_compose_dst=0 alloc_resample_dst=0 alloc_xmap=0 alloc_mask=0 key_hash=0x9f3a2b1c4d5e6f70
2026-08-14T04:01:14.900000Z INFO actor{actor=seriko}: areka_seriko::looper: seriko: loop 抽選発火（再生開始・先頭コマから・要件 2.1/2.2） scope="0" slot=Shell animation_id=1402 k=4
2026-08-14T04:01:14.900000Z DEBUG actor{actor="emo-text"}: areka_emo_present::presenter::timing: perf(apply_show): 段階別計時 target_id=TargetId(0) surface_id=1000 cache_hit=true t_cache_us=80 t_compose_us=0 t_resample_us=0 t_mask_us=0 t_upload_us=40 t_total_us=120 alloc_compose_dst=0 alloc_resample_dst=0 alloc_xmap=0 alloc_mask=0 key_hash=0x9f3a2b1c4d5e6f70
2026-08-14T04:01:14.950000Z DEBUG actor{actor="emo-text"}: areka_emo_present::presenter::timing: perf(apply_show): 段階別計時 target_id=TargetId(0) surface_id=1000 cache_hit=true t_cache_us=80 t_compose_us=0 t_resample_us=0 t_mask_us=0 t_upload_us=40 t_total_us=120 alloc_compose_dst=0 alloc_resample_dst=0 alloc_xmap=0 alloc_mask=0 key_hash=0x9f3a2b1c4d5e6f70
2026-08-14T04:01:14.972000Z DEBUG actor{actor="emo-text"}: areka_emo_present::presenter::timing: perf(apply_show): 段階別計時 target_id=TargetId(0) surface_id=1000 cache_hit=true t_cache_us=80 t_compose_us=0 t_resample_us=0 t_mask_us=0 t_upload_us=40 t_total_us=120 alloc_compose_dst=0 alloc_resample_dst=0 alloc_xmap=0 alloc_mask=0 key_hash=0x9f3a2b1c4d5e6f70
2026-08-14T04:01:15.000000Z INFO actor{actor=seriko}: areka_seriko::looper: seriko: loop 抽選発火（再生開始・先頭コマから・要件 2.1/2.2） scope="0" slot=Shell animation_id=1400 k=4
2026-08-14T04:01:15.000000Z DEBUG actor{actor="emo-text"}: areka_emo_present::presenter::timing: perf(apply_show): 段階別計時 target_id=TargetId(0) surface_id=1000 cache_hit=true t_cache_us=80 t_compose_us=0 t_resample_us=0 t_mask_us=0 t_upload_us=40 t_total_us=120 alloc_compose_dst=0 alloc_resample_dst=0 alloc_xmap=0 alloc_mask=0 key_hash=0x9f3a2b1c4d5e6f70
2026-08-14T04:01:15.150000Z DEBUG actor{actor="emo-text"}: areka_emo_present::presenter::timing: perf(apply_show): 段階別計時 target_id=TargetId(0) surface_id=1000 cache_hit=true t_cache_us=80 t_compose_us=0 t_resample_us=0 t_mask_us=0 t_upload_us=40 t_total_us=120 alloc_compose_dst=0 alloc_resample_dst=0 alloc_xmap=0 alloc_mask=0 key_hash=0x9f3a2b1c4d5e6f70
2026-08-14T04:01:15.172000Z DEBUG actor{actor="emo-text"}: areka_emo_present::presenter::timing: perf(apply_show): 段階別計時 target_id=TargetId(0) surface_id=1000 cache_hit=true t_cache_us=80 t_compose_us=0 t_resample_us=0 t_mask_us=0 t_upload_us=40 t_total_us=120 alloc_compose_dst=0 alloc_resample_dst=0 alloc_xmap=0 alloc_mask=0 key_hash=0x9f3a2b1c4d5e6f70
2026-08-14T04:01:15.200000Z INFO actor{actor=seriko}: areka_seriko::looper: seriko: loop 抽選発火（再生開始・先頭コマから・要件 2.1/2.2） scope="0" slot=Shell animation_id=1400 k=4
2026-08-14T04:01:15.200000Z DEBUG actor{actor="emo-text"}: areka_emo_present::presenter::timing: perf(apply_show): 段階別計時 target_id=TargetId(0) surface_id=1000 cache_hit=true t_cache_us=80 t_compose_us=0 t_resample_us=0 t_mask_us=0 t_upload_us=40 t_total_us=120 alloc_compose_dst=0 alloc_resample_dst=0 alloc_xmap=0 alloc_mask=0 key_hash=0x9f3a2b1c4d5e6f70
2026-08-14T04:01:15.350000Z DEBUG actor{actor="emo-text"}: areka_emo_present::presenter::timing: perf(apply_show): 段階別計時 target_id=TargetId(0) surface_id=1000 cache_hit=true t_cache_us=80 t_compose_us=0 t_resample_us=0 t_mask_us=0 t_upload_us=40 t_total_us=120 alloc_compose_dst=0 alloc_resample_dst=0 alloc_xmap=0 alloc_mask=0 key_hash=0x9f3a2b1c4d5e6f70
2026-08-14T04:01:15.372000Z DEBUG actor{actor="emo-text"}: areka_emo_present::presenter::timing: perf(apply_show): 段階別計時 target_id=TargetId(0) surface_id=1000 cache_hit=true t_cache_us=80 t_compose_us=0 t_resample_us=0 t_mask_us=0 t_upload_us=40 t_total_us=120 alloc_compose_dst=0 alloc_resample_dst=0 alloc_xmap=0 alloc_mask=0 key_hash=0x9f3a2b1c4d5e6f70
2026-08-14T04:01:15.400000Z INFO actor{actor=seriko}: areka_seriko::looper: seriko: loop 抽選発火（再生開始・先頭コマから・要件 2.1/2.2） scope="0" slot=Shell animation_id=1400 k=4
2026-08-14T04:01:15.400000Z DEBUG actor{actor="emo-text"}: areka_emo_present::presenter::timing: perf(apply_show): 段階別計時 target_id=TargetId(0) surface_id=1000 cache_hit=true t_cache_us=80 t_compose_us=0 t_resample_us=0 t_mask_us=0 t_upload_us=40 t_total_us=120 alloc_compose_dst=0 alloc_resample_dst=0 alloc_xmap=0 alloc_mask=0 key_hash=0x9f3a2b1c4d5e6f70
2026-08-14T04:01:15.550000Z DEBUG actor{actor="emo-text"}: areka_emo_present::presenter::timing: perf(apply_show): 段階別計時 target_id=TargetId(0) surface_id=1000 cache_hit=true t_cache_us=80 t_compose_us=0 t_resample_us=0 t_mask_us=0 t_upload_us=40 t_total_us=120 alloc_compose_dst=0 alloc_resample_dst=0 alloc_xmap=0 alloc_mask=0 key_hash=0x9f3a2b1c4d5e6f70
2026-08-14T04:01:15.572000Z DEBUG actor{actor="emo-text"}: areka_emo_present::presenter::timing: perf(apply_show): 段階別計時 target_id=TargetId(0) surface_id=1000 cache_hit=true t_cache_us=80 t_compose_us=0 t_resample_us=0 t_mask_us=0 t_upload_us=40 t_total_us=120 alloc_compose_dst=0 alloc_resample_dst=0 alloc_xmap=0 alloc_mask=0 key_hash=0x9f3a2b1c4d5e6f70
2026-08-14T04:01:15.600000Z INFO actor{actor=seriko}: areka_seriko::looper: seriko: loop 抽選発火（再生開始・先頭コマから・要件 2.1/2.2） scope="0" slot=Shell animation_id=1400 k=4
2026-08-14T04:01:15.600000Z DEBUG actor{actor="emo-text"}: areka_emo_present::presenter::timing: perf(apply_show): 段階別計時 target_id=TargetId(0) surface_id=1000 cache_hit=true t_cache_us=80 t_compose_us=0 t_resample_us=0 t_mask_us=0 t_upload_us=40 t_total_us=120 alloc_compose_dst=0 alloc_resample_dst=0 alloc_xmap=0 alloc_mask=0 key_hash=0x9f3a2b1c4d5e6f70
2026-08-14T04:01:15.600000Z INFO actor{actor=seriko}: areka_seriko::looper: seriko: loop 抽選発火（再生開始・先頭コマから・要件 2.1/2.2） scope="0" slot=Shell animation_id=1402 k=4
2026-08-14T04:01:15.600000Z DEBUG actor{actor="emo-text"}: areka_emo_present::presenter::timing: perf(apply_show): 段階別計時 target_id=TargetId(0) surface_id=1000 cache_hit=true t_cache_us=80 t_compose_us=0 t_resample_us=0 t_mask_us=0 t_upload_us=40 t_total_us=120 alloc_compose_dst=0 alloc_resample_dst=0 alloc_xmap=0 alloc_mask=0 key_hash=0x9f3a2b1c4d5e6f70
2026-08-14T04:01:15.750000Z DEBUG actor{actor="emo-text"}: areka_emo_present::presenter::timing: perf(apply_show): 段階別計時 target_id=TargetId(0) surface_id=1000 cache_hit=true t_cache_us=80 t_compose_us=0 t_resample_us=0 t_mask_us=0 t_upload_us=40 t_total_us=120 alloc_compose_dst=0 alloc_resample_dst=0 alloc_xmap=0 alloc_mask=0 key_hash=0x9f3a2b1c4d5e6f70
2026-08-14T04:01:15.772000Z DEBUG actor{actor="emo-text"}: areka_emo_present::presenter::timing: perf(apply_show): 段階別計時 target_id=TargetId(0) surface_id=1000 cache_hit=true t_cache_us=80 t_compose_us=0 t_resample_us=0 t_mask_us=0 t_upload_us=40 t_total_us=120 alloc_compose_dst=0 alloc_resample_dst=0 alloc_xmap=0 alloc_mask=0 key_hash=0x9f3a2b1c4d5e6f70
2026-08-14T04:01:15.800000Z INFO actor{actor=seriko}: areka_seriko::looper: seriko: loop 抽選発火（再生開始・先頭コマから・要件 2.1/2.2） scope="0" slot=Shell animation_id=1400 k=4
2026-08-14T04:01:15.800000Z DEBUG actor{actor="emo-text"}: areka_emo_present::presenter::timing: perf(apply_show): 段階別計時 target_id=TargetId(0) surface_id=1000 cache_hit=true t_cache_us=80 t_compose_us=0 t_resample_us=0 t_mask_us=0 t_upload_us=40 t_total_us=120 alloc_compose_dst=0 alloc_resample_dst=0 alloc_xmap=0 alloc_mask=0 key_hash=0x9f3a2b1c4d5e6f70
2026-08-14T04:01:15.950000Z DEBUG actor{actor="emo-text"}: areka_emo_present::presenter::timing: perf(apply_show): 段階別計時 target_id=TargetId(0) surface_id=1000 cache_hit=true t_cache_us=80 t_compose_us=0 t_resample_us=0 t_mask_us=0 t_upload_us=40 t_total_us=120 alloc_compose_dst=0 alloc_resample_dst=0 alloc_xmap=0 alloc_mask=0 key_hash=0x9f3a2b1c4d5e6f70
2026-08-14T04:01:15.972000Z DEBUG actor{actor="emo-text"}: areka_emo_present::presenter::timing: perf(apply_show): 段階別計時 target_id=TargetId(0) surface_id=1000 cache_hit=true t_cache_us=80 t_compose_us=0 t_resample_us=0 t_mask_us=0 t_upload_us=40 t_total_us=120 alloc_compose_dst=0 alloc_resample_dst=0 alloc_xmap=0 alloc_mask=0 key_hash=0x9f3a2b1c4d5e6f70
2026-08-14T04:01:16.000000Z INFO actor{actor=seriko}: areka_seriko::looper: seriko: loop 抽選発火（再生開始・先頭コマから・要件 2.1/2.2） scope="0" slot=Shell animation_id=1400 k=4
2026-08-14T04:01:16.000000Z DEBUG actor{actor="emo-text"}: areka_emo_present::presenter::timing: perf(apply_show): 段階別計時 target_id=TargetId(0) surface_id=1000 cache_hit=true t_cache_us=80 t_compose_us=0 t_resample_us=0 t_mask_us=0 t_upload_us=40 t_total_us=120 alloc_compose_dst=0 alloc_resample_dst=0 alloc_xmap=0 alloc_mask=0 key_hash=0x9f3a2b1c4d5e6f70
2026-08-14T04:01:16.150000Z DEBUG actor{actor="emo-text"}: areka_emo_present::presenter::timing: perf(apply_show): 段階別計時 target_id=TargetId(0) surface_id=1000 cache_hit=true t_cache_us=80 t_compose_us=0 t_resample_us=0 t_mask_us=0 t_upload_us=40 t_total_us=120 alloc_compose_dst=0 alloc_resample_dst=0 alloc_xmap=0 alloc_mask=0 key_hash=0x9f3a2b1c4d5e6f70
2026-08-14T04:01:16.172000Z DEBUG actor{actor="emo-text"}: areka_emo_present::presenter::timing: perf(apply_show): 段階別計時 target_id=TargetId(0) surface_id=1000 cache_hit=true t_cache_us=80 t_compose_us=0 t_resample_us=0 t_mask_us=0 t_upload_us=40 t_total_us=120 alloc_compose_dst=0 alloc_resample_dst=0 alloc_xmap=0 alloc_mask=0 key_hash=0x9f3a2b1c4d5e6f70
2026-08-14T04:01:16.200000Z INFO actor{actor=seriko}: areka_seriko::looper: seriko: loop 抽選発火（再生開始・先頭コマから・要件 2.1/2.2） scope="0" slot=Shell animation_id=1400 k=4
2026-08-14T04:01:16.200000Z DEBUG actor{actor="emo-text"}: areka_emo_present::presenter::timing: perf(apply_show): 段階別計時 target_id=TargetId(0) surface_id=1000 cache_hit=true t_cache_us=80 t_compose_us=0 t_resample_us=0 t_mask_us=0 t_upload_us=40 t_total_us=120 alloc_compose_dst=0 alloc_resample_dst=0 alloc_xmap=0 alloc_mask=0 key_hash=0x9f3a2b1c4d5e6f70
2026-08-14T04:01:16.300000Z INFO actor{actor=seriko}: areka_seriko::looper: seriko: loop 抽選発火（再生開始・先頭コマから・要件 2.1/2.2） scope="0" slot=Shell animation_id=1402 k=4
2026-08-14T04:01:16.300000Z DEBUG actor{actor="emo-text"}: areka_emo_present::presenter::timing: perf(apply_show): 段階別計時 target_id=TargetId(0) surface_id=1000 cache_hit=true t_cache_us=80 t_compose_us=0 t_resample_us=0 t_mask_us=0 t_upload_us=40 t_total_us=120 alloc_compose_dst=0 alloc_resample_dst=0 alloc_xmap=0 alloc_mask=0 key_hash=0x9f3a2b1c4d5e6f70
2026-08-14T04:01:16.350000Z DEBUG actor{actor="emo-text"}: areka_emo_present::presenter::timing: perf(apply_show): 段階別計時 target_id=TargetId(0) surface_id=1000 cache_hit=true t_cache_us=80 t_compose_us=0 t_resample_us=0 t_mask_us=0 t_upload_us=40 t_total_us=120 alloc_compose_dst=0 alloc_resample_dst=0 alloc_xmap=0 alloc_mask=0 key_hash=0x9f3a2b1c4d5e6f70
2026-08-14T04:01:16.372000Z DEBUG actor{actor="emo-text"}: areka_emo_present::presenter::timing: perf(apply_show): 段階別計時 target_id=TargetId(0) surface_id=1000 cache_hit=true t_cache_us=80 t_compose_us=0 t_resample_us=0 t_mask_us=0 t_upload_us=40 t_total_us=120 alloc_compose_dst=0 alloc_resample_dst=0 alloc_xmap=0 alloc_mask=0 key_hash=0x9f3a2b1c4d5e6f70
2026-08-14T04:01:16.400000Z INFO actor{actor=seriko}: areka_seriko::looper: seriko: loop 抽選発火（再生開始・先頭コマから・要件 2.1/2.2） scope="0" slot=Shell animation_id=1400 k=4
2026-08-14T04:01:16.400000Z DEBUG actor{actor="emo-text"}: areka_emo_present::presenter::timing: perf(apply_show): 段階別計時 target_id=TargetId(0) surface_id=1000 cache_hit=true t_cache_us=80 t_compose_us=0 t_resample_us=0 t_mask_us=0 t_upload_us=40 t_total_us=120 alloc_compose_dst=0 alloc_resample_dst=0 alloc_xmap=0 alloc_mask=0 key_hash=0x9f3a2b1c4d5e6f70
2026-08-14T04:01:16.550000Z DEBUG actor{actor="emo-text"}: areka_emo_present::presenter::timing: perf(apply_show): 段階別計時 target_id=TargetId(0) surface_id=1000 cache_hit=true t_cache_us=80 t_compose_us=0 t_resample_us=0 t_mask_us=0 t_upload_us=40 t_total_us=120 alloc_compose_dst=0 alloc_resample_dst=0 alloc_xmap=0 alloc_mask=0 key_hash=0x9f3a2b1c4d5e6f70
2026-08-14T04:01:16.572000Z DEBUG actor{actor="emo-text"}: areka_emo_present::presenter::timing: perf(apply_show): 段階別計時 target_id=TargetId(0) surface_id=1000 cache_hit=true t_cache_us=80 t_compose_us=0 t_resample_us=0 t_mask_us=0 t_upload_us=40 t_total_us=120 alloc_compose_dst=0 alloc_resample_dst=0 alloc_xmap=0 alloc_mask=0 key_hash=0x9f3a2b1c4d5e6f70
2026-08-14T04:01:16.600000Z INFO actor{actor=seriko}: areka_seriko::looper: seriko: loop 抽選発火（再生開始・先頭コマから・要件 2.1/2.2） scope="0" slot=Shell animation_id=1400 k=4
2026-08-14T04:01:16.600000Z DEBUG actor{actor="emo-text"}: areka_emo_present::presenter::timing: perf(apply_show): 段階別計時 target_id=TargetId(0) surface_id=1000 cache_hit=true t_cache_us=80 t_compose_us=0 t_resample_us=0 t_mask_us=0 t_upload_us=40 t_total_us=120 alloc_compose_dst=0 alloc_resample_dst=0 alloc_xmap=0 alloc_mask=0 key_hash=0x9f3a2b1c4d5e6f70
2026-08-14T04:01:16.750000Z DEBUG actor{actor="emo-text"}: areka_emo_present::presenter::timing: perf(apply_show): 段階別計時 target_id=TargetId(0) surface_id=1000 cache_hit=true t_cache_us=80 t_compose_us=0 t_resample_us=0 t_mask_us=0 t_upload_us=40 t_total_us=120 alloc_compose_dst=0 alloc_resample_dst=0 alloc_xmap=0 alloc_mask=0 key_hash=0x9f3a2b1c4d5e6f70
2026-08-14T04:01:16.772000Z DEBUG actor{actor="emo-text"}: areka_emo_present::presenter::timing: perf(apply_show): 段階別計時 target_id=TargetId(0) surface_id=1000 cache_hit=true t_cache_us=80 t_compose_us=0 t_resample_us=0 t_mask_us=0 t_upload_us=40 t_total_us=120 alloc_compose_dst=0 alloc_resample_dst=0 alloc_xmap=0 alloc_mask=0 key_hash=0x9f3a2b1c4d5e6f70
2026-08-14T04:01:16.800000Z INFO actor{actor=seriko}: areka_seriko::looper: seriko: loop 抽選発火（再生開始・先頭コマから・要件 2.1/2.2） scope="0" slot=Shell animation_id=1400 k=4
2026-08-14T04:01:16.800000Z DEBUG actor{actor="emo-text"}: areka_emo_present::presenter::timing: perf(apply_show): 段階別計時 target_id=TargetId(0) surface_id=1000 cache_hit=true t_cache_us=80 t_compose_us=0 t_resample_us=0 t_mask_us=0 t_upload_us=40 t_total_us=120 alloc_compose_dst=0 alloc_resample_dst=0 alloc_xmap=0 alloc_mask=0 key_hash=0x9f3a2b1c4d5e6f70
2026-08-14T04:01:16.950000Z DEBUG actor{actor="emo-text"}: areka_emo_present::presenter::timing: perf(apply_show): 段階別計時 target_id=TargetId(0) surface_id=1000 cache_hit=true t_cache_us=80 t_compose_us=0 t_resample_us=0 t_mask_us=0 t_upload_us=40 t_total_us=120 alloc_compose_dst=0 alloc_resample_dst=0 alloc_xmap=0 alloc_mask=0 key_hash=0x9f3a2b1c4d5e6f70
2026-08-14T04:01:16.972000Z DEBUG actor{actor="emo-text"}: areka_emo_present::presenter::timing: perf(apply_show): 段階別計時 target_id=TargetId(0) surface_id=1000 cache_hit=true t_cache_us=80 t_compose_us=0 t_resample_us=0 t_mask_us=0 t_upload_us=40 t_total_us=120 alloc_compose_dst=0 alloc_resample_dst=0 alloc_xmap=0 alloc_mask=0 key_hash=0x9f3a2b1c4d5e6f70
2026-08-14T04:01:17.000000Z INFO actor{actor=seriko}: areka_seriko::looper: seriko: loop 抽選発火（再生開始・先頭コマから・要件 2.1/2.2） scope="0" slot=Shell animation_id=1400 k=4
2026-08-14T04:01:17.000000Z DEBUG actor{actor="emo-text"}: areka_emo_present::presenter::timing: perf(apply_show): 段階別計時 target_id=TargetId(0) surface_id=1000 cache_hit=true t_cache_us=80 t_compose_us=0 t_resample_us=0 t_mask_us=0 t_upload_us=40 t_total_us=120 alloc_compose_dst=0 alloc_resample_dst=0 alloc_xmap=0 alloc_mask=0 key_hash=0x9f3a2b1c4d5e6f70
2026-08-14T04:01:17.000000Z INFO actor{actor=seriko}: areka_seriko::looper: seriko: loop 抽選発火（再生開始・先頭コマから・要件 2.1/2.2） scope="0" slot=Shell animation_id=1402 k=4
2026-08-14T04:01:17.000000Z DEBUG actor{actor="emo-text"}: areka_emo_present::presenter::timing: perf(apply_show): 段階別計時 target_id=TargetId(0) surface_id=1000 cache_hit=true t_cache_us=80 t_compose_us=0 t_resample_us=0 t_mask_us=0 t_upload_us=40 t_total_us=120 alloc_compose_dst=0 alloc_resample_dst=0 alloc_xmap=0 alloc_mask=0 key_hash=0x9f3a2b1c4d5e6f70
2026-08-14T04:01:17.150000Z DEBUG actor{actor="emo-text"}: areka_emo_present::presenter::timing: perf(apply_show): 段階別計時 target_id=TargetId(0) surface_id=1000 cache_hit=true t_cache_us=80 t_compose_us=0 t_resample_us=0 t_mask_us=0 t_upload_us=40 t_total_us=120 alloc_compose_dst=0 alloc_resample_dst=0 alloc_xmap=0 alloc_mask=0 key_hash=0x9f3a2b1c4d5e6f70
2026-08-14T04:01:17.172000Z DEBUG actor{actor="emo-text"}: areka_emo_present::presenter::timing: perf(apply_show): 段階別計時 target_id=TargetId(0) surface_id=1000 cache_hit=true t_cache_us=80 t_compose_us=0 t_resample_us=0 t_mask_us=0 t_upload_us=40 t_total_us=120 alloc_compose_dst=0 alloc_resample_dst=0 alloc_xmap=0 alloc_mask=0 key_hash=0x9f3a2b1c4d5e6f70
2026-08-14T04:01:17.200000Z INFO actor{actor=seriko}: areka_seriko::looper: seriko: loop 抽選発火（再生開始・先頭コマから・要件 2.1/2.2） scope="0" slot=Shell animation_id=1400 k=4
2026-08-14T04:01:17.200000Z DEBUG actor{actor="emo-text"}: areka_emo_present::presenter::timing: perf(apply_show): 段階別計時 target_id=TargetId(0) surface_id=1000 cache_hit=true t_cache_us=80 t_compose_us=0 t_resample_us=0 t_mask_us=0 t_upload_us=40 t_total_us=120 alloc_compose_dst=0 alloc_resample_dst=0 alloc_xmap=0 alloc_mask=0 key_hash=0x9f3a2b1c4d5e6f70
2026-08-14T04:01:17.350000Z DEBUG actor{actor="emo-text"}: areka_emo_present::presenter::timing: perf(apply_show): 段階別計時 target_id=TargetId(0) surface_id=1000 cache_hit=true t_cache_us=80 t_compose_us=0 t_resample_us=0 t_mask_us=0 t_upload_us=40 t_total_us=120 alloc_compose_dst=0 alloc_resample_dst=0 alloc_xmap=0 alloc_mask=0 key_hash=0x9f3a2b1c4d5e6f70
2026-08-14T04:01:17.372000Z DEBUG actor{actor="emo-text"}: areka_emo_present::presenter::timing: perf(apply_show): 段階別計時 target_id=TargetId(0) surface_id=1000 cache_hit=true t_cache_us=80 t_compose_us=0 t_resample_us=0 t_mask_us=0 t_upload_us=40 t_total_us=120 alloc_compose_dst=0 alloc_resample_dst=0 alloc_xmap=0 alloc_mask=0 key_hash=0x9f3a2b1c4d5e6f70
2026-08-14T04:01:17.400000Z INFO actor{actor=seriko}: areka_seriko::looper: seriko: loop 抽選発火（再生開始・先頭コマから・要件 2.1/2.2） scope="0" slot=Shell animation_id=1400 k=4
2026-08-14T04:01:17.400000Z DEBUG actor{actor="emo-text"}: areka_emo_present::presenter::timing: perf(apply_show): 段階別計時 target_id=TargetId(0) surface_id=1000 cache_hit=true t_cache_us=80 t_compose_us=0 t_resample_us=0 t_mask_us=0 t_upload_us=40 t_total_us=120 alloc_compose_dst=0 alloc_resample_dst=0 alloc_xmap=0 alloc_mask=0 key_hash=0x9f3a2b1c4d5e6f70
2026-08-14T04:01:17.550000Z DEBUG actor{actor="emo-text"}: areka_emo_present::presenter::timing: perf(apply_show): 段階別計時 target_id=TargetId(0) surface_id=1000 cache_hit=true t_cache_us=80 t_compose_us=0 t_resample_us=0 t_mask_us=0 t_upload_us=40 t_total_us=120 alloc_compose_dst=0 alloc_resample_dst=0 alloc_xmap=0 alloc_mask=0 key_hash=0x9f3a2b1c4d5e6f70
2026-08-14T04:01:17.572000Z DEBUG actor{actor="emo-text"}: areka_emo_present::presenter::timing: perf(apply_show): 段階別計時 target_id=TargetId(0) surface_id=1000 cache_hit=true t_cache_us=80 t_compose_us=0 t_resample_us=0 t_mask_us=0 t_upload_us=40 t_total_us=120 alloc_compose_dst=0 alloc_resample_dst=0 alloc_xmap=0 alloc_mask=0 key_hash=0x9f3a2b1c4d5e6f70
2026-08-14T04:01:17.600000Z INFO actor{actor=seriko}: areka_seriko::looper: seriko: loop 抽選発火（再生開始・先頭コマから・要件 2.1/2.2） scope="0" slot=Shell animation_id=1400 k=4
2026-08-14T04:01:17.600000Z DEBUG actor{actor="emo-text"}: areka_emo_present::presenter::timing: perf(apply_show): 段階別計時 target_id=TargetId(0) surface_id=1000 cache_hit=true t_cache_us=80 t_compose_us=0 t_resample_us=0 t_mask_us=0 t_upload_us=40 t_total_us=120 alloc_compose_dst=0 alloc_resample_dst=0 alloc_xmap=0 alloc_mask=0 key_hash=0x9f3a2b1c4d5e6f70
2026-08-14T04:01:17.700000Z INFO actor{actor=seriko}: areka_seriko::looper: seriko: loop 抽選発火（再生開始・先頭コマから・要件 2.1/2.2） scope="0" slot=Shell animation_id=1402 k=4
2026-08-14T04:01:17.700000Z DEBUG actor{actor="emo-text"}: areka_emo_present::presenter::timing: perf(apply_show): 段階別計時 target_id=TargetId(0) surface_id=1000 cache_hit=true t_cache_us=80 t_compose_us=0 t_resample_us=0 t_mask_us=0 t_upload_us=40 t_total_us=120 alloc_compose_dst=0 alloc_resample_dst=0 alloc_xmap=0 alloc_mask=0 key_hash=0x9f3a2b1c4d5e6f70
2026-08-14T04:01:17.750000Z DEBUG actor{actor="emo-text"}: areka_emo_present::presenter::timing: perf(apply_show): 段階別計時 target_id=TargetId(0) surface_id=1000 cache_hit=true t_cache_us=80 t_compose_us=0 t_resample_us=0 t_mask_us=0 t_upload_us=40 t_total_us=120 alloc_compose_dst=0 alloc_resample_dst=0 alloc_xmap=0 alloc_mask=0 key_hash=0x9f3a2b1c4d5e6f70
2026-08-14T04:01:17.772000Z DEBUG actor{actor="emo-text"}: areka_emo_present::presenter::timing: perf(apply_show): 段階別計時 target_id=TargetId(0) surface_id=1000 cache_hit=true t_cache_us=80 t_compose_us=0 t_resample_us=0 t_mask_us=0 t_upload_us=40 t_total_us=120 alloc_compose_dst=0 alloc_resample_dst=0 alloc_xmap=0 alloc_mask=0 key_hash=0x9f3a2b1c4d5e6f70
2026-08-14T04:01:17.800000Z INFO actor{actor=seriko}: areka_seriko::looper: seriko: loop 抽選発火（再生開始・先頭コマから・要件 2.1/2.2） scope="0" slot=Shell animation_id=1400 k=4
2026-08-14T04:01:17.800000Z DEBUG actor{actor="emo-text"}: areka_emo_present::presenter::timing: perf(apply_show): 段階別計時 target_id=TargetId(0) surface_id=1000 cache_hit=true t_cache_us=80 t_compose_us=0 t_resample_us=0 t_mask_us=0 t_upload_us=40 t_total_us=120 alloc_compose_dst=0 alloc_resample_dst=0 alloc_xmap=0 alloc_mask=0 key_hash=0x9f3a2b1c4d5e6f70
2026-08-14T04:01:17.950000Z DEBUG actor{actor="emo-text"}: areka_emo_present::presenter::timing: perf(apply_show): 段階別計時 target_id=TargetId(0) surface_id=1000 cache_hit=true t_cache_us=80 t_compose_us=0 t_resample_us=0 t_mask_us=0 t_upload_us=40 t_total_us=120 alloc_compose_dst=0 alloc_resample_dst=0 alloc_xmap=0 alloc_mask=0 key_hash=0x9f3a2b1c4d5e6f70
2026-08-14T04:01:17.972000Z DEBUG actor{actor="emo-text"}: areka_emo_present::presenter::timing: perf(apply_show): 段階別計時 target_id=TargetId(0) surface_id=1000 cache_hit=true t_cache_us=80 t_compose_us=0 t_resample_us=0 t_mask_us=0 t_upload_us=40 t_total_us=120 alloc_compose_dst=0 alloc_resample_dst=0 alloc_xmap=0 alloc_mask=0 key_hash=0x9f3a2b1c4d5e6f70
2026-08-14T04:01:18.000000Z INFO actor{actor=seriko}: areka_seriko::looper: seriko: loop 抽選発火（再生開始・先頭コマから・要件 2.1/2.2） scope="0" slot=Shell animation_id=1400 k=4
2026-08-14T04:01:18.000000Z DEBUG actor{actor="emo-text"}: areka_emo_present::presenter::timing: perf(apply_show): 段階別計時 target_id=TargetId(0) surface_id=1000 cache_hit=true t_cache_us=80 t_compose_us=0 t_resample_us=0 t_mask_us=0 t_upload_us=40 t_total_us=120 alloc_compose_dst=0 alloc_resample_dst=0 alloc_xmap=0 alloc_mask=0 key_hash=0x9f3a2b1c4d5e6f70
2026-08-14T04:01:18.150000Z DEBUG actor{actor="emo-text"}: areka_emo_present::presenter::timing: perf(apply_show): 段階別計時 target_id=TargetId(0) surface_id=1000 cache_hit=true t_cache_us=80 t_compose_us=0 t_resample_us=0 t_mask_us=0 t_upload_us=40 t_total_us=120 alloc_compose_dst=0 alloc_resample_dst=0 alloc_xmap=0 alloc_mask=0 key_hash=0x9f3a2b1c4d5e6f70
2026-08-14T04:01:18.172000Z DEBUG actor{actor="emo-text"}: areka_emo_present::presenter::timing: perf(apply_show): 段階別計時 target_id=TargetId(0) surface_id=1000 cache_hit=true t_cache_us=80 t_compose_us=0 t_resample_us=0 t_mask_us=0 t_upload_us=40 t_total_us=120 alloc_compose_dst=0 alloc_resample_dst=0 alloc_xmap=0 alloc_mask=0 key_hash=0x9f3a2b1c4d5e6f70
2026-08-14T04:01:18.200000Z INFO actor{actor=seriko}: areka_seriko::looper: seriko: loop 抽選発火（再生開始・先頭コマから・要件 2.1/2.2） scope="0" slot=Shell animation_id=1400 k=4
2026-08-14T04:01:18.200000Z DEBUG actor{actor="emo-text"}: areka_emo_present::presenter::timing: perf(apply_show): 段階別計時 target_id=TargetId(0) surface_id=1000 cache_hit=true t_cache_us=80 t_compose_us=0 t_resample_us=0 t_mask_us=0 t_upload_us=40 t_total_us=120 alloc_compose_dst=0 alloc_resample_dst=0 alloc_xmap=0 alloc_mask=0 key_hash=0x9f3a2b1c4d5e6f70
2026-08-14T04:01:18.350000Z DEBUG actor{actor="emo-text"}: areka_emo_present::presenter::timing: perf(apply_show): 段階別計時 target_id=TargetId(0) surface_id=1000 cache_hit=true t_cache_us=80 t_compose_us=0 t_resample_us=0 t_mask_us=0 t_upload_us=40 t_total_us=120 alloc_compose_dst=0 alloc_resample_dst=0 alloc_xmap=0 alloc_mask=0 key_hash=0x9f3a2b1c4d5e6f70
2026-08-14T04:01:18.372000Z DEBUG actor{actor="emo-text"}: areka_emo_present::presenter::timing: perf(apply_show): 段階別計時 target_id=TargetId(0) surface_id=1000 cache_hit=true t_cache_us=80 t_compose_us=0 t_resample_us=0 t_mask_us=0 t_upload_us=40 t_total_us=120 alloc_compose_dst=0 alloc_resample_dst=0 alloc_xmap=0 alloc_mask=0 key_hash=0x9f3a2b1c4d5e6f70
2026-08-14T04:01:18.400000Z INFO actor{actor=seriko}: areka_seriko::looper: seriko: loop 抽選発火（再生開始・先頭コマから・要件 2.1/2.2） scope="0" slot=Shell animation_id=1400 k=4
2026-08-14T04:01:18.400000Z DEBUG actor{actor="emo-text"}: areka_emo_present::presenter::timing: perf(apply_show): 段階別計時 target_id=TargetId(0) surface_id=1000 cache_hit=true t_cache_us=80 t_compose_us=0 t_resample_us=0 t_mask_us=0 t_upload_us=40 t_total_us=120 alloc_compose_dst=0 alloc_resample_dst=0 alloc_xmap=0 alloc_mask=0 key_hash=0x9f3a2b1c4d5e6f70
2026-08-14T04:01:18.400000Z INFO actor{actor=seriko}: areka_seriko::looper: seriko: loop 抽選発火（再生開始・先頭コマから・要件 2.1/2.2） scope="0" slot=Shell animation_id=1402 k=4
2026-08-14T04:01:18.400000Z DEBUG actor{actor="emo-text"}: areka_emo_present::presenter::timing: perf(apply_show): 段階別計時 target_id=TargetId(0) surface_id=1000 cache_hit=true t_cache_us=80 t_compose_us=0 t_resample_us=0 t_mask_us=0 t_upload_us=40 t_total_us=120 alloc_compose_dst=0 alloc_resample_dst=0 alloc_xmap=0 alloc_mask=0 key_hash=0x9f3a2b1c4d5e6f70
2026-08-14T04:01:18.550000Z DEBUG actor{actor="emo-text"}: areka_emo_present::presenter::timing: perf(apply_show): 段階別計時 target_id=TargetId(0) surface_id=1000 cache_hit=true t_cache_us=80 t_compose_us=0 t_resample_us=0 t_mask_us=0 t_upload_us=40 t_total_us=120 alloc_compose_dst=0 alloc_resample_dst=0 alloc_xmap=0 alloc_mask=0 key_hash=0x9f3a2b1c4d5e6f70
2026-08-14T04:01:18.572000Z DEBUG actor{actor="emo-text"}: areka_emo_present::presenter::timing: perf(apply_show): 段階別計時 target_id=TargetId(0) surface_id=1000 cache_hit=true t_cache_us=80 t_compose_us=0 t_resample_us=0 t_mask_us=0 t_upload_us=40 t_total_us=120 alloc_compose_dst=0 alloc_resample_dst=0 alloc_xmap=0 alloc_mask=0 key_hash=0x9f3a2b1c4d5e6f70
2026-08-14T04:01:18.600000Z INFO actor{actor=seriko}: areka_seriko::looper: seriko: loop 抽選発火（再生開始・先頭コマから・要件 2.1/2.2） scope="0" slot=Shell animation_id=1400 k=4
2026-08-14T04:01:18.600000Z DEBUG actor{actor="emo-text"}: areka_emo_present::presenter::timing: perf(apply_show): 段階別計時 target_id=TargetId(0) surface_id=1000 cache_hit=true t_cache_us=80 t_compose_us=0 t_resample_us=0 t_mask_us=0 t_upload_us=40 t_total_us=120 alloc_compose_dst=0 alloc_resample_dst=0 alloc_xmap=0 alloc_mask=0 key_hash=0x9f3a2b1c4d5e6f70
2026-08-14T04:01:18.750000Z DEBUG actor{actor="emo-text"}: areka_emo_present::presenter::timing: perf(apply_show): 段階別計時 target_id=TargetId(0) surface_id=1000 cache_hit=true t_cache_us=80 t_compose_us=0 t_resample_us=0 t_mask_us=0 t_upload_us=40 t_total_us=120 alloc_compose_dst=0 alloc_resample_dst=0 alloc_xmap=0 alloc_mask=0 key_hash=0x9f3a2b1c4d5e6f70
2026-08-14T04:01:18.772000Z DEBUG actor{actor="emo-text"}: areka_emo_present::presenter::timing: perf(apply_show): 段階別計時 target_id=TargetId(0) surface_id=1000 cache_hit=true t_cache_us=80 t_compose_us=0 t_resample_us=0 t_mask_us=0 t_upload_us=40 t_total_us=120 alloc_compose_dst=0 alloc_resample_dst=0 alloc_xmap=0 alloc_mask=0 key_hash=0x9f3a2b1c4d5e6f70
2026-08-14T04:01:18.800000Z INFO actor{actor=seriko}: areka_seriko::looper: seriko: loop 抽選発火（再生開始・先頭コマから・要件 2.1/2.2） scope="0" slot=Shell animation_id=1400 k=4
2026-08-14T04:01:18.800000Z DEBUG actor{actor="emo-text"}: areka_emo_present::presenter::timing: perf(apply_show): 段階別計時 target_id=TargetId(0) surface_id=1000 cache_hit=true t_cache_us=80 t_compose_us=0 t_resample_us=0 t_mask_us=0 t_upload_us=40 t_total_us=120 alloc_compose_dst=0 alloc_resample_dst=0 alloc_xmap=0 alloc_mask=0 key_hash=0x9f3a2b1c4d5e6f70
2026-08-14T04:01:18.950000Z DEBUG actor{actor="emo-text"}: areka_emo_present::presenter::timing: perf(apply_show): 段階別計時 target_id=TargetId(0) surface_id=1000 cache_hit=true t_cache_us=80 t_compose_us=0 t_resample_us=0 t_mask_us=0 t_upload_us=40 t_total_us=120 alloc_compose_dst=0 alloc_resample_dst=0 alloc_xmap=0 alloc_mask=0 key_hash=0x9f3a2b1c4d5e6f70
2026-08-14T04:01:18.972000Z DEBUG actor{actor="emo-text"}: areka_emo_present::presenter::timing: perf(apply_show): 段階別計時 target_id=TargetId(0) surface_id=1000 cache_hit=true t_cache_us=80 t_compose_us=0 t_resample_us=0 t_mask_us=0 t_upload_us=40 t_total_us=120 alloc_compose_dst=0 alloc_resample_dst=0 alloc_xmap=0 alloc_mask=0 key_hash=0x9f3a2b1c4d5e6f70
2026-08-14T04:01:19.000000Z INFO actor{actor=seriko}: areka_seriko::looper: seriko: loop 抽選発火（再生開始・先頭コマから・要件 2.1/2.2） scope="0" slot=Shell animation_id=1400 k=4
2026-08-14T04:01:19.000000Z DEBUG actor{actor="emo-text"}: areka_emo_present::presenter::timing: perf(apply_show): 段階別計時 target_id=TargetId(0) surface_id=1000 cache_hit=true t_cache_us=80 t_compose_us=0 t_resample_us=0 t_mask_us=0 t_upload_us=40 t_total_us=120 alloc_compose_dst=0 alloc_resample_dst=0 alloc_xmap=0 alloc_mask=0 key_hash=0x9f3a2b1c4d5e6f70
2026-08-14T04:01:19.100000Z INFO actor{actor=seriko}: areka_seriko::looper: seriko: loop 抽選発火（再生開始・先頭コマから・要件 2.1/2.2） scope="0" slot=Shell animation_id=1402 k=4
2026-08-14T04:01:19.100000Z DEBUG actor{actor="emo-text"}: areka_emo_present::presenter::timing: perf(apply_show): 段階別計時 target_id=TargetId(0) surface_id=1000 cache_hit=true t_cache_us=80 t_compose_us=0 t_resample_us=0 t_mask_us=0 t_upload_us=40 t_total_us=120 alloc_compose_dst=0 alloc_resample_dst=0 alloc_xmap=0 alloc_mask=0 key_hash=0x9f3a2b1c4d5e6f70
2026-08-14T04:01:19.150000Z DEBUG actor{actor="emo-text"}: areka_emo_present::presenter::timing: perf(apply_show): 段階別計時 target_id=TargetId(0) surface_id=1000 cache_hit=true t_cache_us=80 t_compose_us=0 t_resample_us=0 t_mask_us=0 t_upload_us=40 t_total_us=120 alloc_compose_dst=0 alloc_resample_dst=0 alloc_xmap=0 alloc_mask=0 key_hash=0x9f3a2b1c4d5e6f70
2026-08-14T04:01:19.172000Z DEBUG actor{actor="emo-text"}: areka_emo_present::presenter::timing: perf(apply_show): 段階別計時 target_id=TargetId(0) surface_id=1000 cache_hit=true t_cache_us=80 t_compose_us=0 t_resample_us=0 t_mask_us=0 t_upload_us=40 t_total_us=120 alloc_compose_dst=0 alloc_resample_dst=0 alloc_xmap=0 alloc_mask=0 key_hash=0x9f3a2b1c4d5e6f70
2026-08-14T04:01:19.200000Z INFO actor{actor=seriko}: areka_seriko::looper: seriko: loop 抽選発火（再生開始・先頭コマから・要件 2.1/2.2） scope="0" slot=Shell animation_id=1400 k=4
2026-08-14T04:01:19.200000Z DEBUG actor{actor="emo-text"}: areka_emo_present::presenter::timing: perf(apply_show): 段階別計時 target_id=TargetId(0) surface_id=1000 cache_hit=true t_cache_us=80 t_compose_us=0 t_resample_us=0 t_mask_us=0 t_upload_us=40 t_total_us=120 alloc_compose_dst=0 alloc_resample_dst=0 alloc_xmap=0 alloc_mask=0 key_hash=0x9f3a2b1c4d5e6f70
2026-08-14T04:01:19.350000Z DEBUG actor{actor="emo-text"}: areka_emo_present::presenter::timing: perf(apply_show): 段階別計時 target_id=TargetId(0) surface_id=1000 cache_hit=true t_cache_us=80 t_compose_us=0 t_resample_us=0 t_mask_us=0 t_upload_us=40 t_total_us=120 alloc_compose_dst=0 alloc_resample_dst=0 alloc_xmap=0 alloc_mask=0 key_hash=0x9f3a2b1c4d5e6f70
2026-08-14T04:01:19.372000Z DEBUG actor{actor="emo-text"}: areka_emo_present::presenter::timing: perf(apply_show): 段階別計時 target_id=TargetId(0) surface_id=1000 cache_hit=true t_cache_us=80 t_compose_us=0 t_resample_us=0 t_mask_us=0 t_upload_us=40 t_total_us=120 alloc_compose_dst=0 alloc_resample_dst=0 alloc_xmap=0 alloc_mask=0 key_hash=0x9f3a2b1c4d5e6f70
2026-08-14T04:01:19.400000Z INFO actor{actor=seriko}: areka_seriko::looper: seriko: loop 抽選発火（再生開始・先頭コマから・要件 2.1/2.2） scope="0" slot=Shell animation_id=1400 k=4
2026-08-14T04:01:19.400000Z DEBUG actor{actor="emo-text"}: areka_emo_present::presenter::timing: perf(apply_show): 段階別計時 target_id=TargetId(0) surface_id=1000 cache_hit=true t_cache_us=80 t_compose_us=0 t_resample_us=0 t_mask_us=0 t_upload_us=40 t_total_us=120 alloc_compose_dst=0 alloc_resample_dst=0 alloc_xmap=0 alloc_mask=0 key_hash=0x9f3a2b1c4d5e6f70
2026-08-14T04:01:19.550000Z DEBUG actor{actor="emo-text"}: areka_emo_present::presenter::timing: perf(apply_show): 段階別計時 target_id=TargetId(0) surface_id=1000 cache_hit=true t_cache_us=80 t_compose_us=0 t_resample_us=0 t_mask_us=0 t_upload_us=40 t_total_us=120 alloc_compose_dst=0 alloc_resample_dst=0 alloc_xmap=0 alloc_mask=0 key_hash=0x9f3a2b1c4d5e6f70
2026-08-14T04:01:19.572000Z DEBUG actor{actor="emo-text"}: areka_emo_present::presenter::timing: perf(apply_show): 段階別計時 target_id=TargetId(0) surface_id=1000 cache_hit=true t_cache_us=80 t_compose_us=0 t_resample_us=0 t_mask_us=0 t_upload_us=40 t_total_us=120 alloc_compose_dst=0 alloc_resample_dst=0 alloc_xmap=0 alloc_mask=0 key_hash=0x9f3a2b1c4d5e6f70
2026-08-14T04:01:19.600000Z INFO actor{actor=seriko}: areka_seriko::looper: seriko: loop 抽選発火（再生開始・先頭コマから・要件 2.1/2.2） scope="0" slot=Shell animation_id=1400 k=4
2026-08-14T04:01:19.600000Z DEBUG actor{actor="emo-text"}: areka_emo_present::presenter::timing: perf(apply_show): 段階別計時 target_id=TargetId(0) surface_id=1000 cache_hit=true t_cache_us=80 t_compose_us=0 t_resample_us=0 t_mask_us=0 t_upload_us=40 t_total_us=120 alloc_compose_dst=0 alloc_resample_dst=0 alloc_xmap=0 alloc_mask=0 key_hash=0x9f3a2b1c4d5e6f70
2026-08-14T04:01:19.750000Z DEBUG actor{actor="emo-text"}: areka_emo_present::presenter::timing: perf(apply_show): 段階別計時 target_id=TargetId(0) surface_id=1000 cache_hit=true t_cache_us=80 t_compose_us=0 t_resample_us=0 t_mask_us=0 t_upload_us=40 t_total_us=120 alloc_compose_dst=0 alloc_resample_dst=0 alloc_xmap=0 alloc_mask=0 key_hash=0x9f3a2b1c4d5e6f70
2026-08-14T04:01:19.772000Z DEBUG actor{actor="emo-text"}: areka_emo_present::presenter::timing: perf(apply_show): 段階別計時 target_id=TargetId(0) surface_id=1000 cache_hit=true t_cache_us=80 t_compose_us=0 t_resample_us=0 t_mask_us=0 t_upload_us=40 t_total_us=120 alloc_compose_dst=0 alloc_resample_dst=0 alloc_xmap=0 alloc_mask=0 key_hash=0x9f3a2b1c4d5e6f70
2026-08-14T04:01:19.800000Z INFO actor{actor=seriko}: areka_seriko::looper: seriko: loop 抽選発火（再生開始・先頭コマから・要件 2.1/2.2） scope="0" slot=Shell animation_id=1400 k=4
2026-08-14T04:01:19.800000Z DEBUG actor{actor="emo-text"}: areka_emo_present::presenter::timing: perf(apply_show): 段階別計時 target_id=TargetId(0) surface_id=1000 cache_hit=true t_cache_us=80 t_compose_us=0 t_resample_us=0 t_mask_us=0 t_upload_us=40 t_total_us=120 alloc_compose_dst=0 alloc_resample_dst=0 alloc_xmap=0 alloc_mask=0 key_hash=0x9f3a2b1c4d5e6f70
2026-08-14T04:01:19.800000Z INFO actor{actor=seriko}: areka_seriko::looper: seriko: loop 抽選発火（再生開始・先頭コマから・要件 2.1/2.2） scope="0" slot=Shell animation_id=1402 k=4
2026-08-14T04:01:19.800000Z DEBUG actor{actor="emo-text"}: areka_emo_present::presenter::timing: perf(apply_show): 段階別計時 target_id=TargetId(0) surface_id=1000 cache_hit=true t_cache_us=80 t_compose_us=0 t_resample_us=0 t_mask_us=0 t_upload_us=40 t_total_us=120 alloc_compose_dst=0 alloc_resample_dst=0 alloc_xmap=0 alloc_mask=0 key_hash=0x9f3a2b1c4d5e6f70
2026-08-14T04:01:19.950000Z DEBUG actor{actor="emo-text"}: areka_emo_present::presenter::timing: perf(apply_show): 段階別計時 target_id=TargetId(0) surface_id=1000 cache_hit=true t_cache_us=80 t_compose_us=0 t_resample_us=0 t_mask_us=0 t_upload_us=40 t_total_us=120 alloc_compose_dst=0 alloc_resample_dst=0 alloc_xmap=0 alloc_mask=0 key_hash=0x9f3a2b1c4d5e6f70
2026-08-14T04:01:19.972000Z DEBUG actor{actor="emo-text"}: areka_emo_present::presenter::timing: perf(apply_show): 段階別計時 target_id=TargetId(0) surface_id=1000 cache_hit=true t_cache_us=80 t_compose_us=0 t_resample_us=0 t_mask_us=0 t_upload_us=40 t_total_us=120 alloc_compose_dst=0 alloc_resample_dst=0 alloc_xmap=0 alloc_mask=0 key_hash=0x9f3a2b1c4d5e6f70
2026-08-14T04:01:20.000000Z INFO actor{actor=seriko}: areka_seriko::looper: seriko: loop 抽選発火（再生開始・先頭コマから・要件 2.1/2.2） scope="0" slot=Shell animation_id=1400 k=4
2026-08-14T04:01:20.000000Z DEBUG actor{actor="emo-text"}: areka_emo_present::presenter::timing: perf(apply_show): 段階別計時 target_id=TargetId(0) surface_id=1000 cache_hit=true t_cache_us=80 t_compose_us=0 t_resample_us=0 t_mask_us=0 t_upload_us=40 t_total_us=120 alloc_compose_dst=0 alloc_resample_dst=0 alloc_xmap=0 alloc_mask=0 key_hash=0x9f3a2b1c4d5e6f70
2026-08-14T04:01:20.150000Z DEBUG actor{actor="emo-text"}: areka_emo_present::presenter::timing: perf(apply_show): 段階別計時 target_id=TargetId(0) surface_id=1000 cache_hit=true t_cache_us=80 t_compose_us=0 t_resample_us=0 t_mask_us=0 t_upload_us=40 t_total_us=120 alloc_compose_dst=0 alloc_resample_dst=0 alloc_xmap=0 alloc_mask=0 key_hash=0x9f3a2b1c4d5e6f70
2026-08-14T04:01:20.172000Z DEBUG actor{actor="emo-text"}: areka_emo_present::presenter::timing: perf(apply_show): 段階別計時 target_id=TargetId(0) surface_id=1000 cache_hit=true t_cache_us=80 t_compose_us=0 t_resample_us=0 t_mask_us=0 t_upload_us=40 t_total_us=120 alloc_compose_dst=0 alloc_resample_dst=0 alloc_xmap=0 alloc_mask=0 key_hash=0x9f3a2b1c4d5e6f70
2026-08-14T04:01:20.200000Z INFO actor{actor=seriko}: areka_seriko::looper: seriko: loop 抽選発火（再生開始・先頭コマから・要件 2.1/2.2） scope="0" slot=Shell animation_id=1400 k=4
2026-08-14T04:01:20.200000Z DEBUG actor{actor="emo-text"}: areka_emo_present::presenter::timing: perf(apply_show): 段階別計時 target_id=TargetId(0) surface_id=1000 cache_hit=true t_cache_us=80 t_compose_us=0 t_resample_us=0 t_mask_us=0 t_upload_us=40 t_total_us=120 alloc_compose_dst=0 alloc_resample_dst=0 alloc_xmap=0 alloc_mask=0 key_hash=0x9f3a2b1c4d5e6f70
2026-08-14T04:01:20.350000Z DEBUG actor{actor="emo-text"}: areka_emo_present::presenter::timing: perf(apply_show): 段階別計時 target_id=TargetId(0) surface_id=1000 cache_hit=true t_cache_us=80 t_compose_us=0 t_resample_us=0 t_mask_us=0 t_upload_us=40 t_total_us=120 alloc_compose_dst=0 alloc_resample_dst=0 alloc_xmap=0 alloc_mask=0 key_hash=0x9f3a2b1c4d5e6f70
2026-08-14T04:01:20.372000Z DEBUG actor{actor="emo-text"}: areka_emo_present::presenter::timing: perf(apply_show): 段階別計時 target_id=TargetId(0) surface_id=1000 cache_hit=true t_cache_us=80 t_compose_us=0 t_resample_us=0 t_mask_us=0 t_upload_us=40 t_total_us=120 alloc_compose_dst=0 alloc_resample_dst=0 alloc_xmap=0 alloc_mask=0 key_hash=0x9f3a2b1c4d5e6f70
2026-08-14T04:01:20.400000Z INFO actor{actor=seriko}: areka_seriko::looper: seriko: loop 抽選発火（再生開始・先頭コマから・要件 2.1/2.2） scope="0" slot=Shell animation_id=1400 k=4
2026-08-14T04:01:20.400000Z DEBUG actor{actor="emo-text"}: areka_emo_present::presenter::timing: perf(apply_show): 段階別計時 target_id=TargetId(0) surface_id=1000 cache_hit=true t_cache_us=80 t_compose_us=0 t_resample_us=0 t_mask_us=0 t_upload_us=40 t_total_us=120 alloc_compose_dst=0 alloc_resample_dst=0 alloc_xmap=0 alloc_mask=0 key_hash=0x9f3a2b1c4d5e6f70
2026-08-14T04:01:20.500000Z INFO actor{actor=seriko}: areka_seriko::looper: seriko: loop 抽選発火（再生開始・先頭コマから・要件 2.1/2.2） scope="0" slot=Shell animation_id=1402 k=4
2026-08-14T04:01:20.500000Z DEBUG actor{actor="emo-text"}: areka_emo_present::presenter::timing: perf(apply_show): 段階別計時 target_id=TargetId(0) surface_id=1000 cache_hit=true t_cache_us=80 t_compose_us=0 t_resample_us=0 t_mask_us=0 t_upload_us=40 t_total_us=120 alloc_compose_dst=0 alloc_resample_dst=0 alloc_xmap=0 alloc_mask=0 key_hash=0x9f3a2b1c4d5e6f70
2026-08-14T04:01:20.550000Z DEBUG actor{actor="emo-text"}: areka_emo_present::presenter::timing: perf(apply_show): 段階別計時 target_id=TargetId(0) surface_id=1000 cache_hit=true t_cache_us=80 t_compose_us=0 t_resample_us=0 t_mask_us=0 t_upload_us=40 t_total_us=120 alloc_compose_dst=0 alloc_resample_dst=0 alloc_xmap=0 alloc_mask=0 key_hash=0x9f3a2b1c4d5e6f70
2026-08-14T04:01:20.572000Z DEBUG actor{actor="emo-text"}: areka_emo_present::presenter::timing: perf(apply_show): 段階別計時 target_id=TargetId(0) surface_id=1000 cache_hit=true t_cache_us=80 t_compose_us=0 t_resample_us=0 t_mask_us=0 t_upload_us=40 t_total_us=120 alloc_compose_dst=0 alloc_resample_dst=0 alloc_xmap=0 alloc_mask=0 key_hash=0x9f3a2b1c4d5e6f70
2026-08-14T04:01:20.600000Z INFO actor{actor=seriko}: areka_seriko::looper: seriko: loop 抽選発火（再生開始・先頭コマから・要件 2.1/2.2） scope="0" slot=Shell animation_id=1400 k=4
2026-08-14T04:01:20.600000Z DEBUG actor{actor="emo-text"}: areka_emo_present::presenter::timing: perf(apply_show): 段階別計時 target_id=TargetId(0) surface_id=1000 cache_hit=true t_cache_us=80 t_compose_us=0 t_resample_us=0 t_mask_us=0 t_upload_us=40 t_total_us=120 alloc_compose_dst=0 alloc_resample_dst=0 alloc_xmap=0 alloc_mask=0 key_hash=0x9f3a2b1c4d5e6f70
2026-08-14T04:01:20.750000Z DEBUG actor{actor="emo-text"}: areka_emo_present::presenter::timing: perf(apply_show): 段階別計時 target_id=TargetId(0) surface_id=1000 cache_hit=true t_cache_us=80 t_compose_us=0 t_resample_us=0 t_mask_us=0 t_upload_us=40 t_total_us=120 alloc_compose_dst=0 alloc_resample_dst=0 alloc_xmap=0 alloc_mask=0 key_hash=0x9f3a2b1c4d5e6f70
2026-08-14T04:01:20.772000Z DEBUG actor{actor="emo-text"}: areka_emo_present::presenter::timing: perf(apply_show): 段階別計時 target_id=TargetId(0) surface_id=1000 cache_hit=true t_cache_us=80 t_compose_us=0 t_resample_us=0 t_mask_us=0 t_upload_us=40 t_total_us=120 alloc_compose_dst=0 alloc_resample_dst=0 alloc_xmap=0 alloc_mask=0 key_hash=0x9f3a2b1c4d5e6f70
2026-08-14T04:01:20.800000Z INFO actor{actor=seriko}: areka_seriko::looper: seriko: loop 抽選発火（再生開始・先頭コマから・要件 2.1/2.2） scope="0" slot=Shell animation_id=1400 k=4
2026-08-14T04:01:20.800000Z DEBUG actor{actor="emo-text"}: areka_emo_present::presenter::timing: perf(apply_show): 段階別計時 target_id=TargetId(0) surface_id=1000 cache_hit=true t_cache_us=80 t_compose_us=0 t_resample_us=0 t_mask_us=0 t_upload_us=40 t_total_us=120 alloc_compose_dst=0 alloc_resample_dst=0 alloc_xmap=0 alloc_mask=0 key_hash=0x9f3a2b1c4d5e6f70
2026-08-14T04:01:20.950000Z DEBUG actor{actor="emo-text"}: areka_emo_present::presenter::timing: perf(apply_show): 段階別計時 target_id=TargetId(0) surface_id=1000 cache_hit=true t_cache_us=80 t_compose_us=0 t_resample_us=0 t_mask_us=0 t_upload_us=40 t_total_us=120 alloc_compose_dst=0 alloc_resample_dst=0 alloc_xmap=0 alloc_mask=0 key_hash=0x9f3a2b1c4d5e6f70
2026-08-14T04:01:20.972000Z DEBUG actor{actor="emo-text"}: areka_emo_present::presenter::timing: perf(apply_show): 段階別計時 target_id=TargetId(0) surface_id=1000 cache_hit=true t_cache_us=80 t_compose_us=0 t_resample_us=0 t_mask_us=0 t_upload_us=40 t_total_us=120 alloc_compose_dst=0 alloc_resample_dst=0 alloc_xmap=0 alloc_mask=0 key_hash=0x9f3a2b1c4d5e6f70
2026-08-14T04:01:21.000000Z INFO actor{actor=seriko}: areka_seriko::looper: seriko: loop 抽選発火（再生開始・先頭コマから・要件 2.1/2.2） scope="0" slot=Shell animation_id=1400 k=4
2026-08-14T04:01:21.000000Z DEBUG actor{actor="emo-text"}: areka_emo_present::presenter::timing: perf(apply_show): 段階別計時 target_id=TargetId(0) surface_id=1000 cache_hit=true t_cache_us=80 t_compose_us=0 t_resample_us=0 t_mask_us=0 t_upload_us=40 t_total_us=120 alloc_compose_dst=0 alloc_resample_dst=0 alloc_xmap=0 alloc_mask=0 key_hash=0x9f3a2b1c4d5e6f70
2026-08-14T04:01:21.150000Z DEBUG actor{actor="emo-text"}: areka_emo_present::presenter::timing: perf(apply_show): 段階別計時 target_id=TargetId(0) surface_id=1000 cache_hit=true t_cache_us=80 t_compose_us=0 t_resample_us=0 t_mask_us=0 t_upload_us=40 t_total_us=120 alloc_compose_dst=0 alloc_resample_dst=0 alloc_xmap=0 alloc_mask=0 key_hash=0x9f3a2b1c4d5e6f70
2026-08-14T04:01:21.172000Z DEBUG actor{actor="emo-text"}: areka_emo_present::presenter::timing: perf(apply_show): 段階別計時 target_id=TargetId(0) surface_id=1000 cache_hit=true t_cache_us=80 t_compose_us=0 t_resample_us=0 t_mask_us=0 t_upload_us=40 t_total_us=120 alloc_compose_dst=0 alloc_resample_dst=0 alloc_xmap=0 alloc_mask=0 key_hash=0x9f3a2b1c4d5e6f70
2026-08-14T04:01:21.200000Z INFO actor{actor=seriko}: areka_seriko::looper: seriko: loop 抽選発火（再生開始・先頭コマから・要件 2.1/2.2） scope="0" slot=Shell animation_id=1400 k=4
2026-08-14T04:01:21.200000Z DEBUG actor{actor="emo-text"}: areka_emo_present::presenter::timing: perf(apply_show): 段階別計時 target_id=TargetId(0) surface_id=1000 cache_hit=true t_cache_us=80 t_compose_us=0 t_resample_us=0 t_mask_us=0 t_upload_us=40 t_total_us=120 alloc_compose_dst=0 alloc_resample_dst=0 alloc_xmap=0 alloc_mask=0 key_hash=0x9f3a2b1c4d5e6f70
2026-08-14T04:01:21.200000Z INFO actor{actor=seriko}: areka_seriko::looper: seriko: loop 抽選発火（再生開始・先頭コマから・要件 2.1/2.2） scope="0" slot=Shell animation_id=1402 k=4
2026-08-14T04:01:21.200000Z DEBUG actor{actor="emo-text"}: areka_emo_present::presenter::timing: perf(apply_show): 段階別計時 target_id=TargetId(0) surface_id=1000 cache_hit=true t_cache_us=80 t_compose_us=0 t_resample_us=0 t_mask_us=0 t_upload_us=40 t_total_us=120 alloc_compose_dst=0 alloc_resample_dst=0 alloc_xmap=0 alloc_mask=0 key_hash=0x9f3a2b1c4d5e6f70
2026-08-14T04:01:21.350000Z DEBUG actor{actor="emo-text"}: areka_emo_present::presenter::timing: perf(apply_show): 段階別計時 target_id=TargetId(0) surface_id=1000 cache_hit=true t_cache_us=80 t_compose_us=0 t_resample_us=0 t_mask_us=0 t_upload_us=40 t_total_us=120 alloc_compose_dst=0 alloc_resample_dst=0 alloc_xmap=0 alloc_mask=0 key_hash=0x9f3a2b1c4d5e6f70
2026-08-14T04:01:21.372000Z DEBUG actor{actor="emo-text"}: areka_emo_present::presenter::timing: perf(apply_show): 段階別計時 target_id=TargetId(0) surface_id=1000 cache_hit=true t_cache_us=80 t_compose_us=0 t_resample_us=0 t_mask_us=0 t_upload_us=40 t_total_us=120 alloc_compose_dst=0 alloc_resample_dst=0 alloc_xmap=0 alloc_mask=0 key_hash=0x9f3a2b1c4d5e6f70
2026-08-14T04:01:21.400000Z INFO actor{actor=seriko}: areka_seriko::looper: seriko: loop 抽選発火（再生開始・先頭コマから・要件 2.1/2.2） scope="0" slot=Shell animation_id=1400 k=4
2026-08-14T04:01:21.400000Z DEBUG actor{actor="emo-text"}: areka_emo_present::presenter::timing: perf(apply_show): 段階別計時 target_id=TargetId(0) surface_id=1000 cache_hit=true t_cache_us=80 t_compose_us=0 t_resample_us=0 t_mask_us=0 t_upload_us=40 t_total_us=120 alloc_compose_dst=0 alloc_resample_dst=0 alloc_xmap=0 alloc_mask=0 key_hash=0x9f3a2b1c4d5e6f70
2026-08-14T04:01:21.550000Z DEBUG actor{actor="emo-text"}: areka_emo_present::presenter::timing: perf(apply_show): 段階別計時 target_id=TargetId(0) surface_id=1000 cache_hit=true t_cache_us=80 t_compose_us=0 t_resample_us=0 t_mask_us=0 t_upload_us=40 t_total_us=120 alloc_compose_dst=0 alloc_resample_dst=0 alloc_xmap=0 alloc_mask=0 key_hash=0x9f3a2b1c4d5e6f70
2026-08-14T04:01:21.572000Z DEBUG actor{actor="emo-text"}: areka_emo_present::presenter::timing: perf(apply_show): 段階別計時 target_id=TargetId(0) surface_id=1000 cache_hit=true t_cache_us=80 t_compose_us=0 t_resample_us=0 t_mask_us=0 t_upload_us=40 t_total_us=120 alloc_compose_dst=0 alloc_resample_dst=0 alloc_xmap=0 alloc_mask=0 key_hash=0x9f3a2b1c4d5e6f70
2026-08-14T04:01:21.600000Z INFO actor{actor=seriko}: areka_seriko::looper: seriko: loop 抽選発火（再生開始・先頭コマから・要件 2.1/2.2） scope="0" slot=Shell animation_id=1400 k=4
2026-08-14T04:01:21.600000Z DEBUG actor{actor="emo-text"}: areka_emo_present::presenter::timing: perf(apply_show): 段階別計時 target_id=TargetId(0) surface_id=1000 cache_hit=true t_cache_us=80 t_compose_us=0 t_resample_us=0 t_mask_us=0 t_upload_us=40 t_total_us=120 alloc_compose_dst=0 alloc_resample_dst=0 alloc_xmap=0 alloc_mask=0 key_hash=0x9f3a2b1c4d5e6f70
2026-08-14T04:01:21.750000Z DEBUG actor{actor="emo-text"}: areka_emo_present::presenter::timing: perf(apply_show): 段階別計時 target_id=TargetId(0) surface_id=1000 cache_hit=true t_cache_us=80 t_compose_us=0 t_resample_us=0 t_mask_us=0 t_upload_us=40 t_total_us=120 alloc_compose_dst=0 alloc_resample_dst=0 alloc_xmap=0 alloc_mask=0 key_hash=0x9f3a2b1c4d5e6f70
2026-08-14T04:01:21.772000Z DEBUG actor{actor="emo-text"}: areka_emo_present::presenter::timing: perf(apply_show): 段階別計時 target_id=TargetId(0) surface_id=1000 cache_hit=true t_cache_us=80 t_compose_us=0 t_resample_us=0 t_mask_us=0 t_upload_us=40 t_total_us=120 alloc_compose_dst=0 alloc_resample_dst=0 alloc_xmap=0 alloc_mask=0 key_hash=0x9f3a2b1c4d5e6f70
2026-08-14T04:01:21.800000Z INFO actor{actor=seriko}: areka_seriko::looper: seriko: loop 抽選発火（再生開始・先頭コマから・要件 2.1/2.2） scope="0" slot=Shell animation_id=1400 k=4
2026-08-14T04:01:21.800000Z DEBUG actor{actor="emo-text"}: areka_emo_present::presenter::timing: perf(apply_show): 段階別計時 target_id=TargetId(0) surface_id=1000 cache_hit=true t_cache_us=80 t_compose_us=0 t_resample_us=0 t_mask_us=0 t_upload_us=40 t_total_us=120 alloc_compose_dst=0 alloc_resample_dst=0 alloc_xmap=0 alloc_mask=0 key_hash=0x9f3a2b1c4d5e6f70
2026-08-14T04:01:21.900000Z INFO actor{actor=seriko}: areka_seriko::looper: seriko: loop 抽選発火（再生開始・先頭コマから・要件 2.1/2.2） scope="0" slot=Shell animation_id=1402 k=4
2026-08-14T04:01:21.900000Z DEBUG actor{actor="emo-text"}: areka_emo_present::presenter::timing: perf(apply_show): 段階別計時 target_id=TargetId(0) surface_id=1000 cache_hit=true t_cache_us=80 t_compose_us=0 t_resample_us=0 t_mask_us=0 t_upload_us=40 t_total_us=120 alloc_compose_dst=0 alloc_resample_dst=0 alloc_xmap=0 alloc_mask=0 key_hash=0x9f3a2b1c4d5e6f70
2026-08-14T04:01:21.950000Z DEBUG actor{actor="emo-text"}: areka_emo_present::presenter::timing: perf(apply_show): 段階別計時 target_id=TargetId(0) surface_id=1000 cache_hit=true t_cache_us=80 t_compose_us=0 t_resample_us=0 t_mask_us=0 t_upload_us=40 t_total_us=120 alloc_compose_dst=0 alloc_resample_dst=0 alloc_xmap=0 alloc_mask=0 key_hash=0x9f3a2b1c4d5e6f70
2026-08-14T04:01:21.972000Z DEBUG actor{actor="emo-text"}: areka_emo_present::presenter::timing: perf(apply_show): 段階別計時 target_id=TargetId(0) surface_id=1000 cache_hit=true t_cache_us=80 t_compose_us=0 t_resample_us=0 t_mask_us=0 t_upload_us=40 t_total_us=120 alloc_compose_dst=0 alloc_resample_dst=0 alloc_xmap=0 alloc_mask=0 key_hash=0x9f3a2b1c4d5e6f70
2026-08-14T04:01:22.000000Z INFO actor{actor=seriko}: areka_seriko::looper: seriko: loop 抽選発火（再生開始・先頭コマから・要件 2.1/2.2） scope="0" slot=Shell animation_id=1400 k=4
2026-08-14T04:01:22.000000Z DEBUG actor{actor="emo-text"}: areka_emo_present::presenter::timing: perf(apply_show): 段階別計時 target_id=TargetId(0) surface_id=1000 cache_hit=true t_cache_us=80 t_compose_us=0 t_resample_us=0 t_mask_us=0 t_upload_us=40 t_total_us=120 alloc_compose_dst=0 alloc_resample_dst=0 alloc_xmap=0 alloc_mask=0 key_hash=0x9f3a2b1c4d5e6f70
2026-08-14T04:01:22.150000Z DEBUG actor{actor="emo-text"}: areka_emo_present::presenter::timing: perf(apply_show): 段階別計時 target_id=TargetId(0) surface_id=1000 cache_hit=true t_cache_us=80 t_compose_us=0 t_resample_us=0 t_mask_us=0 t_upload_us=40 t_total_us=120 alloc_compose_dst=0 alloc_resample_dst=0 alloc_xmap=0 alloc_mask=0 key_hash=0x9f3a2b1c4d5e6f70
2026-08-14T04:01:22.172000Z DEBUG actor{actor="emo-text"}: areka_emo_present::presenter::timing: perf(apply_show): 段階別計時 target_id=TargetId(0) surface_id=1000 cache_hit=true t_cache_us=80 t_compose_us=0 t_resample_us=0 t_mask_us=0 t_upload_us=40 t_total_us=120 alloc_compose_dst=0 alloc_resample_dst=0 alloc_xmap=0 alloc_mask=0 key_hash=0x9f3a2b1c4d5e6f70
2026-08-14T04:01:22.200000Z INFO actor{actor=seriko}: areka_seriko::looper: seriko: loop 抽選発火（再生開始・先頭コマから・要件 2.1/2.2） scope="0" slot=Shell animation_id=1400 k=4
2026-08-14T04:01:22.200000Z DEBUG actor{actor="emo-text"}: areka_emo_present::presenter::timing: perf(apply_show): 段階別計時 target_id=TargetId(0) surface_id=1000 cache_hit=true t_cache_us=80 t_compose_us=0 t_resample_us=0 t_mask_us=0 t_upload_us=40 t_total_us=120 alloc_compose_dst=0 alloc_resample_dst=0 alloc_xmap=0 alloc_mask=0 key_hash=0x9f3a2b1c4d5e6f70
2026-08-14T04:01:22.350000Z DEBUG actor{actor="emo-text"}: areka_emo_present::presenter::timing: perf(apply_show): 段階別計時 target_id=TargetId(0) surface_id=1000 cache_hit=true t_cache_us=80 t_compose_us=0 t_resample_us=0 t_mask_us=0 t_upload_us=40 t_total_us=120 alloc_compose_dst=0 alloc_resample_dst=0 alloc_xmap=0 alloc_mask=0 key_hash=0x9f3a2b1c4d5e6f70
2026-08-14T04:01:22.372000Z DEBUG actor{actor="emo-text"}: areka_emo_present::presenter::timing: perf(apply_show): 段階別計時 target_id=TargetId(0) surface_id=1000 cache_hit=true t_cache_us=80 t_compose_us=0 t_resample_us=0 t_mask_us=0 t_upload_us=40 t_total_us=120 alloc_compose_dst=0 alloc_resample_dst=0 alloc_xmap=0 alloc_mask=0 key_hash=0x9f3a2b1c4d5e6f70
2026-08-14T04:01:22.400000Z INFO actor{actor=seriko}: areka_seriko::looper: seriko: loop 抽選発火（再生開始・先頭コマから・要件 2.1/2.2） scope="0" slot=Shell animation_id=1400 k=4
2026-08-14T04:01:22.400000Z DEBUG actor{actor="emo-text"}: areka_emo_present::presenter::timing: perf(apply_show): 段階別計時 target_id=TargetId(0) surface_id=1000 cache_hit=true t_cache_us=80 t_compose_us=0 t_resample_us=0 t_mask_us=0 t_upload_us=40 t_total_us=120 alloc_compose_dst=0 alloc_resample_dst=0 alloc_xmap=0 alloc_mask=0 key_hash=0x9f3a2b1c4d5e6f70
2026-08-14T04:01:22.550000Z DEBUG actor{actor="emo-text"}: areka_emo_present::presenter::timing: perf(apply_show): 段階別計時 target_id=TargetId(0) surface_id=1000 cache_hit=true t_cache_us=80 t_compose_us=0 t_resample_us=0 t_mask_us=0 t_upload_us=40 t_total_us=120 alloc_compose_dst=0 alloc_resample_dst=0 alloc_xmap=0 alloc_mask=0 key_hash=0x9f3a2b1c4d5e6f70
2026-08-14T04:01:22.572000Z DEBUG actor{actor="emo-text"}: areka_emo_present::presenter::timing: perf(apply_show): 段階別計時 target_id=TargetId(0) surface_id=1000 cache_hit=true t_cache_us=80 t_compose_us=0 t_resample_us=0 t_mask_us=0 t_upload_us=40 t_total_us=120 alloc_compose_dst=0 alloc_resample_dst=0 alloc_xmap=0 alloc_mask=0 key_hash=0x9f3a2b1c4d5e6f70
2026-08-14T04:01:22.600000Z INFO actor{actor=seriko}: areka_seriko::looper: seriko: loop 抽選発火（再生開始・先頭コマから・要件 2.1/2.2） scope="0" slot=Shell animation_id=1400 k=4
2026-08-14T04:01:22.600000Z DEBUG actor{actor="emo-text"}: areka_emo_present::presenter::timing: perf(apply_show): 段階別計時 target_id=TargetId(0) surface_id=1000 cache_hit=true t_cache_us=80 t_compose_us=0 t_resample_us=0 t_mask_us=0 t_upload_us=40 t_total_us=120 alloc_compose_dst=0 alloc_resample_dst=0 alloc_xmap=0 alloc_mask=0 key_hash=0x9f3a2b1c4d5e6f70
2026-08-14T04:01:22.600000Z INFO actor{actor=seriko}: areka_seriko::looper: seriko: loop 抽選発火（再生開始・先頭コマから・要件 2.1/2.2） scope="0" slot=Shell animation_id=1402 k=4
2026-08-14T04:01:22.600000Z DEBUG actor{actor="emo-text"}: areka_emo_present::presenter::timing: perf(apply_show): 段階別計時 target_id=TargetId(0) surface_id=1000 cache_hit=true t_cache_us=80 t_compose_us=0 t_resample_us=0 t_mask_us=0 t_upload_us=40 t_total_us=120 alloc_compose_dst=0 alloc_resample_dst=0 alloc_xmap=0 alloc_mask=0 key_hash=0x9f3a2b1c4d5e6f70
2026-08-14T04:01:22.750000Z DEBUG actor{actor="emo-text"}: areka_emo_present::presenter::timing: perf(apply_show): 段階別計時 target_id=TargetId(0) surface_id=1000 cache_hit=true t_cache_us=80 t_compose_us=0 t_resample_us=0 t_mask_us=0 t_upload_us=40 t_total_us=120 alloc_compose_dst=0 alloc_resample_dst=0 alloc_xmap=0 alloc_mask=0 key_hash=0x9f3a2b1c4d5e6f70
2026-08-14T04:01:22.772000Z DEBUG actor{actor="emo-text"}: areka_emo_present::presenter::timing: perf(apply_show): 段階別計時 target_id=TargetId(0) surface_id=1000 cache_hit=true t_cache_us=80 t_compose_us=0 t_resample_us=0 t_mask_us=0 t_upload_us=40 t_total_us=120 alloc_compose_dst=0 alloc_resample_dst=0 alloc_xmap=0 alloc_mask=0 key_hash=0x9f3a2b1c4d5e6f70
2026-08-14T04:01:22.800000Z INFO actor{actor=seriko}: areka_seriko::looper: seriko: loop 抽選発火（再生開始・先頭コマから・要件 2.1/2.2） scope="0" slot=Shell animation_id=1400 k=4
2026-08-14T04:01:22.800000Z DEBUG actor{actor="emo-text"}: areka_emo_present::presenter::timing: perf(apply_show): 段階別計時 target_id=TargetId(0) surface_id=1000 cache_hit=true t_cache_us=80 t_compose_us=0 t_resample_us=0 t_mask_us=0 t_upload_us=40 t_total_us=120 alloc_compose_dst=0 alloc_resample_dst=0 alloc_xmap=0 alloc_mask=0 key_hash=0x9f3a2b1c4d5e6f70
2026-08-14T04:01:22.950000Z DEBUG actor{actor="emo-text"}: areka_emo_present::presenter::timing: perf(apply_show): 段階別計時 target_id=TargetId(0) surface_id=1000 cache_hit=true t_cache_us=80 t_compose_us=0 t_resample_us=0 t_mask_us=0 t_upload_us=40 t_total_us=120 alloc_compose_dst=0 alloc_resample_dst=0 alloc_xmap=0 alloc_mask=0 key_hash=0x9f3a2b1c4d5e6f70
2026-08-14T04:01:22.972000Z DEBUG actor{actor="emo-text"}: areka_emo_present::presenter::timing: perf(apply_show): 段階別計時 target_id=TargetId(0) surface_id=1000 cache_hit=true t_cache_us=80 t_compose_us=0 t_resample_us=0 t_mask_us=0 t_upload_us=40 t_total_us=120 alloc_compose_dst=0 alloc_resample_dst=0 alloc_xmap=0 alloc_mask=0 key_hash=0x9f3a2b1c4d5e6f70
2026-08-14T04:01:23.000000Z INFO actor{actor=seriko}: areka_seriko::looper: seriko: loop 抽選発火（再生開始・先頭コマから・要件 2.1/2.2） scope="0" slot=Shell animation_id=1400 k=4
2026-08-14T04:01:23.000000Z DEBUG actor{actor="emo-text"}: areka_emo_present::presenter::timing: perf(apply_show): 段階別計時 target_id=TargetId(0) surface_id=1000 cache_hit=true t_cache_us=80 t_compose_us=0 t_resample_us=0 t_mask_us=0 t_upload_us=40 t_total_us=120 alloc_compose_dst=0 alloc_resample_dst=0 alloc_xmap=0 alloc_mask=0 key_hash=0x9f3a2b1c4d5e6f70
2026-08-14T04:01:23.150000Z DEBUG actor{actor="emo-text"}: areka_emo_present::presenter::timing: perf(apply_show): 段階別計時 target_id=TargetId(0) surface_id=1000 cache_hit=true t_cache_us=80 t_compose_us=0 t_resample_us=0 t_mask_us=0 t_upload_us=40 t_total_us=120 alloc_compose_dst=0 alloc_resample_dst=0 alloc_xmap=0 alloc_mask=0 key_hash=0x9f3a2b1c4d5e6f70
2026-08-14T04:01:23.172000Z DEBUG actor{actor="emo-text"}: areka_emo_present::presenter::timing: perf(apply_show): 段階別計時 target_id=TargetId(0) surface_id=1000 cache_hit=true t_cache_us=80 t_compose_us=0 t_resample_us=0 t_mask_us=0 t_upload_us=40 t_total_us=120 alloc_compose_dst=0 alloc_resample_dst=0 alloc_xmap=0 alloc_mask=0 key_hash=0x9f3a2b1c4d5e6f70
2026-08-14T04:01:23.200000Z INFO actor{actor=seriko}: areka_seriko::looper: seriko: loop 抽選発火（再生開始・先頭コマから・要件 2.1/2.2） scope="0" slot=Shell animation_id=1400 k=4
2026-08-14T04:01:23.200000Z DEBUG actor{actor="emo-text"}: areka_emo_present::presenter::timing: perf(apply_show): 段階別計時 target_id=TargetId(0) surface_id=1000 cache_hit=true t_cache_us=80 t_compose_us=0 t_resample_us=0 t_mask_us=0 t_upload_us=40 t_total_us=120 alloc_compose_dst=0 alloc_resample_dst=0 alloc_xmap=0 alloc_mask=0 key_hash=0x9f3a2b1c4d5e6f70
2026-08-14T04:01:23.300000Z INFO actor{actor=seriko}: areka_seriko::looper: seriko: loop 抽選発火（再生開始・先頭コマから・要件 2.1/2.2） scope="0" slot=Shell animation_id=1402 k=4
2026-08-14T04:01:23.300000Z DEBUG actor{actor="emo-text"}: areka_emo_present::presenter::timing: perf(apply_show): 段階別計時 target_id=TargetId(0) surface_id=1000 cache_hit=true t_cache_us=80 t_compose_us=0 t_resample_us=0 t_mask_us=0 t_upload_us=40 t_total_us=120 alloc_compose_dst=0 alloc_resample_dst=0 alloc_xmap=0 alloc_mask=0 key_hash=0x9f3a2b1c4d5e6f70
2026-08-14T04:01:23.350000Z DEBUG actor{actor="emo-text"}: areka_emo_present::presenter::timing: perf(apply_show): 段階別計時 target_id=TargetId(0) surface_id=1000 cache_hit=true t_cache_us=80 t_compose_us=0 t_resample_us=0 t_mask_us=0 t_upload_us=40 t_total_us=120 alloc_compose_dst=0 alloc_resample_dst=0 alloc_xmap=0 alloc_mask=0 key_hash=0x9f3a2b1c4d5e6f70
2026-08-14T04:01:23.372000Z DEBUG actor{actor="emo-text"}: areka_emo_present::presenter::timing: perf(apply_show): 段階別計時 target_id=TargetId(0) surface_id=1000 cache_hit=true t_cache_us=80 t_compose_us=0 t_resample_us=0 t_mask_us=0 t_upload_us=40 t_total_us=120 alloc_compose_dst=0 alloc_resample_dst=0 alloc_xmap=0 alloc_mask=0 key_hash=0x9f3a2b1c4d5e6f70
2026-08-14T04:01:23.400000Z INFO actor{actor=seriko}: areka_seriko::looper: seriko: loop 抽選発火（再生開始・先頭コマから・要件 2.1/2.2） scope="0" slot=Shell animation_id=1400 k=4
2026-08-14T04:01:23.400000Z DEBUG actor{actor="emo-text"}: areka_emo_present::presenter::timing: perf(apply_show): 段階別計時 target_id=TargetId(0) surface_id=1000 cache_hit=true t_cache_us=80 t_compose_us=0 t_resample_us=0 t_mask_us=0 t_upload_us=40 t_total_us=120 alloc_compose_dst=0 alloc_resample_dst=0 alloc_xmap=0 alloc_mask=0 key_hash=0x9f3a2b1c4d5e6f70
2026-08-14T04:01:23.550000Z DEBUG actor{actor="emo-text"}: areka_emo_present::presenter::timing: perf(apply_show): 段階別計時 target_id=TargetId(0) surface_id=1000 cache_hit=true t_cache_us=80 t_compose_us=0 t_resample_us=0 t_mask_us=0 t_upload_us=40 t_total_us=120 alloc_compose_dst=0 alloc_resample_dst=0 alloc_xmap=0 alloc_mask=0 key_hash=0x9f3a2b1c4d5e6f70
2026-08-14T04:01:23.572000Z DEBUG actor{actor="emo-text"}: areka_emo_present::presenter::timing: perf(apply_show): 段階別計時 target_id=TargetId(0) surface_id=1000 cache_hit=true t_cache_us=80 t_compose_us=0 t_resample_us=0 t_mask_us=0 t_upload_us=40 t_total_us=120 alloc_compose_dst=0 alloc_resample_dst=0 alloc_xmap=0 alloc_mask=0 key_hash=0x9f3a2b1c4d5e6f70
2026-08-14T04:01:23.600000Z INFO actor{actor=seriko}: areka_seriko::looper: seriko: loop 抽選発火（再生開始・先頭コマから・要件 2.1/2.2） scope="0" slot=Shell animation_id=1400 k=4
2026-08-14T04:01:23.600000Z DEBUG actor{actor="emo-text"}: areka_emo_present::presenter::timing: perf(apply_show): 段階別計時 target_id=TargetId(0) surface_id=1000 cache_hit=true t_cache_us=80 t_compose_us=0 t_resample_us=0 t_mask_us=0 t_upload_us=40 t_total_us=120 alloc_compose_dst=0 alloc_resample_dst=0 alloc_xmap=0 alloc_mask=0 key_hash=0x9f3a2b1c4d5e6f70
2026-08-14T04:01:23.750000Z DEBUG actor{actor="emo-text"}: areka_emo_present::presenter::timing: perf(apply_show): 段階別計時 target_id=TargetId(0) surface_id=1000 cache_hit=true t_cache_us=80 t_compose_us=0 t_resample_us=0 t_mask_us=0 t_upload_us=40 t_total_us=120 alloc_compose_dst=0 alloc_resample_dst=0 alloc_xmap=0 alloc_mask=0 key_hash=0x9f3a2b1c4d5e6f70
2026-08-14T04:01:23.772000Z DEBUG actor{actor="emo-text"}: areka_emo_present::presenter::timing: perf(apply_show): 段階別計時 target_id=TargetId(0) surface_id=1000 cache_hit=true t_cache_us=80 t_compose_us=0 t_resample_us=0 t_mask_us=0 t_upload_us=40 t_total_us=120 alloc_compose_dst=0 alloc_resample_dst=0 alloc_xmap=0 alloc_mask=0 key_hash=0x9f3a2b1c4d5e6f70
2026-08-14T04:01:23.800000Z INFO actor{actor=seriko}: areka_seriko::looper: seriko: loop 抽選発火（再生開始・先頭コマから・要件 2.1/2.2） scope="0" slot=Shell animation_id=1400 k=4
2026-08-14T04:01:23.800000Z DEBUG actor{actor="emo-text"}: areka_emo_present::presenter::timing: perf(apply_show): 段階別計時 target_id=TargetId(0) surface_id=1000 cache_hit=true t_cache_us=80 t_compose_us=0 t_resample_us=0 t_mask_us=0 t_upload_us=40 t_total_us=120 alloc_compose_dst=0 alloc_resample_dst=0 alloc_xmap=0 alloc_mask=0 key_hash=0x9f3a2b1c4d5e6f70
2026-08-14T04:01:23.950000Z DEBUG actor{actor="emo-text"}: areka_emo_present::presenter::timing: perf(apply_show): 段階別計時 target_id=TargetId(0) surface_id=1000 cache_hit=true t_cache_us=80 t_compose_us=0 t_resample_us=0 t_mask_us=0 t_upload_us=40 t_total_us=120 alloc_compose_dst=0 alloc_resample_dst=0 alloc_xmap=0 alloc_mask=0 key_hash=0x9f3a2b1c4d5e6f70
2026-08-14T04:01:23.972000Z DEBUG actor{actor="emo-text"}: areka_emo_present::presenter::timing: perf(apply_show): 段階別計時 target_id=TargetId(0) surface_id=1000 cache_hit=true t_cache_us=80 t_compose_us=0 t_resample_us=0 t_mask_us=0 t_upload_us=40 t_total_us=120 alloc_compose_dst=0 alloc_resample_dst=0 alloc_xmap=0 alloc_mask=0 key_hash=0x9f3a2b1c4d5e6f70
2026-08-14T04:01:24.000000Z INFO actor{actor=seriko}: areka_seriko::looper: seriko: loop 抽選発火（再生開始・先頭コマから・要件 2.1/2.2） scope="0" slot=Shell animation_id=1400 k=4
2026-08-14T04:01:24.000000Z DEBUG actor{actor="emo-text"}: areka_emo_present::presenter::timing: perf(apply_show): 段階別計時 target_id=TargetId(0) surface_id=1000 cache_hit=true t_cache_us=80 t_compose_us=0 t_resample_us=0 t_mask_us=0 t_upload_us=40 t_total_us=120 alloc_compose_dst=0 alloc_resample_dst=0 alloc_xmap=0 alloc_mask=0 key_hash=0x9f3a2b1c4d5e6f70
2026-08-14T04:01:24.000000Z INFO actor{actor=seriko}: areka_seriko::looper: seriko: loop 抽選発火（再生開始・先頭コマから・要件 2.1/2.2） scope="0" slot=Shell animation_id=1402 k=4
2026-08-14T04:01:24.000000Z DEBUG actor{actor="emo-text"}: areka_emo_present::presenter::timing: perf(apply_show): 段階別計時 target_id=TargetId(0) surface_id=1000 cache_hit=true t_cache_us=80 t_compose_us=0 t_resample_us=0 t_mask_us=0 t_upload_us=40 t_total_us=120 alloc_compose_dst=0 alloc_resample_dst=0 alloc_xmap=0 alloc_mask=0 key_hash=0x9f3a2b1c4d5e6f70
2026-08-14T04:01:24.150000Z DEBUG actor{actor="emo-text"}: areka_emo_present::presenter::timing: perf(apply_show): 段階別計時 target_id=TargetId(0) surface_id=1000 cache_hit=true t_cache_us=80 t_compose_us=0 t_resample_us=0 t_mask_us=0 t_upload_us=40 t_total_us=120 alloc_compose_dst=0 alloc_resample_dst=0 alloc_xmap=0 alloc_mask=0 key_hash=0x9f3a2b1c4d5e6f70
2026-08-14T04:01:24.172000Z DEBUG actor{actor="emo-text"}: areka_emo_present::presenter::timing: perf(apply_show): 段階別計時 target_id=TargetId(0) surface_id=1000 cache_hit=true t_cache_us=80 t_compose_us=0 t_resample_us=0 t_mask_us=0 t_upload_us=40 t_total_us=120 alloc_compose_dst=0 alloc_resample_dst=0 alloc_xmap=0 alloc_mask=0 key_hash=0x9f3a2b1c4d5e6f70
2026-08-14T04:01:24.200000Z INFO actor{actor=seriko}: areka_seriko::looper: seriko: loop 抽選発火（再生開始・先頭コマから・要件 2.1/2.2） scope="0" slot=Shell animation_id=1400 k=4
2026-08-14T04:01:24.200000Z DEBUG actor{actor="emo-text"}: areka_emo_present::presenter::timing: perf(apply_show): 段階別計時 target_id=TargetId(0) surface_id=1000 cache_hit=true t_cache_us=80 t_compose_us=0 t_resample_us=0 t_mask_us=0 t_upload_us=40 t_total_us=120 alloc_compose_dst=0 alloc_resample_dst=0 alloc_xmap=0 alloc_mask=0 key_hash=0x9f3a2b1c4d5e6f70
2026-08-14T04:01:24.350000Z DEBUG actor{actor="emo-text"}: areka_emo_present::presenter::timing: perf(apply_show): 段階別計時 target_id=TargetId(0) surface_id=1000 cache_hit=true t_cache_us=80 t_compose_us=0 t_resample_us=0 t_mask_us=0 t_upload_us=40 t_total_us=120 alloc_compose_dst=0 alloc_resample_dst=0 alloc_xmap=0 alloc_mask=0 key_hash=0x9f3a2b1c4d5e6f70
2026-08-14T04:01:24.372000Z DEBUG actor{actor="emo-text"}: areka_emo_present::presenter::timing: perf(apply_show): 段階別計時 target_id=TargetId(0) surface_id=1000 cache_hit=true t_cache_us=80 t_compose_us=0 t_resample_us=0 t_mask_us=0 t_upload_us=40 t_total_us=120 alloc_compose_dst=0 alloc_resample_dst=0 alloc_xmap=0 alloc_mask=0 key_hash=0x9f3a2b1c4d5e6f70
2026-08-14T04:01:24.400000Z INFO actor{actor=seriko}: areka_seriko::looper: seriko: loop 抽選発火（再生開始・先頭コマから・要件 2.1/2.2） scope="0" slot=Shell animation_id=1400 k=4
2026-08-14T04:01:24.400000Z DEBUG actor{actor="emo-text"}: areka_emo_present::presenter::timing: perf(apply_show): 段階別計時 target_id=TargetId(0) surface_id=1000 cache_hit=true t_cache_us=80 t_compose_us=0 t_resample_us=0 t_mask_us=0 t_upload_us=40 t_total_us=120 alloc_compose_dst=0 alloc_resample_dst=0 alloc_xmap=0 alloc_mask=0 key_hash=0x9f3a2b1c4d5e6f70
2026-08-14T04:01:24.550000Z DEBUG actor{actor="emo-text"}: areka_emo_present::presenter::timing: perf(apply_show): 段階別計時 target_id=TargetId(0) surface_id=1000 cache_hit=true t_cache_us=80 t_compose_us=0 t_resample_us=0 t_mask_us=0 t_upload_us=40 t_total_us=120 alloc_compose_dst=0 alloc_resample_dst=0 alloc_xmap=0 alloc_mask=0 key_hash=0x9f3a2b1c4d5e6f70
2026-08-14T04:01:24.572000Z DEBUG actor{actor="emo-text"}: areka_emo_present::presenter::timing: perf(apply_show): 段階別計時 target_id=TargetId(0) surface_id=1000 cache_hit=true t_cache_us=80 t_compose_us=0 t_resample_us=0 t_mask_us=0 t_upload_us=40 t_total_us=120 alloc_compose_dst=0 alloc_resample_dst=0 alloc_xmap=0 alloc_mask=0 key_hash=0x9f3a2b1c4d5e6f70
2026-08-14T04:01:24.600000Z INFO actor{actor=seriko}: areka_seriko::looper: seriko: loop 抽選発火（再生開始・先頭コマから・要件 2.1/2.2） scope="0" slot=Shell animation_id=1400 k=4
2026-08-14T04:01:24.600000Z DEBUG actor{actor="emo-text"}: areka_emo_present::presenter::timing: perf(apply_show): 段階別計時 target_id=TargetId(0) surface_id=1000 cache_hit=true t_cache_us=80 t_compose_us=0 t_resample_us=0 t_mask_us=0 t_upload_us=40 t_total_us=120 alloc_compose_dst=0 alloc_resample_dst=0 alloc_xmap=0 alloc_mask=0 key_hash=0x9f3a2b1c4d5e6f70
2026-08-14T04:01:24.700000Z INFO actor{actor=seriko}: areka_seriko::looper: seriko: loop 抽選発火（再生開始・先頭コマから・要件 2.1/2.2） scope="0" slot=Shell animation_id=1402 k=4
2026-08-14T04:01:24.700000Z DEBUG actor{actor="emo-text"}: areka_emo_present::presenter::timing: perf(apply_show): 段階別計時 target_id=TargetId(0) surface_id=1000 cache_hit=true t_cache_us=80 t_compose_us=0 t_resample_us=0 t_mask_us=0 t_upload_us=40 t_total_us=120 alloc_compose_dst=0 alloc_resample_dst=0 alloc_xmap=0 alloc_mask=0 key_hash=0x9f3a2b1c4d5e6f70
2026-08-14T04:01:24.750000Z DEBUG actor{actor="emo-text"}: areka_emo_present::presenter::timing: perf(apply_show): 段階別計時 target_id=TargetId(0) surface_id=1000 cache_hit=true t_cache_us=80 t_compose_us=0 t_resample_us=0 t_mask_us=0 t_upload_us=40 t_total_us=120 alloc_compose_dst=0 alloc_resample_dst=0 alloc_xmap=0 alloc_mask=0 key_hash=0x9f3a2b1c4d5e6f70
2026-08-14T04:01:24.772000Z DEBUG actor{actor="emo-text"}: areka_emo_present::presenter::timing: perf(apply_show): 段階別計時 target_id=TargetId(0) surface_id=1000 cache_hit=true t_cache_us=80 t_compose_us=0 t_resample_us=0 t_mask_us=0 t_upload_us=40 t_total_us=120 alloc_compose_dst=0 alloc_resample_dst=0 alloc_xmap=0 alloc_mask=0 key_hash=0x9f3a2b1c4d5e6f70
2026-08-14T04:01:24.800000Z INFO actor{actor=seriko}: areka_seriko::looper: seriko: loop 抽選発火（再生開始・先頭コマから・要件 2.1/2.2） scope="0" slot=Shell animation_id=1400 k=4
2026-08-14T04:01:24.800000Z DEBUG actor{actor="emo-text"}: areka_emo_present::presenter::timing: perf(apply_show): 段階別計時 target_id=TargetId(0) surface_id=1000 cache_hit=true t_cache_us=80 t_compose_us=0 t_resample_us=0 t_mask_us=0 t_upload_us=40 t_total_us=120 alloc_compose_dst=0 alloc_resample_dst=0 alloc_xmap=0 alloc_mask=0 key_hash=0x9f3a2b1c4d5e6f70
2026-08-14T04:01:24.950000Z DEBUG actor{actor="emo-text"}: areka_emo_present::presenter::timing: perf(apply_show): 段階別計時 target_id=TargetId(0) surface_id=1000 cache_hit=true t_cache_us=80 t_compose_us=0 t_resample_us=0 t_mask_us=0 t_upload_us=40 t_total_us=120 alloc_compose_dst=0 alloc_resample_dst=0 alloc_xmap=0 alloc_mask=0 key_hash=0x9f3a2b1c4d5e6f70
2026-08-14T04:01:24.972000Z DEBUG actor{actor="emo-text"}: areka_emo_present::presenter::timing: perf(apply_show): 段階別計時 target_id=TargetId(0) surface_id=1000 cache_hit=true t_cache_us=80 t_compose_us=0 t_resample_us=0 t_mask_us=0 t_upload_us=40 t_total_us=120 alloc_compose_dst=0 alloc_resample_dst=0 alloc_xmap=0 alloc_mask=0 key_hash=0x9f3a2b1c4d5e6f70
2026-08-14T04:01:25.000000Z INFO actor{actor=seriko}: areka_seriko::looper: seriko: loop 抽選発火（再生開始・先頭コマから・要件 2.1/2.2） scope="0" slot=Shell animation_id=1400 k=4
2026-08-14T04:01:25.000000Z DEBUG actor{actor="emo-text"}: areka_emo_present::presenter::timing: perf(apply_show): 段階別計時 target_id=TargetId(0) surface_id=1000 cache_hit=true t_cache_us=80 t_compose_us=0 t_resample_us=0 t_mask_us=0 t_upload_us=40 t_total_us=120 alloc_compose_dst=0 alloc_resample_dst=0 alloc_xmap=0 alloc_mask=0 key_hash=0x9f3a2b1c4d5e6f70
2026-08-14T04:01:25.150000Z DEBUG actor{actor="emo-text"}: areka_emo_present::presenter::timing: perf(apply_show): 段階別計時 target_id=TargetId(0) surface_id=1000 cache_hit=true t_cache_us=80 t_compose_us=0 t_resample_us=0 t_mask_us=0 t_upload_us=40 t_total_us=120 alloc_compose_dst=0 alloc_resample_dst=0 alloc_xmap=0 alloc_mask=0 key_hash=0x9f3a2b1c4d5e6f70
2026-08-14T04:01:25.172000Z DEBUG actor{actor="emo-text"}: areka_emo_present::presenter::timing: perf(apply_show): 段階別計時 target_id=TargetId(0) surface_id=1000 cache_hit=true t_cache_us=80 t_compose_us=0 t_resample_us=0 t_mask_us=0 t_upload_us=40 t_total_us=120 alloc_compose_dst=0 alloc_resample_dst=0 alloc_xmap=0 alloc_mask=0 key_hash=0x9f3a2b1c4d5e6f70
2026-08-14T04:01:25.200000Z INFO actor{actor=seriko}: areka_seriko::looper: seriko: loop 抽選発火（再生開始・先頭コマから・要件 2.1/2.2） scope="0" slot=Shell animation_id=1400 k=4
2026-08-14T04:01:25.200000Z DEBUG actor{actor="emo-text"}: areka_emo_present::presenter::timing: perf(apply_show): 段階別計時 target_id=TargetId(0) surface_id=1000 cache_hit=true t_cache_us=80 t_compose_us=0 t_resample_us=0 t_mask_us=0 t_upload_us=40 t_total_us=120 alloc_compose_dst=0 alloc_resample_dst=0 alloc_xmap=0 alloc_mask=0 key_hash=0x9f3a2b1c4d5e6f70
2026-08-14T04:01:25.350000Z DEBUG actor{actor="emo-text"}: areka_emo_present::presenter::timing: perf(apply_show): 段階別計時 target_id=TargetId(0) surface_id=1000 cache_hit=true t_cache_us=80 t_compose_us=0 t_resample_us=0 t_mask_us=0 t_upload_us=40 t_total_us=120 alloc_compose_dst=0 alloc_resample_dst=0 alloc_xmap=0 alloc_mask=0 key_hash=0x9f3a2b1c4d5e6f70
2026-08-14T04:01:25.372000Z DEBUG actor{actor="emo-text"}: areka_emo_present::presenter::timing: perf(apply_show): 段階別計時 target_id=TargetId(0) surface_id=1000 cache_hit=true t_cache_us=80 t_compose_us=0 t_resample_us=0 t_mask_us=0 t_upload_us=40 t_total_us=120 alloc_compose_dst=0 alloc_resample_dst=0 alloc_xmap=0 alloc_mask=0 key_hash=0x9f3a2b1c4d5e6f70
2026-08-14T04:01:25.400000Z INFO actor{actor=seriko}: areka_seriko::looper: seriko: loop 抽選発火（再生開始・先頭コマから・要件 2.1/2.2） scope="0" slot=Shell animation_id=1400 k=4
2026-08-14T04:01:25.400000Z DEBUG actor{actor="emo-text"}: areka_emo_present::presenter::timing: perf(apply_show): 段階別計時 target_id=TargetId(0) surface_id=1000 cache_hit=true t_cache_us=80 t_compose_us=0 t_resample_us=0 t_mask_us=0 t_upload_us=40 t_total_us=120 alloc_compose_dst=0 alloc_resample_dst=0 alloc_xmap=0 alloc_mask=0 key_hash=0x9f3a2b1c4d5e6f70
2026-08-14T04:01:25.400000Z INFO actor{actor=seriko}: areka_seriko::looper: seriko: loop 抽選発火（再生開始・先頭コマから・要件 2.1/2.2） scope="0" slot=Shell animation_id=1402 k=4
2026-08-14T04:01:25.400000Z DEBUG actor{actor="emo-text"}: areka_emo_present::presenter::timing: perf(apply_show): 段階別計時 target_id=TargetId(0) surface_id=1000 cache_hit=true t_cache_us=80 t_compose_us=0 t_resample_us=0 t_mask_us=0 t_upload_us=40 t_total_us=120 alloc_compose_dst=0 alloc_resample_dst=0 alloc_xmap=0 alloc_mask=0 key_hash=0x9f3a2b1c4d5e6f70
2026-08-14T04:01:25.550000Z DEBUG actor{actor="emo-text"}: areka_emo_present::presenter::timing: perf(apply_show): 段階別計時 target_id=TargetId(0) surface_id=1000 cache_hit=true t_cache_us=80 t_compose_us=0 t_resample_us=0 t_mask_us=0 t_upload_us=40 t_total_us=120 alloc_compose_dst=0 alloc_resample_dst=0 alloc_xmap=0 alloc_mask=0 key_hash=0x9f3a2b1c4d5e6f70
2026-08-14T04:01:25.572000Z DEBUG actor{actor="emo-text"}: areka_emo_present::presenter::timing: perf(apply_show): 段階別計時 target_id=TargetId(0) surface_id=1000 cache_hit=true t_cache_us=80 t_compose_us=0 t_resample_us=0 t_mask_us=0 t_upload_us=40 t_total_us=120 alloc_compose_dst=0 alloc_resample_dst=0 alloc_xmap=0 alloc_mask=0 key_hash=0x9f3a2b1c4d5e6f70
2026-08-14T04:01:25.600000Z INFO actor{actor=seriko}: areka_seriko::looper: seriko: loop 抽選発火（再生開始・先頭コマから・要件 2.1/2.2） scope="0" slot=Shell animation_id=1400 k=4
2026-08-14T04:01:25.600000Z DEBUG actor{actor="emo-text"}: areka_emo_present::presenter::timing: perf(apply_show): 段階別計時 target_id=TargetId(0) surface_id=1000 cache_hit=true t_cache_us=80 t_compose_us=0 t_resample_us=0 t_mask_us=0 t_upload_us=40 t_total_us=120 alloc_compose_dst=0 alloc_resample_dst=0 alloc_xmap=0 alloc_mask=0 key_hash=0x9f3a2b1c4d5e6f70
2026-08-14T04:01:25.750000Z DEBUG actor{actor="emo-text"}: areka_emo_present::presenter::timing: perf(apply_show): 段階別計時 target_id=TargetId(0) surface_id=1000 cache_hit=true t_cache_us=80 t_compose_us=0 t_resample_us=0 t_mask_us=0 t_upload_us=40 t_total_us=120 alloc_compose_dst=0 alloc_resample_dst=0 alloc_xmap=0 alloc_mask=0 key_hash=0x9f3a2b1c4d5e6f70
2026-08-14T04:01:25.772000Z DEBUG actor{actor="emo-text"}: areka_emo_present::presenter::timing: perf(apply_show): 段階別計時 target_id=TargetId(0) surface_id=1000 cache_hit=true t_cache_us=80 t_compose_us=0 t_resample_us=0 t_mask_us=0 t_upload_us=40 t_total_us=120 alloc_compose_dst=0 alloc_resample_dst=0 alloc_xmap=0 alloc_mask=0 key_hash=0x9f3a2b1c4d5e6f70
2026-08-14T04:01:25.800000Z INFO actor{actor=seriko}: areka_seriko::looper: seriko: loop 抽選発火（再生開始・先頭コマから・要件 2.1/2.2） scope="0" slot=Shell animation_id=1400 k=4
2026-08-14T04:01:25.800000Z DEBUG actor{actor="emo-text"}: areka_emo_present::presenter::timing: perf(apply_show): 段階別計時 target_id=TargetId(0) surface_id=1000 cache_hit=true t_cache_us=80 t_compose_us=0 t_resample_us=0 t_mask_us=0 t_upload_us=40 t_total_us=120 alloc_compose_dst=0 alloc_resample_dst=0 alloc_xmap=0 alloc_mask=0 key_hash=0x9f3a2b1c4d5e6f70
2026-08-14T04:01:25.950000Z DEBUG actor{actor="emo-text"}: areka_emo_present::presenter::timing: perf(apply_show): 段階別計時 target_id=TargetId(0) surface_id=1000 cache_hit=true t_cache_us=80 t_compose_us=0 t_resample_us=0 t_mask_us=0 t_upload_us=40 t_total_us=120 alloc_compose_dst=0 alloc_resample_dst=0 alloc_xmap=0 alloc_mask=0 key_hash=0x9f3a2b1c4d5e6f70
2026-08-14T04:01:25.972000Z DEBUG actor{actor="emo-text"}: areka_emo_present::presenter::timing: perf(apply_show): 段階別計時 target_id=TargetId(0) surface_id=1000 cache_hit=true t_cache_us=80 t_compose_us=0 t_resample_us=0 t_mask_us=0 t_upload_us=40 t_total_us=120 alloc_compose_dst=0 alloc_resample_dst=0 alloc_xmap=0 alloc_mask=0 key_hash=0x9f3a2b1c4d5e6f70
2026-08-14T04:01:26.000000Z INFO actor{actor=seriko}: areka_seriko::looper: seriko: loop 抽選発火（再生開始・先頭コマから・要件 2.1/2.2） scope="0" slot=Shell animation_id=1400 k=4
2026-08-14T04:01:26.000000Z DEBUG actor{actor="emo-text"}: areka_emo_present::presenter::timing: perf(apply_show): 段階別計時 target_id=TargetId(0) surface_id=1000 cache_hit=true t_cache_us=80 t_compose_us=0 t_resample_us=0 t_mask_us=0 t_upload_us=40 t_total_us=120 alloc_compose_dst=0 alloc_resample_dst=0 alloc_xmap=0 alloc_mask=0 key_hash=0x9f3a2b1c4d5e6f70
2026-08-14T04:01:26.100000Z INFO actor{actor=seriko}: areka_seriko::looper: seriko: loop 抽選発火（再生開始・先頭コマから・要件 2.1/2.2） scope="0" slot=Shell animation_id=1402 k=4
2026-08-14T04:01:26.100000Z DEBUG actor{actor="emo-text"}: areka_emo_present::presenter::timing: perf(apply_show): 段階別計時 target_id=TargetId(0) surface_id=1000 cache_hit=true t_cache_us=80 t_compose_us=0 t_resample_us=0 t_mask_us=0 t_upload_us=40 t_total_us=120 alloc_compose_dst=0 alloc_resample_dst=0 alloc_xmap=0 alloc_mask=0 key_hash=0x9f3a2b1c4d5e6f70
2026-08-14T04:01:26.150000Z DEBUG actor{actor="emo-text"}: areka_emo_present::presenter::timing: perf(apply_show): 段階別計時 target_id=TargetId(0) surface_id=1000 cache_hit=true t_cache_us=80 t_compose_us=0 t_resample_us=0 t_mask_us=0 t_upload_us=40 t_total_us=120 alloc_compose_dst=0 alloc_resample_dst=0 alloc_xmap=0 alloc_mask=0 key_hash=0x9f3a2b1c4d5e6f70
2026-08-14T04:01:26.172000Z DEBUG actor{actor="emo-text"}: areka_emo_present::presenter::timing: perf(apply_show): 段階別計時 target_id=TargetId(0) surface_id=1000 cache_hit=true t_cache_us=80 t_compose_us=0 t_resample_us=0 t_mask_us=0 t_upload_us=40 t_total_us=120 alloc_compose_dst=0 alloc_resample_dst=0 alloc_xmap=0 alloc_mask=0 key_hash=0x9f3a2b1c4d5e6f70
2026-08-14T04:01:26.200000Z INFO actor{actor=seriko}: areka_seriko::looper: seriko: loop 抽選発火（再生開始・先頭コマから・要件 2.1/2.2） scope="0" slot=Shell animation_id=1400 k=4
2026-08-14T04:01:26.200000Z DEBUG actor{actor="emo-text"}: areka_emo_present::presenter::timing: perf(apply_show): 段階別計時 target_id=TargetId(0) surface_id=1000 cache_hit=true t_cache_us=80 t_compose_us=0 t_resample_us=0 t_mask_us=0 t_upload_us=40 t_total_us=120 alloc_compose_dst=0 alloc_resample_dst=0 alloc_xmap=0 alloc_mask=0 key_hash=0x9f3a2b1c4d5e6f70
2026-08-14T04:01:26.350000Z DEBUG actor{actor="emo-text"}: areka_emo_present::presenter::timing: perf(apply_show): 段階別計時 target_id=TargetId(0) surface_id=1000 cache_hit=true t_cache_us=80 t_compose_us=0 t_resample_us=0 t_mask_us=0 t_upload_us=40 t_total_us=120 alloc_compose_dst=0 alloc_resample_dst=0 alloc_xmap=0 alloc_mask=0 key_hash=0x9f3a2b1c4d5e6f70
2026-08-14T04:01:26.372000Z DEBUG actor{actor="emo-text"}: areka_emo_present::presenter::timing: perf(apply_show): 段階別計時 target_id=TargetId(0) surface_id=1000 cache_hit=true t_cache_us=80 t_compose_us=0 t_resample_us=0 t_mask_us=0 t_upload_us=40 t_total_us=120 alloc_compose_dst=0 alloc_resample_dst=0 alloc_xmap=0 alloc_mask=0 key_hash=0x9f3a2b1c4d5e6f70
2026-08-14T04:01:26.400000Z INFO actor{actor=seriko}: areka_seriko::looper: seriko: loop 抽選発火（再生開始・先頭コマから・要件 2.1/2.2） scope="0" slot=Shell animation_id=1400 k=4
2026-08-14T04:01:26.400000Z DEBUG actor{actor="emo-text"}: areka_emo_present::presenter::timing: perf(apply_show): 段階別計時 target_id=TargetId(0) surface_id=1000 cache_hit=true t_cache_us=80 t_compose_us=0 t_resample_us=0 t_mask_us=0 t_upload_us=40 t_total_us=120 alloc_compose_dst=0 alloc_resample_dst=0 alloc_xmap=0 alloc_mask=0 key_hash=0x9f3a2b1c4d5e6f70
2026-08-14T04:01:26.550000Z DEBUG actor{actor="emo-text"}: areka_emo_present::presenter::timing: perf(apply_show): 段階別計時 target_id=TargetId(0) surface_id=1000 cache_hit=true t_cache_us=80 t_compose_us=0 t_resample_us=0 t_mask_us=0 t_upload_us=40 t_total_us=120 alloc_compose_dst=0 alloc_resample_dst=0 alloc_xmap=0 alloc_mask=0 key_hash=0x9f3a2b1c4d5e6f70
2026-08-14T04:01:26.572000Z DEBUG actor{actor="emo-text"}: areka_emo_present::presenter::timing: perf(apply_show): 段階別計時 target_id=TargetId(0) surface_id=1000 cache_hit=true t_cache_us=80 t_compose_us=0 t_resample_us=0 t_mask_us=0 t_upload_us=40 t_total_us=120 alloc_compose_dst=0 alloc_resample_dst=0 alloc_xmap=0 alloc_mask=0 key_hash=0x9f3a2b1c4d5e6f70
2026-08-14T04:01:26.600000Z INFO actor{actor=seriko}: areka_seriko::looper: seriko: loop 抽選発火（再生開始・先頭コマから・要件 2.1/2.2） scope="0" slot=Shell animation_id=1400 k=4
2026-08-14T04:01:26.600000Z DEBUG actor{actor="emo-text"}: areka_emo_present::presenter::timing: perf(apply_show): 段階別計時 target_id=TargetId(0) surface_id=1000 cache_hit=true t_cache_us=80 t_compose_us=0 t_resample_us=0 t_mask_us=0 t_upload_us=40 t_total_us=120 alloc_compose_dst=0 alloc_resample_dst=0 alloc_xmap=0 alloc_mask=0 key_hash=0x9f3a2b1c4d5e6f70
2026-08-14T04:01:26.750000Z DEBUG actor{actor="emo-text"}: areka_emo_present::presenter::timing: perf(apply_show): 段階別計時 target_id=TargetId(0) surface_id=1000 cache_hit=true t_cache_us=80 t_compose_us=0 t_resample_us=0 t_mask_us=0 t_upload_us=40 t_total_us=120 alloc_compose_dst=0 alloc_resample_dst=0 alloc_xmap=0 alloc_mask=0 key_hash=0x9f3a2b1c4d5e6f70
2026-08-14T04:01:26.772000Z DEBUG actor{actor="emo-text"}: areka_emo_present::presenter::timing: perf(apply_show): 段階別計時 target_id=TargetId(0) surface_id=1000 cache_hit=true t_cache_us=80 t_compose_us=0 t_resample_us=0 t_mask_us=0 t_upload_us=40 t_total_us=120 alloc_compose_dst=0 alloc_resample_dst=0 alloc_xmap=0 alloc_mask=0 key_hash=0x9f3a2b1c4d5e6f70
2026-08-14T04:01:26.800000Z INFO actor{actor=seriko}: areka_seriko::looper: seriko: loop 抽選発火（再生開始・先頭コマから・要件 2.1/2.2） scope="0" slot=Shell animation_id=1400 k=4
2026-08-14T04:01:26.800000Z DEBUG actor{actor="emo-text"}: areka_emo_present::presenter::timing: perf(apply_show): 段階別計時 target_id=TargetId(0) surface_id=1000 cache_hit=true t_cache_us=80 t_compose_us=0 t_resample_us=0 t_mask_us=0 t_upload_us=40 t_total_us=120 alloc_compose_dst=0 alloc_resample_dst=0 alloc_xmap=0 alloc_mask=0 key_hash=0x9f3a2b1c4d5e6f70
2026-08-14T04:01:26.800000Z INFO actor{actor=seriko}: areka_seriko::looper: seriko: loop 抽選発火（再生開始・先頭コマから・要件 2.1/2.2） scope="0" slot=Shell animation_id=1402 k=4
2026-08-14T04:01:26.800000Z DEBUG actor{actor="emo-text"}: areka_emo_present::presenter::timing: perf(apply_show): 段階別計時 target_id=TargetId(0) surface_id=1000 cache_hit=true t_cache_us=80 t_compose_us=0 t_resample_us=0 t_mask_us=0 t_upload_us=40 t_total_us=120 alloc_compose_dst=0 alloc_resample_dst=0 alloc_xmap=0 alloc_mask=0 key_hash=0x9f3a2b1c4d5e6f70
2026-08-14T04:01:26.950000Z DEBUG actor{actor="emo-text"}: areka_emo_present::presenter::timing: perf(apply_show): 段階別計時 target_id=TargetId(0) surface_id=1000 cache_hit=true t_cache_us=80 t_compose_us=0 t_resample_us=0 t_mask_us=0 t_upload_us=40 t_total_us=120 alloc_compose_dst=0 alloc_resample_dst=0 alloc_xmap=0 alloc_mask=0 key_hash=0x9f3a2b1c4d5e6f70
2026-08-14T04:01:26.972000Z DEBUG actor{actor="emo-text"}: areka_emo_present::presenter::timing: perf(apply_show): 段階別計時 target_id=TargetId(0) surface_id=1000 cache_hit=true t_cache_us=80 t_compose_us=0 t_resample_us=0 t_mask_us=0 t_upload_us=40 t_total_us=120 alloc_compose_dst=0 alloc_resample_dst=0 alloc_xmap=0 alloc_mask=0 key_hash=0x9f3a2b1c4d5e6f70
2026-08-14T04:01:27.000000Z INFO actor{actor=seriko}: areka_seriko::looper: seriko: loop 抽選発火（再生開始・先頭コマから・要件 2.1/2.2） scope="0" slot=Shell animation_id=1400 k=4
2026-08-14T04:01:27.000000Z DEBUG actor{actor="emo-text"}: areka_emo_present::presenter::timing: perf(apply_show): 段階別計時 target_id=TargetId(0) surface_id=1000 cache_hit=true t_cache_us=80 t_compose_us=0 t_resample_us=0 t_mask_us=0 t_upload_us=40 t_total_us=120 alloc_compose_dst=0 alloc_resample_dst=0 alloc_xmap=0 alloc_mask=0 key_hash=0x9f3a2b1c4d5e6f70
2026-08-14T04:01:27.150000Z DEBUG actor{actor="emo-text"}: areka_emo_present::presenter::timing: perf(apply_show): 段階別計時 target_id=TargetId(0) surface_id=1000 cache_hit=true t_cache_us=80 t_compose_us=0 t_resample_us=0 t_mask_us=0 t_upload_us=40 t_total_us=120 alloc_compose_dst=0 alloc_resample_dst=0 alloc_xmap=0 alloc_mask=0 key_hash=0x9f3a2b1c4d5e6f70
2026-08-14T04:01:27.172000Z DEBUG actor{actor="emo-text"}: areka_emo_present::presenter::timing: perf(apply_show): 段階別計時 target_id=TargetId(0) surface_id=1000 cache_hit=true t_cache_us=80 t_compose_us=0 t_resample_us=0 t_mask_us=0 t_upload_us=40 t_total_us=120 alloc_compose_dst=0 alloc_resample_dst=0 alloc_xmap=0 alloc_mask=0 key_hash=0x9f3a2b1c4d5e6f70
2026-08-14T04:01:27.200000Z INFO actor{actor=seriko}: areka_seriko::looper: seriko: loop 抽選発火（再生開始・先頭コマから・要件 2.1/2.2） scope="0" slot=Shell animation_id=1400 k=4
2026-08-14T04:01:27.200000Z DEBUG actor{actor="emo-text"}: areka_emo_present::presenter::timing: perf(apply_show): 段階別計時 target_id=TargetId(0) surface_id=1000 cache_hit=true t_cache_us=80 t_compose_us=0 t_resample_us=0 t_mask_us=0 t_upload_us=40 t_total_us=120 alloc_compose_dst=0 alloc_resample_dst=0 alloc_xmap=0 alloc_mask=0 key_hash=0x9f3a2b1c4d5e6f70
2026-08-14T04:01:27.350000Z DEBUG actor{actor="emo-text"}: areka_emo_present::presenter::timing: perf(apply_show): 段階別計時 target_id=TargetId(0) surface_id=1000 cache_hit=true t_cache_us=80 t_compose_us=0 t_resample_us=0 t_mask_us=0 t_upload_us=40 t_total_us=120 alloc_compose_dst=0 alloc_resample_dst=0 alloc_xmap=0 alloc_mask=0 key_hash=0x9f3a2b1c4d5e6f70
2026-08-14T04:01:27.372000Z DEBUG actor{actor="emo-text"}: areka_emo_present::presenter::timing: perf(apply_show): 段階別計時 target_id=TargetId(0) surface_id=1000 cache_hit=true t_cache_us=80 t_compose_us=0 t_resample_us=0 t_mask_us=0 t_upload_us=40 t_total_us=120 alloc_compose_dst=0 alloc_resample_dst=0 alloc_xmap=0 alloc_mask=0 key_hash=0x9f3a2b1c4d5e6f70
2026-08-14T04:01:27.400000Z INFO actor{actor=seriko}: areka_seriko::looper: seriko: loop 抽選発火（再生開始・先頭コマから・要件 2.1/2.2） scope="0" slot=Shell animation_id=1400 k=4
2026-08-14T04:01:27.400000Z DEBUG actor{actor="emo-text"}: areka_emo_present::presenter::timing: perf(apply_show): 段階別計時 target_id=TargetId(0) surface_id=1000 cache_hit=true t_cache_us=80 t_compose_us=0 t_resample_us=0 t_mask_us=0 t_upload_us=40 t_total_us=120 alloc_compose_dst=0 alloc_resample_dst=0 alloc_xmap=0 alloc_mask=0 key_hash=0x9f3a2b1c4d5e6f70
2026-08-14T04:01:27.500000Z INFO actor{actor=seriko}: areka_seriko::looper: seriko: loop 抽選発火（再生開始・先頭コマから・要件 2.1/2.2） scope="0" slot=Shell animation_id=1402 k=4
2026-08-14T04:01:27.500000Z DEBUG actor{actor="emo-text"}: areka_emo_present::presenter::timing: perf(apply_show): 段階別計時 target_id=TargetId(0) surface_id=1000 cache_hit=true t_cache_us=80 t_compose_us=0 t_resample_us=0 t_mask_us=0 t_upload_us=40 t_total_us=120 alloc_compose_dst=0 alloc_resample_dst=0 alloc_xmap=0 alloc_mask=0 key_hash=0x9f3a2b1c4d5e6f70
2026-08-14T04:01:27.550000Z DEBUG actor{actor="emo-text"}: areka_emo_present::presenter::timing: perf(apply_show): 段階別計時 target_id=TargetId(0) surface_id=1000 cache_hit=true t_cache_us=80 t_compose_us=0 t_resample_us=0 t_mask_us=0 t_upload_us=40 t_total_us=120 alloc_compose_dst=0 alloc_resample_dst=0 alloc_xmap=0 alloc_mask=0 key_hash=0x9f3a2b1c4d5e6f70
2026-08-14T04:01:27.572000Z DEBUG actor{actor="emo-text"}: areka_emo_present::presenter::timing: perf(apply_show): 段階別計時 target_id=TargetId(0) surface_id=1000 cache_hit=true t_cache_us=80 t_compose_us=0 t_resample_us=0 t_mask_us=0 t_upload_us=40 t_total_us=120 alloc_compose_dst=0 alloc_resample_dst=0 alloc_xmap=0 alloc_mask=0 key_hash=0x9f3a2b1c4d5e6f70
2026-08-14T04:01:27.600000Z INFO actor{actor=seriko}: areka_seriko::looper: seriko: loop 抽選発火（再生開始・先頭コマから・要件 2.1/2.2） scope="0" slot=Shell animation_id=1400 k=4
2026-08-14T04:01:27.600000Z DEBUG actor{actor="emo-text"}: areka_emo_present::presenter::timing: perf(apply_show): 段階別計時 target_id=TargetId(0) surface_id=1000 cache_hit=true t_cache_us=80 t_compose_us=0 t_resample_us=0 t_mask_us=0 t_upload_us=40 t_total_us=120 alloc_compose_dst=0 alloc_resample_dst=0 alloc_xmap=0 alloc_mask=0 key_hash=0x9f3a2b1c4d5e6f70
2026-08-14T04:01:27.750000Z DEBUG actor{actor="emo-text"}: areka_emo_present::presenter::timing: perf(apply_show): 段階別計時 target_id=TargetId(0) surface_id=1000 cache_hit=true t_cache_us=80 t_compose_us=0 t_resample_us=0 t_mask_us=0 t_upload_us=40 t_total_us=120 alloc_compose_dst=0 alloc_resample_dst=0 alloc_xmap=0 alloc_mask=0 key_hash=0x9f3a2b1c4d5e6f70
2026-08-14T04:01:27.772000Z DEBUG actor{actor="emo-text"}: areka_emo_present::presenter::timing: perf(apply_show): 段階別計時 target_id=TargetId(0) surface_id=1000 cache_hit=true t_cache_us=80 t_compose_us=0 t_resample_us=0 t_mask_us=0 t_upload_us=40 t_total_us=120 alloc_compose_dst=0 alloc_resample_dst=0 alloc_xmap=0 alloc_mask=0 key_hash=0x9f3a2b1c4d5e6f70
2026-08-14T04:01:27.800000Z INFO actor{actor=seriko}: areka_seriko::looper: seriko: loop 抽選発火（再生開始・先頭コマから・要件 2.1/2.2） scope="0" slot=Shell animation_id=1400 k=4
2026-08-14T04:01:27.800000Z DEBUG actor{actor="emo-text"}: areka_emo_present::presenter::timing: perf(apply_show): 段階別計時 target_id=TargetId(0) surface_id=1000 cache_hit=true t_cache_us=80 t_compose_us=0 t_resample_us=0 t_mask_us=0 t_upload_us=40 t_total_us=120 alloc_compose_dst=0 alloc_resample_dst=0 alloc_xmap=0 alloc_mask=0 key_hash=0x9f3a2b1c4d5e6f70
2026-08-14T04:01:27.950000Z DEBUG actor{actor="emo-text"}: areka_emo_present::presenter::timing: perf(apply_show): 段階別計時 target_id=TargetId(0) surface_id=1000 cache_hit=true t_cache_us=80 t_compose_us=0 t_resample_us=0 t_mask_us=0 t_upload_us=40 t_total_us=120 alloc_compose_dst=0 alloc_resample_dst=0 alloc_xmap=0 alloc_mask=0 key_hash=0x9f3a2b1c4d5e6f70
2026-08-14T04:01:27.972000Z DEBUG actor{actor="emo-text"}: areka_emo_present::presenter::timing: perf(apply_show): 段階別計時 target_id=TargetId(0) surface_id=1000 cache_hit=true t_cache_us=80 t_compose_us=0 t_resample_us=0 t_mask_us=0 t_upload_us=40 t_total_us=120 alloc_compose_dst=0 alloc_resample_dst=0 alloc_xmap=0 alloc_mask=0 key_hash=0x9f3a2b1c4d5e6f70
2026-08-14T04:01:28.000000Z INFO actor{actor=seriko}: areka_seriko::looper: seriko: loop 抽選発火（再生開始・先頭コマから・要件 2.1/2.2） scope="0" slot=Shell animation_id=1400 k=4
2026-08-14T04:01:28.000000Z DEBUG actor{actor="emo-text"}: areka_emo_present::presenter::timing: perf(apply_show): 段階別計時 target_id=TargetId(0) surface_id=1000 cache_hit=true t_cache_us=80 t_compose_us=0 t_resample_us=0 t_mask_us=0 t_upload_us=40 t_total_us=120 alloc_compose_dst=0 alloc_resample_dst=0 alloc_xmap=0 alloc_mask=0 key_hash=0x9f3a2b1c4d5e6f70
2026-08-14T04:01:28.150000Z DEBUG actor{actor="emo-text"}: areka_emo_present::presenter::timing: perf(apply_show): 段階別計時 target_id=TargetId(0) surface_id=1000 cache_hit=true t_cache_us=80 t_compose_us=0 t_resample_us=0 t_mask_us=0 t_upload_us=40 t_total_us=120 alloc_compose_dst=0 alloc_resample_dst=0 alloc_xmap=0 alloc_mask=0 key_hash=0x9f3a2b1c4d5e6f70
2026-08-14T04:01:28.172000Z DEBUG actor{actor="emo-text"}: areka_emo_present::presenter::timing: perf(apply_show): 段階別計時 target_id=TargetId(0) surface_id=1000 cache_hit=true t_cache_us=80 t_compose_us=0 t_resample_us=0 t_mask_us=0 t_upload_us=40 t_total_us=120 alloc_compose_dst=0 alloc_resample_dst=0 alloc_xmap=0 alloc_mask=0 key_hash=0x9f3a2b1c4d5e6f70
2026-08-14T04:01:28.200000Z INFO actor{actor=seriko}: areka_seriko::looper: seriko: loop 抽選発火（再生開始・先頭コマから・要件 2.1/2.2） scope="0" slot=Shell animation_id=1400 k=4
2026-08-14T04:01:28.200000Z DEBUG actor{actor="emo-text"}: areka_emo_present::presenter::timing: perf(apply_show): 段階別計時 target_id=TargetId(0) surface_id=1000 cache_hit=true t_cache_us=80 t_compose_us=0 t_resample_us=0 t_mask_us=0 t_upload_us=40 t_total_us=120 alloc_compose_dst=0 alloc_resample_dst=0 alloc_xmap=0 alloc_mask=0 key_hash=0x9f3a2b1c4d5e6f70
2026-08-14T04:01:28.200000Z INFO actor{actor=seriko}: areka_seriko::looper: seriko: loop 抽選発火（再生開始・先頭コマから・要件 2.1/2.2） scope="0" slot=Shell animation_id=1402 k=4
2026-08-14T04:01:28.200000Z DEBUG actor{actor="emo-text"}: areka_emo_present::presenter::timing: perf(apply_show): 段階別計時 target_id=TargetId(0) surface_id=1000 cache_hit=true t_cache_us=80 t_compose_us=0 t_resample_us=0 t_mask_us=0 t_upload_us=40 t_total_us=120 alloc_compose_dst=0 alloc_resample_dst=0 alloc_xmap=0 alloc_mask=0 key_hash=0x9f3a2b1c4d5e6f70
2026-08-14T04:01:28.350000Z DEBUG actor{actor="emo-text"}: areka_emo_present::presenter::timing: perf(apply_show): 段階別計時 target_id=TargetId(0) surface_id=1000 cache_hit=true t_cache_us=80 t_compose_us=0 t_resample_us=0 t_mask_us=0 t_upload_us=40 t_total_us=120 alloc_compose_dst=0 alloc_resample_dst=0 alloc_xmap=0 alloc_mask=0 key_hash=0x9f3a2b1c4d5e6f70
2026-08-14T04:01:28.372000Z DEBUG actor{actor="emo-text"}: areka_emo_present::presenter::timing: perf(apply_show): 段階別計時 target_id=TargetId(0) surface_id=1000 cache_hit=true t_cache_us=80 t_compose_us=0 t_resample_us=0 t_mask_us=0 t_upload_us=40 t_total_us=120 alloc_compose_dst=0 alloc_resample_dst=0 alloc_xmap=0 alloc_mask=0 key_hash=0x9f3a2b1c4d5e6f70
2026-08-14T04:01:28.400000Z INFO actor{actor=seriko}: areka_seriko::looper: seriko: loop 抽選発火（再生開始・先頭コマから・要件 2.1/2.2） scope="0" slot=Shell animation_id=1400 k=4
2026-08-14T04:01:28.400000Z DEBUG actor{actor="emo-text"}: areka_emo_present::presenter::timing: perf(apply_show): 段階別計時 target_id=TargetId(0) surface_id=1000 cache_hit=true t_cache_us=80 t_compose_us=0 t_resample_us=0 t_mask_us=0 t_upload_us=40 t_total_us=120 alloc_compose_dst=0 alloc_resample_dst=0 alloc_xmap=0 alloc_mask=0 key_hash=0x9f3a2b1c4d5e6f70
2026-08-14T04:01:28.550000Z DEBUG actor{actor="emo-text"}: areka_emo_present::presenter::timing: perf(apply_show): 段階別計時 target_id=TargetId(0) surface_id=1000 cache_hit=true t_cache_us=80 t_compose_us=0 t_resample_us=0 t_mask_us=0 t_upload_us=40 t_total_us=120 alloc_compose_dst=0 alloc_resample_dst=0 alloc_xmap=0 alloc_mask=0 key_hash=0x9f3a2b1c4d5e6f70
2026-08-14T04:01:28.572000Z DEBUG actor{actor="emo-text"}: areka_emo_present::presenter::timing: perf(apply_show): 段階別計時 target_id=TargetId(0) surface_id=1000 cache_hit=true t_cache_us=80 t_compose_us=0 t_resample_us=0 t_mask_us=0 t_upload_us=40 t_total_us=120 alloc_compose_dst=0 alloc_resample_dst=0 alloc_xmap=0 alloc_mask=0 key_hash=0x9f3a2b1c4d5e6f70
2026-08-14T04:01:28.600000Z INFO actor{actor=seriko}: areka_seriko::looper: seriko: loop 抽選発火（再生開始・先頭コマから・要件 2.1/2.2） scope="0" slot=Shell animation_id=1400 k=4
2026-08-14T04:01:28.600000Z DEBUG actor{actor="emo-text"}: areka_emo_present::presenter::timing: perf(apply_show): 段階別計時 target_id=TargetId(0) surface_id=1000 cache_hit=true t_cache_us=80 t_compose_us=0 t_resample_us=0 t_mask_us=0 t_upload_us=40 t_total_us=120 alloc_compose_dst=0 alloc_resample_dst=0 alloc_xmap=0 alloc_mask=0 key_hash=0x9f3a2b1c4d5e6f70
2026-08-14T04:01:28.750000Z DEBUG actor{actor="emo-text"}: areka_emo_present::presenter::timing: perf(apply_show): 段階別計時 target_id=TargetId(0) surface_id=1000 cache_hit=true t_cache_us=80 t_compose_us=0 t_resample_us=0 t_mask_us=0 t_upload_us=40 t_total_us=120 alloc_compose_dst=0 alloc_resample_dst=0 alloc_xmap=0 alloc_mask=0 key_hash=0x9f3a2b1c4d5e6f70
2026-08-14T04:01:28.772000Z DEBUG actor{actor="emo-text"}: areka_emo_present::presenter::timing: perf(apply_show): 段階別計時 target_id=TargetId(0) surface_id=1000 cache_hit=true t_cache_us=80 t_compose_us=0 t_resample_us=0 t_mask_us=0 t_upload_us=40 t_total_us=120 alloc_compose_dst=0 alloc_resample_dst=0 alloc_xmap=0 alloc_mask=0 key_hash=0x9f3a2b1c4d5e6f70
2026-08-14T04:01:28.800000Z INFO actor{actor=seriko}: areka_seriko::looper: seriko: loop 抽選発火（再生開始・先頭コマから・要件 2.1/2.2） scope="0" slot=Shell animation_id=1400 k=4
2026-08-14T04:01:28.800000Z DEBUG actor{actor="emo-text"}: areka_emo_present::presenter::timing: perf(apply_show): 段階別計時 target_id=TargetId(0) surface_id=1000 cache_hit=true t_cache_us=80 t_compose_us=0 t_resample_us=0 t_mask_us=0 t_upload_us=40 t_total_us=120 alloc_compose_dst=0 alloc_resample_dst=0 alloc_xmap=0 alloc_mask=0 key_hash=0x9f3a2b1c4d5e6f70
2026-08-14T04:01:28.900000Z INFO actor{actor=seriko}: areka_seriko::looper: seriko: loop 抽選発火（再生開始・先頭コマから・要件 2.1/2.2） scope="0" slot=Shell animation_id=1402 k=4
2026-08-14T04:01:28.900000Z DEBUG actor{actor="emo-text"}: areka_emo_present::presenter::timing: perf(apply_show): 段階別計時 target_id=TargetId(0) surface_id=1000 cache_hit=true t_cache_us=80 t_compose_us=0 t_resample_us=0 t_mask_us=0 t_upload_us=40 t_total_us=120 alloc_compose_dst=0 alloc_resample_dst=0 alloc_xmap=0 alloc_mask=0 key_hash=0x9f3a2b1c4d5e6f70
2026-08-14T04:01:28.950000Z DEBUG actor{actor="emo-text"}: areka_emo_present::presenter::timing: perf(apply_show): 段階別計時 target_id=TargetId(0) surface_id=1000 cache_hit=true t_cache_us=80 t_compose_us=0 t_resample_us=0 t_mask_us=0 t_upload_us=40 t_total_us=120 alloc_compose_dst=0 alloc_resample_dst=0 alloc_xmap=0 alloc_mask=0 key_hash=0x9f3a2b1c4d5e6f70
2026-08-14T04:01:28.972000Z DEBUG actor{actor="emo-text"}: areka_emo_present::presenter::timing: perf(apply_show): 段階別計時 target_id=TargetId(0) surface_id=1000 cache_hit=true t_cache_us=80 t_compose_us=0 t_resample_us=0 t_mask_us=0 t_upload_us=40 t_total_us=120 alloc_compose_dst=0 alloc_resample_dst=0 alloc_xmap=0 alloc_mask=0 key_hash=0x9f3a2b1c4d5e6f70
2026-08-14T04:01:29.000000Z INFO actor{actor=seriko}: areka_seriko::looper: seriko: loop 抽選発火（再生開始・先頭コマから・要件 2.1/2.2） scope="0" slot=Shell animation_id=1400 k=4
2026-08-14T04:01:29.000000Z DEBUG actor{actor="emo-text"}: areka_emo_present::presenter::timing: perf(apply_show): 段階別計時 target_id=TargetId(0) surface_id=1000 cache_hit=true t_cache_us=80 t_compose_us=0 t_resample_us=0 t_mask_us=0 t_upload_us=40 t_total_us=120 alloc_compose_dst=0 alloc_resample_dst=0 alloc_xmap=0 alloc_mask=0 key_hash=0x9f3a2b1c4d5e6f70
2026-08-14T04:01:29.150000Z DEBUG actor{actor="emo-text"}: areka_emo_present::presenter::timing: perf(apply_show): 段階別計時 target_id=TargetId(0) surface_id=1000 cache_hit=true t_cache_us=80 t_compose_us=0 t_resample_us=0 t_mask_us=0 t_upload_us=40 t_total_us=120 alloc_compose_dst=0 alloc_resample_dst=0 alloc_xmap=0 alloc_mask=0 key_hash=0x9f3a2b1c4d5e6f70
2026-08-14T04:01:29.172000Z DEBUG actor{actor="emo-text"}: areka_emo_present::presenter::timing: perf(apply_show): 段階別計時 target_id=TargetId(0) surface_id=1000 cache_hit=true t_cache_us=80 t_compose_us=0 t_resample_us=0 t_mask_us=0 t_upload_us=40 t_total_us=120 alloc_compose_dst=0 alloc_resample_dst=0 alloc_xmap=0 alloc_mask=0 key_hash=0x9f3a2b1c4d5e6f70
2026-08-14T04:01:29.200000Z INFO actor{actor=seriko}: areka_seriko::looper: seriko: loop 抽選発火（再生開始・先頭コマから・要件 2.1/2.2） scope="0" slot=Shell animation_id=1400 k=4
2026-08-14T04:01:29.200000Z DEBUG actor{actor="emo-text"}: areka_emo_present::presenter::timing: perf(apply_show): 段階別計時 target_id=TargetId(0) surface_id=1000 cache_hit=true t_cache_us=80 t_compose_us=0 t_resample_us=0 t_mask_us=0 t_upload_us=40 t_total_us=120 alloc_compose_dst=0 alloc_resample_dst=0 alloc_xmap=0 alloc_mask=0 key_hash=0x9f3a2b1c4d5e6f70
2026-08-14T04:01:29.350000Z DEBUG actor{actor="emo-text"}: areka_emo_present::presenter::timing: perf(apply_show): 段階別計時 target_id=TargetId(0) surface_id=1000 cache_hit=true t_cache_us=80 t_compose_us=0 t_resample_us=0 t_mask_us=0 t_upload_us=40 t_total_us=120 alloc_compose_dst=0 alloc_resample_dst=0 alloc_xmap=0 alloc_mask=0 key_hash=0x9f3a2b1c4d5e6f70
2026-08-14T04:01:29.372000Z DEBUG actor{actor="emo-text"}: areka_emo_present::presenter::timing: perf(apply_show): 段階別計時 target_id=TargetId(0) surface_id=1000 cache_hit=true t_cache_us=80 t_compose_us=0 t_resample_us=0 t_mask_us=0 t_upload_us=40 t_total_us=120 alloc_compose_dst=0 alloc_resample_dst=0 alloc_xmap=0 alloc_mask=0 key_hash=0x9f3a2b1c4d5e6f70
2026-08-14T04:01:29.400000Z INFO actor{actor=seriko}: areka_seriko::looper: seriko: loop 抽選発火（再生開始・先頭コマから・要件 2.1/2.2） scope="0" slot=Shell animation_id=1400 k=4
2026-08-14T04:01:29.400000Z DEBUG actor{actor="emo-text"}: areka_emo_present::presenter::timing: perf(apply_show): 段階別計時 target_id=TargetId(0) surface_id=1000 cache_hit=true t_cache_us=80 t_compose_us=0 t_resample_us=0 t_mask_us=0 t_upload_us=40 t_total_us=120 alloc_compose_dst=0 alloc_resample_dst=0 alloc_xmap=0 alloc_mask=0 key_hash=0x9f3a2b1c4d5e6f70
2026-08-14T04:01:29.550000Z DEBUG actor{actor="emo-text"}: areka_emo_present::presenter::timing: perf(apply_show): 段階別計時 target_id=TargetId(0) surface_id=1000 cache_hit=true t_cache_us=80 t_compose_us=0 t_resample_us=0 t_mask_us=0 t_upload_us=40 t_total_us=120 alloc_compose_dst=0 alloc_resample_dst=0 alloc_xmap=0 alloc_mask=0 key_hash=0x9f3a2b1c4d5e6f70
2026-08-14T04:01:29.572000Z DEBUG actor{actor="emo-text"}: areka_emo_present::presenter::timing: perf(apply_show): 段階別計時 target_id=TargetId(0) surface_id=1000 cache_hit=true t_cache_us=80 t_compose_us=0 t_resample_us=0 t_mask_us=0 t_upload_us=40 t_total_us=120 alloc_compose_dst=0 alloc_resample_dst=0 alloc_xmap=0 alloc_mask=0 key_hash=0x9f3a2b1c4d5e6f70
2026-08-14T04:01:29.600000Z INFO actor{actor=seriko}: areka_seriko::looper: seriko: loop 抽選発火（再生開始・先頭コマから・要件 2.1/2.2） scope="0" slot=Shell animation_id=1400 k=4
2026-08-14T04:01:29.600000Z DEBUG actor{actor="emo-text"}: areka_emo_present::presenter::timing: perf(apply_show): 段階別計時 target_id=TargetId(0) surface_id=1000 cache_hit=true t_cache_us=80 t_compose_us=0 t_resample_us=0 t_mask_us=0 t_upload_us=40 t_total_us=120 alloc_compose_dst=0 alloc_resample_dst=0 alloc_xmap=0 alloc_mask=0 key_hash=0x9f3a2b1c4d5e6f70
2026-08-14T04:01:29.600000Z INFO actor{actor=seriko}: areka_seriko::looper: seriko: loop 抽選発火（再生開始・先頭コマから・要件 2.1/2.2） scope="0" slot=Shell animation_id=1402 k=4
2026-08-14T04:01:29.600000Z DEBUG actor{actor="emo-text"}: areka_emo_present::presenter::timing: perf(apply_show): 段階別計時 target_id=TargetId(0) surface_id=1000 cache_hit=true t_cache_us=80 t_compose_us=0 t_resample_us=0 t_mask_us=0 t_upload_us=40 t_total_us=120 alloc_compose_dst=0 alloc_resample_dst=0 alloc_xmap=0 alloc_mask=0 key_hash=0x9f3a2b1c4d5e6f70
2026-08-14T04:01:29.750000Z DEBUG actor{actor="emo-text"}: areka_emo_present::presenter::timing: perf(apply_show): 段階別計時 target_id=TargetId(0) surface_id=1000 cache_hit=true t_cache_us=80 t_compose_us=0 t_resample_us=0 t_mask_us=0 t_upload_us=40 t_total_us=120 alloc_compose_dst=0 alloc_resample_dst=0 alloc_xmap=0 alloc_mask=0 key_hash=0x9f3a2b1c4d5e6f70
2026-08-14T04:01:29.772000Z DEBUG actor{actor="emo-text"}: areka_emo_present::presenter::timing: perf(apply_show): 段階別計時 target_id=TargetId(0) surface_id=1000 cache_hit=true t_cache_us=80 t_compose_us=0 t_resample_us=0 t_mask_us=0 t_upload_us=40 t_total_us=120 alloc_compose_dst=0 alloc_resample_dst=0 alloc_xmap=0 alloc_mask=0 key_hash=0x9f3a2b1c4d5e6f70
2026-08-14T04:01:29.800000Z INFO actor{actor=seriko}: areka_seriko::looper: seriko: loop 抽選発火（再生開始・先頭コマから・要件 2.1/2.2） scope="0" slot=Shell animation_id=1400 k=4
2026-08-14T04:01:29.800000Z DEBUG actor{actor="emo-text"}: areka_emo_present::presenter::timing: perf(apply_show): 段階別計時 target_id=TargetId(0) surface_id=1000 cache_hit=true t_cache_us=80 t_compose_us=0 t_resample_us=0 t_mask_us=0 t_upload_us=40 t_total_us=120 alloc_compose_dst=0 alloc_resample_dst=0 alloc_xmap=0 alloc_mask=0 key_hash=0x9f3a2b1c4d5e6f70
2026-08-14T04:01:29.950000Z DEBUG actor{actor="emo-text"}: areka_emo_present::presenter::timing: perf(apply_show): 段階別計時 target_id=TargetId(0) surface_id=1000 cache_hit=true t_cache_us=80 t_compose_us=0 t_resample_us=0 t_mask_us=0 t_upload_us=40 t_total_us=120 alloc_compose_dst=0 alloc_resample_dst=0 alloc_xmap=0 alloc_mask=0 key_hash=0x9f3a2b1c4d5e6f70
2026-08-14T04:01:29.972000Z DEBUG actor{actor="emo-text"}: areka_emo_present::presenter::timing: perf(apply_show): 段階別計時 target_id=TargetId(0) surface_id=1000 cache_hit=true t_cache_us=80 t_compose_us=0 t_resample_us=0 t_mask_us=0 t_upload_us=40 t_total_us=120 alloc_compose_dst=0 alloc_resample_dst=0 alloc_xmap=0 alloc_mask=0 key_hash=0x9f3a2b1c4d5e6f70
2026-08-14T04:01:30.000000Z INFO actor{actor=seriko}: areka_seriko::looper: seriko: loop 抽選発火（再生開始・先頭コマから・要件 2.1/2.2） scope="0" slot=Shell animation_id=1400 k=4
2026-08-14T04:01:30.000000Z DEBUG actor{actor="emo-text"}: areka_emo_present::presenter::timing: perf(apply_show): 段階別計時 target_id=TargetId(0) surface_id=1000 cache_hit=true t_cache_us=80 t_compose_us=0 t_resample_us=0 t_mask_us=0 t_upload_us=40 t_total_us=120 alloc_compose_dst=0 alloc_resample_dst=0 alloc_xmap=0 alloc_mask=0 key_hash=0x9f3a2b1c4d5e6f70
2026-08-14T04:01:30.150000Z DEBUG actor{actor="emo-text"}: areka_emo_present::presenter::timing: perf(apply_show): 段階別計時 target_id=TargetId(0) surface_id=1000 cache_hit=true t_cache_us=80 t_compose_us=0 t_resample_us=0 t_mask_us=0 t_upload_us=40 t_total_us=120 alloc_compose_dst=0 alloc_resample_dst=0 alloc_xmap=0 alloc_mask=0 key_hash=0x9f3a2b1c4d5e6f70
2026-08-14T04:01:30.172000Z DEBUG actor{actor="emo-text"}: areka_emo_present::presenter::timing: perf(apply_show): 段階別計時 target_id=TargetId(0) surface_id=1000 cache_hit=true t_cache_us=80 t_compose_us=0 t_resample_us=0 t_mask_us=0 t_upload_us=40 t_total_us=120 alloc_compose_dst=0 alloc_resample_dst=0 alloc_xmap=0 alloc_mask=0 key_hash=0x9f3a2b1c4d5e6f70
2026-08-14T04:01:30.200000Z INFO actor{actor=seriko}: areka_seriko::looper: seriko: loop 抽選発火（再生開始・先頭コマから・要件 2.1/2.2） scope="0" slot=Shell animation_id=1400 k=4
2026-08-14T04:01:30.200000Z DEBUG actor{actor="emo-text"}: areka_emo_present::presenter::timing: perf(apply_show): 段階別計時 target_id=TargetId(0) surface_id=1000 cache_hit=true t_cache_us=80 t_compose_us=0 t_resample_us=0 t_mask_us=0 t_upload_us=40 t_total_us=120 alloc_compose_dst=0 alloc_resample_dst=0 alloc_xmap=0 alloc_mask=0 key_hash=0x9f3a2b1c4d5e6f70
2026-08-14T04:01:30.300000Z INFO actor{actor=seriko}: areka_seriko::looper: seriko: loop 抽選発火（再生開始・先頭コマから・要件 2.1/2.2） scope="0" slot=Shell animation_id=1402 k=4
2026-08-14T04:01:30.300000Z DEBUG actor{actor="emo-text"}: areka_emo_present::presenter::timing: perf(apply_show): 段階別計時 target_id=TargetId(0) surface_id=1000 cache_hit=true t_cache_us=80 t_compose_us=0 t_resample_us=0 t_mask_us=0 t_upload_us=40 t_total_us=120 alloc_compose_dst=0 alloc_resample_dst=0 alloc_xmap=0 alloc_mask=0 key_hash=0x9f3a2b1c4d5e6f70
2026-08-14T04:01:30.350000Z DEBUG actor{actor="emo-text"}: areka_emo_present::presenter::timing: perf(apply_show): 段階別計時 target_id=TargetId(0) surface_id=1000 cache_hit=true t_cache_us=80 t_compose_us=0 t_resample_us=0 t_mask_us=0 t_upload_us=40 t_total_us=120 alloc_compose_dst=0 alloc_resample_dst=0 alloc_xmap=0 alloc_mask=0 key_hash=0x9f3a2b1c4d5e6f70
2026-08-14T04:01:30.372000Z DEBUG actor{actor="emo-text"}: areka_emo_present::presenter::timing: perf(apply_show): 段階別計時 target_id=TargetId(0) surface_id=1000 cache_hit=true t_cache_us=80 t_compose_us=0 t_resample_us=0 t_mask_us=0 t_upload_us=40 t_total_us=120 alloc_compose_dst=0 alloc_resample_dst=0 alloc_xmap=0 alloc_mask=0 key_hash=0x9f3a2b1c4d5e6f70
2026-08-14T04:01:30.400000Z INFO actor{actor=seriko}: areka_seriko::looper: seriko: loop 抽選発火（再生開始・先頭コマから・要件 2.1/2.2） scope="0" slot=Shell animation_id=1400 k=4
2026-08-14T04:01:30.400000Z DEBUG actor{actor="emo-text"}: areka_emo_present::presenter::timing: perf(apply_show): 段階別計時 target_id=TargetId(0) surface_id=1000 cache_hit=true t_cache_us=80 t_compose_us=0 t_resample_us=0 t_mask_us=0 t_upload_us=40 t_total_us=120 alloc_compose_dst=0 alloc_resample_dst=0 alloc_xmap=0 alloc_mask=0 key_hash=0x9f3a2b1c4d5e6f70
2026-08-14T04:01:30.550000Z DEBUG actor{actor="emo-text"}: areka_emo_present::presenter::timing: perf(apply_show): 段階別計時 target_id=TargetId(0) surface_id=1000 cache_hit=true t_cache_us=80 t_compose_us=0 t_resample_us=0 t_mask_us=0 t_upload_us=40 t_total_us=120 alloc_compose_dst=0 alloc_resample_dst=0 alloc_xmap=0 alloc_mask=0 key_hash=0x9f3a2b1c4d5e6f70
2026-08-14T04:01:30.572000Z DEBUG actor{actor="emo-text"}: areka_emo_present::presenter::timing: perf(apply_show): 段階別計時 target_id=TargetId(0) surface_id=1000 cache_hit=true t_cache_us=80 t_compose_us=0 t_resample_us=0 t_mask_us=0 t_upload_us=40 t_total_us=120 alloc_compose_dst=0 alloc_resample_dst=0 alloc_xmap=0 alloc_mask=0 key_hash=0x9f3a2b1c4d5e6f70
2026-08-14T04:01:30.600000Z INFO actor{actor=seriko}: areka_seriko::looper: seriko: loop 抽選発火（再生開始・先頭コマから・要件 2.1/2.2） scope="0" slot=Shell animation_id=1400 k=4
2026-08-14T04:01:30.600000Z DEBUG actor{actor="emo-text"}: areka_emo_present::presenter::timing: perf(apply_show): 段階別計時 target_id=TargetId(0) surface_id=1000 cache_hit=true t_cache_us=80 t_compose_us=0 t_resample_us=0 t_mask_us=0 t_upload_us=40 t_total_us=120 alloc_compose_dst=0 alloc_resample_dst=0 alloc_xmap=0 alloc_mask=0 key_hash=0x9f3a2b1c4d5e6f70
2026-08-14T04:01:30.750000Z DEBUG actor{actor="emo-text"}: areka_emo_present::presenter::timing: perf(apply_show): 段階別計時 target_id=TargetId(0) surface_id=1000 cache_hit=true t_cache_us=80 t_compose_us=0 t_resample_us=0 t_mask_us=0 t_upload_us=40 t_total_us=120 alloc_compose_dst=0 alloc_resample_dst=0 alloc_xmap=0 alloc_mask=0 key_hash=0x9f3a2b1c4d5e6f70
2026-08-14T04:01:30.772000Z DEBUG actor{actor="emo-text"}: areka_emo_present::presenter::timing: perf(apply_show): 段階別計時 target_id=TargetId(0) surface_id=1000 cache_hit=true t_cache_us=80 t_compose_us=0 t_resample_us=0 t_mask_us=0 t_upload_us=40 t_total_us=120 alloc_compose_dst=0 alloc_resample_dst=0 alloc_xmap=0 alloc_mask=0 key_hash=0x9f3a2b1c4d5e6f70
2026-08-14T04:01:30.800000Z INFO actor{actor=seriko}: areka_seriko::looper: seriko: loop 抽選発火（再生開始・先頭コマから・要件 2.1/2.2） scope="0" slot=Shell animation_id=1400 k=4
2026-08-14T04:01:30.800000Z DEBUG actor{actor="emo-text"}: areka_emo_present::presenter::timing: perf(apply_show): 段階別計時 target_id=TargetId(0) surface_id=1000 cache_hit=true t_cache_us=80 t_compose_us=0 t_resample_us=0 t_mask_us=0 t_upload_us=40 t_total_us=120 alloc_compose_dst=0 alloc_resample_dst=0 alloc_xmap=0 alloc_mask=0 key_hash=0x9f3a2b1c4d5e6f70
2026-08-14T04:01:30.950000Z DEBUG actor{actor="emo-text"}: areka_emo_present::presenter::timing: perf(apply_show): 段階別計時 target_id=TargetId(0) surface_id=1000 cache_hit=true t_cache_us=80 t_compose_us=0 t_resample_us=0 t_mask_us=0 t_upload_us=40 t_total_us=120 alloc_compose_dst=0 alloc_resample_dst=0 alloc_xmap=0 alloc_mask=0 key_hash=0x9f3a2b1c4d5e6f70
2026-08-14T04:01:30.972000Z DEBUG actor{actor="emo-text"}: areka_emo_present::presenter::timing: perf(apply_show): 段階別計時 target_id=TargetId(0) surface_id=1000 cache_hit=true t_cache_us=80 t_compose_us=0 t_resample_us=0 t_mask_us=0 t_upload_us=40 t_total_us=120 alloc_compose_dst=0 alloc_resample_dst=0 alloc_xmap=0 alloc_mask=0 key_hash=0x9f3a2b1c4d5e6f70
2026-08-14T04:01:31.000000Z INFO actor{actor=seriko}: areka_seriko::looper: seriko: loop 抽選発火（再生開始・先頭コマから・要件 2.1/2.2） scope="0" slot=Shell animation_id=1400 k=4
2026-08-14T04:01:31.000000Z DEBUG actor{actor="emo-text"}: areka_emo_present::presenter::timing: perf(apply_show): 段階別計時 target_id=TargetId(0) surface_id=1000 cache_hit=true t_cache_us=80 t_compose_us=0 t_resample_us=0 t_mask_us=0 t_upload_us=40 t_total_us=120 alloc_compose_dst=0 alloc_resample_dst=0 alloc_xmap=0 alloc_mask=0 key_hash=0x9f3a2b1c4d5e6f70
2026-08-14T04:01:31.000000Z INFO actor{actor=seriko}: areka_seriko::looper: seriko: loop 抽選発火（再生開始・先頭コマから・要件 2.1/2.2） scope="0" slot=Shell animation_id=1402 k=4
2026-08-14T04:01:31.000000Z DEBUG actor{actor="emo-text"}: areka_emo_present::presenter::timing: perf(apply_show): 段階別計時 target_id=TargetId(0) surface_id=1000 cache_hit=true t_cache_us=80 t_compose_us=0 t_resample_us=0 t_mask_us=0 t_upload_us=40 t_total_us=120 alloc_compose_dst=0 alloc_resample_dst=0 alloc_xmap=0 alloc_mask=0 key_hash=0x9f3a2b1c4d5e6f70
2026-08-14T04:01:31.150000Z DEBUG actor{actor="emo-text"}: areka_emo_present::presenter::timing: perf(apply_show): 段階別計時 target_id=TargetId(0) surface_id=1000 cache_hit=true t_cache_us=80 t_compose_us=0 t_resample_us=0 t_mask_us=0 t_upload_us=40 t_total_us=120 alloc_compose_dst=0 alloc_resample_dst=0 alloc_xmap=0 alloc_mask=0 key_hash=0x9f3a2b1c4d5e6f70
2026-08-14T04:01:31.172000Z DEBUG actor{actor="emo-text"}: areka_emo_present::presenter::timing: perf(apply_show): 段階別計時 target_id=TargetId(0) surface_id=1000 cache_hit=true t_cache_us=80 t_compose_us=0 t_resample_us=0 t_mask_us=0 t_upload_us=40 t_total_us=120 alloc_compose_dst=0 alloc_resample_dst=0 alloc_xmap=0 alloc_mask=0 key_hash=0x9f3a2b1c4d5e6f70
2026-08-14T04:01:31.200000Z INFO actor{actor=seriko}: areka_seriko::looper: seriko: loop 抽選発火（再生開始・先頭コマから・要件 2.1/2.2） scope="0" slot=Shell animation_id=1400 k=4
2026-08-14T04:01:31.200000Z DEBUG actor{actor="emo-text"}: areka_emo_present::presenter::timing: perf(apply_show): 段階別計時 target_id=TargetId(0) surface_id=1000 cache_hit=true t_cache_us=80 t_compose_us=0 t_resample_us=0 t_mask_us=0 t_upload_us=40 t_total_us=120 alloc_compose_dst=0 alloc_resample_dst=0 alloc_xmap=0 alloc_mask=0 key_hash=0x9f3a2b1c4d5e6f70
2026-08-14T04:01:31.350000Z DEBUG actor{actor="emo-text"}: areka_emo_present::presenter::timing: perf(apply_show): 段階別計時 target_id=TargetId(0) surface_id=1000 cache_hit=true t_cache_us=80 t_compose_us=0 t_resample_us=0 t_mask_us=0 t_upload_us=40 t_total_us=120 alloc_compose_dst=0 alloc_resample_dst=0 alloc_xmap=0 alloc_mask=0 key_hash=0x9f3a2b1c4d5e6f70
2026-08-14T04:01:31.372000Z DEBUG actor{actor="emo-text"}: areka_emo_present::presenter::timing: perf(apply_show): 段階別計時 target_id=TargetId(0) surface_id=1000 cache_hit=true t_cache_us=80 t_compose_us=0 t_resample_us=0 t_mask_us=0 t_upload_us=40 t_total_us=120 alloc_compose_dst=0 alloc_resample_dst=0 alloc_xmap=0 alloc_mask=0 key_hash=0x9f3a2b1c4d5e6f70
2026-08-14T04:01:31.400000Z INFO actor{actor=seriko}: areka_seriko::looper: seriko: loop 抽選発火（再生開始・先頭コマから・要件 2.1/2.2） scope="0" slot=Shell animation_id=1400 k=4
2026-08-14T04:01:31.400000Z DEBUG actor{actor="emo-text"}: areka_emo_present::presenter::timing: perf(apply_show): 段階別計時 target_id=TargetId(0) surface_id=1000 cache_hit=true t_cache_us=80 t_compose_us=0 t_resample_us=0 t_mask_us=0 t_upload_us=40 t_total_us=120 alloc_compose_dst=0 alloc_resample_dst=0 alloc_xmap=0 alloc_mask=0 key_hash=0x9f3a2b1c4d5e6f70
2026-08-14T04:01:31.550000Z DEBUG actor{actor="emo-text"}: areka_emo_present::presenter::timing: perf(apply_show): 段階別計時 target_id=TargetId(0) surface_id=1000 cache_hit=true t_cache_us=80 t_compose_us=0 t_resample_us=0 t_mask_us=0 t_upload_us=40 t_total_us=120 alloc_compose_dst=0 alloc_resample_dst=0 alloc_xmap=0 alloc_mask=0 key_hash=0x9f3a2b1c4d5e6f70
2026-08-14T04:01:31.572000Z DEBUG actor{actor="emo-text"}: areka_emo_present::presenter::timing: perf(apply_show): 段階別計時 target_id=TargetId(0) surface_id=1000 cache_hit=true t_cache_us=80 t_compose_us=0 t_resample_us=0 t_mask_us=0 t_upload_us=40 t_total_us=120 alloc_compose_dst=0 alloc_resample_dst=0 alloc_xmap=0 alloc_mask=0 key_hash=0x9f3a2b1c4d5e6f70
2026-08-14T04:01:31.600000Z INFO actor{actor=seriko}: areka_seriko::looper: seriko: loop 抽選発火（再生開始・先頭コマから・要件 2.1/2.2） scope="0" slot=Shell animation_id=1400 k=4
2026-08-14T04:01:31.600000Z DEBUG actor{actor="emo-text"}: areka_emo_present::presenter::timing: perf(apply_show): 段階別計時 target_id=TargetId(0) surface_id=1000 cache_hit=true t_cache_us=80 t_compose_us=0 t_resample_us=0 t_mask_us=0 t_upload_us=40 t_total_us=120 alloc_compose_dst=0 alloc_resample_dst=0 alloc_xmap=0 alloc_mask=0 key_hash=0x9f3a2b1c4d5e6f70
2026-08-14T04:01:31.700000Z INFO actor{actor=seriko}: areka_seriko::looper: seriko: loop 抽選発火（再生開始・先頭コマから・要件 2.1/2.2） scope="0" slot=Shell animation_id=1402 k=4
2026-08-14T04:01:31.700000Z DEBUG actor{actor="emo-text"}: areka_emo_present::presenter::timing: perf(apply_show): 段階別計時 target_id=TargetId(0) surface_id=1000 cache_hit=true t_cache_us=80 t_compose_us=0 t_resample_us=0 t_mask_us=0 t_upload_us=40 t_total_us=120 alloc_compose_dst=0 alloc_resample_dst=0 alloc_xmap=0 alloc_mask=0 key_hash=0x9f3a2b1c4d5e6f70
2026-08-14T04:01:31.750000Z DEBUG actor{actor="emo-text"}: areka_emo_present::presenter::timing: perf(apply_show): 段階別計時 target_id=TargetId(0) surface_id=1000 cache_hit=true t_cache_us=80 t_compose_us=0 t_resample_us=0 t_mask_us=0 t_upload_us=40 t_total_us=120 alloc_compose_dst=0 alloc_resample_dst=0 alloc_xmap=0 alloc_mask=0 key_hash=0x9f3a2b1c4d5e6f70
2026-08-14T04:01:31.772000Z DEBUG actor{actor="emo-text"}: areka_emo_present::presenter::timing: perf(apply_show): 段階別計時 target_id=TargetId(0) surface_id=1000 cache_hit=true t_cache_us=80 t_compose_us=0 t_resample_us=0 t_mask_us=0 t_upload_us=40 t_total_us=120 alloc_compose_dst=0 alloc_resample_dst=0 alloc_xmap=0 alloc_mask=0 key_hash=0x9f3a2b1c4d5e6f70
2026-08-14T04:01:31.800000Z INFO actor{actor=seriko}: areka_seriko::looper: seriko: loop 抽選発火（再生開始・先頭コマから・要件 2.1/2.2） scope="0" slot=Shell animation_id=1400 k=4
2026-08-14T04:01:31.800000Z DEBUG actor{actor="emo-text"}: areka_emo_present::presenter::timing: perf(apply_show): 段階別計時 target_id=TargetId(0) surface_id=1000 cache_hit=true t_cache_us=80 t_compose_us=0 t_resample_us=0 t_mask_us=0 t_upload_us=40 t_total_us=120 alloc_compose_dst=0 alloc_resample_dst=0 alloc_xmap=0 alloc_mask=0 key_hash=0x9f3a2b1c4d5e6f70
2026-08-14T04:01:31.950000Z DEBUG actor{actor="emo-text"}: areka_emo_present::presenter::timing: perf(apply_show): 段階別計時 target_id=TargetId(0) surface_id=1000 cache_hit=true t_cache_us=80 t_compose_us=0 t_resample_us=0 t_mask_us=0 t_upload_us=40 t_total_us=120 alloc_compose_dst=0 alloc_resample_dst=0 alloc_xmap=0 alloc_mask=0 key_hash=0x9f3a2b1c4d5e6f70
2026-08-14T04:01:31.972000Z DEBUG actor{actor="emo-text"}: areka_emo_present::presenter::timing: perf(apply_show): 段階別計時 target_id=TargetId(0) surface_id=1000 cache_hit=true t_cache_us=80 t_compose_us=0 t_resample_us=0 t_mask_us=0 t_upload_us=40 t_total_us=120 alloc_compose_dst=0 alloc_resample_dst=0 alloc_xmap=0 alloc_mask=0 key_hash=0x9f3a2b1c4d5e6f70
2026-08-14T04:01:32.000000Z INFO actor{actor=seriko}: areka_seriko::looper: seriko: loop 抽選発火（再生開始・先頭コマから・要件 2.1/2.2） scope="0" slot=Shell animation_id=1400 k=4
2026-08-14T04:01:32.000000Z DEBUG actor{actor="emo-text"}: areka_emo_present::presenter::timing: perf(apply_show): 段階別計時 target_id=TargetId(0) surface_id=1000 cache_hit=true t_cache_us=80 t_compose_us=0 t_resample_us=0 t_mask_us=0 t_upload_us=40 t_total_us=120 alloc_compose_dst=0 alloc_resample_dst=0 alloc_xmap=0 alloc_mask=0 key_hash=0x9f3a2b1c4d5e6f70
2026-08-14T04:01:32.150000Z DEBUG actor{actor="emo-text"}: areka_emo_present::presenter::timing: perf(apply_show): 段階別計時 target_id=TargetId(0) surface_id=1000 cache_hit=true t_cache_us=80 t_compose_us=0 t_resample_us=0 t_mask_us=0 t_upload_us=40 t_total_us=120 alloc_compose_dst=0 alloc_resample_dst=0 alloc_xmap=0 alloc_mask=0 key_hash=0x9f3a2b1c4d5e6f70
2026-08-14T04:01:32.172000Z DEBUG actor{actor="emo-text"}: areka_emo_present::presenter::timing: perf(apply_show): 段階別計時 target_id=TargetId(0) surface_id=1000 cache_hit=true t_cache_us=80 t_compose_us=0 t_resample_us=0 t_mask_us=0 t_upload_us=40 t_total_us=120 alloc_compose_dst=0 alloc_resample_dst=0 alloc_xmap=0 alloc_mask=0 key_hash=0x9f3a2b1c4d5e6f70
2026-08-14T04:01:32.200000Z INFO actor{actor=seriko}: areka_seriko::looper: seriko: loop 抽選発火（再生開始・先頭コマから・要件 2.1/2.2） scope="0" slot=Shell animation_id=1400 k=4
2026-08-14T04:01:32.200000Z DEBUG actor{actor="emo-text"}: areka_emo_present::presenter::timing: perf(apply_show): 段階別計時 target_id=TargetId(0) surface_id=1000 cache_hit=true t_cache_us=80 t_compose_us=0 t_resample_us=0 t_mask_us=0 t_upload_us=40 t_total_us=120 alloc_compose_dst=0 alloc_resample_dst=0 alloc_xmap=0 alloc_mask=0 key_hash=0x9f3a2b1c4d5e6f70
2026-08-14T04:01:32.350000Z DEBUG actor{actor="emo-text"}: areka_emo_present::presenter::timing: perf(apply_show): 段階別計時 target_id=TargetId(0) surface_id=1000 cache_hit=true t_cache_us=80 t_compose_us=0 t_resample_us=0 t_mask_us=0 t_upload_us=40 t_total_us=120 alloc_compose_dst=0 alloc_resample_dst=0 alloc_xmap=0 alloc_mask=0 key_hash=0x9f3a2b1c4d5e6f70
2026-08-14T04:01:32.372000Z DEBUG actor{actor="emo-text"}: areka_emo_present::presenter::timing: perf(apply_show): 段階別計時 target_id=TargetId(0) surface_id=1000 cache_hit=true t_cache_us=80 t_compose_us=0 t_resample_us=0 t_mask_us=0 t_upload_us=40 t_total_us=120 alloc_compose_dst=0 alloc_resample_dst=0 alloc_xmap=0 alloc_mask=0 key_hash=0x9f3a2b1c4d5e6f70
2026-08-14T04:01:32.400000Z INFO actor{actor=seriko}: areka_seriko::looper: seriko: loop 抽選発火（再生開始・先頭コマから・要件 2.1/2.2） scope="0" slot=Shell animation_id=1400 k=4
2026-08-14T04:01:32.400000Z DEBUG actor{actor="emo-text"}: areka_emo_present::presenter::timing: perf(apply_show): 段階別計時 target_id=TargetId(0) surface_id=1000 cache_hit=true t_cache_us=80 t_compose_us=0 t_resample_us=0 t_mask_us=0 t_upload_us=40 t_total_us=120 alloc_compose_dst=0 alloc_resample_dst=0 alloc_xmap=0 alloc_mask=0 key_hash=0x9f3a2b1c4d5e6f70
2026-08-14T04:01:32.400000Z INFO actor{actor=seriko}: areka_seriko::looper: seriko: loop 抽選発火（再生開始・先頭コマから・要件 2.1/2.2） scope="0" slot=Shell animation_id=1402 k=4
2026-08-14T04:01:32.400000Z DEBUG actor{actor="emo-text"}: areka_emo_present::presenter::timing: perf(apply_show): 段階別計時 target_id=TargetId(0) surface_id=1000 cache_hit=true t_cache_us=80 t_compose_us=0 t_resample_us=0 t_mask_us=0 t_upload_us=40 t_total_us=120 alloc_compose_dst=0 alloc_resample_dst=0 alloc_xmap=0 alloc_mask=0 key_hash=0x9f3a2b1c4d5e6f70
2026-08-14T04:01:32.550000Z DEBUG actor{actor="emo-text"}: areka_emo_present::presenter::timing: perf(apply_show): 段階別計時 target_id=TargetId(0) surface_id=1000 cache_hit=true t_cache_us=80 t_compose_us=0 t_resample_us=0 t_mask_us=0 t_upload_us=40 t_total_us=120 alloc_compose_dst=0 alloc_resample_dst=0 alloc_xmap=0 alloc_mask=0 key_hash=0x9f3a2b1c4d5e6f70
2026-08-14T04:01:32.572000Z DEBUG actor{actor="emo-text"}: areka_emo_present::presenter::timing: perf(apply_show): 段階別計時 target_id=TargetId(0) surface_id=1000 cache_hit=true t_cache_us=80 t_compose_us=0 t_resample_us=0 t_mask_us=0 t_upload_us=40 t_total_us=120 alloc_compose_dst=0 alloc_resample_dst=0 alloc_xmap=0 alloc_mask=0 key_hash=0x9f3a2b1c4d5e6f70
2026-08-14T04:01:32.600000Z INFO actor{actor=seriko}: areka_seriko::looper: seriko: loop 抽選発火（再生開始・先頭コマから・要件 2.1/2.2） scope="0" slot=Shell animation_id=1400 k=4
2026-08-14T04:01:32.600000Z DEBUG actor{actor="emo-text"}: areka_emo_present::presenter::timing: perf(apply_show): 段階別計時 target_id=TargetId(0) surface_id=1000 cache_hit=true t_cache_us=80 t_compose_us=0 t_resample_us=0 t_mask_us=0 t_upload_us=40 t_total_us=120 alloc_compose_dst=0 alloc_resample_dst=0 alloc_xmap=0 alloc_mask=0 key_hash=0x9f3a2b1c4d5e6f70
2026-08-14T04:01:32.750000Z DEBUG actor{actor="emo-text"}: areka_emo_present::presenter::timing: perf(apply_show): 段階別計時 target_id=TargetId(0) surface_id=1000 cache_hit=true t_cache_us=80 t_compose_us=0 t_resample_us=0 t_mask_us=0 t_upload_us=40 t_total_us=120 alloc_compose_dst=0 alloc_resample_dst=0 alloc_xmap=0 alloc_mask=0 key_hash=0x9f3a2b1c4d5e6f70
2026-08-14T04:01:32.772000Z DEBUG actor{actor="emo-text"}: areka_emo_present::presenter::timing: perf(apply_show): 段階別計時 target_id=TargetId(0) surface_id=1000 cache_hit=true t_cache_us=80 t_compose_us=0 t_resample_us=0 t_mask_us=0 t_upload_us=40 t_total_us=120 alloc_compose_dst=0 alloc_resample_dst=0 alloc_xmap=0 alloc_mask=0 key_hash=0x9f3a2b1c4d5e6f70
2026-08-14T04:01:32.800000Z INFO actor{actor=seriko}: areka_seriko::looper: seriko: loop 抽選発火（再生開始・先頭コマから・要件 2.1/2.2） scope="0" slot=Shell animation_id=1400 k=4
2026-08-14T04:01:32.800000Z DEBUG actor{actor="emo-text"}: areka_emo_present::presenter::timing: perf(apply_show): 段階別計時 target_id=TargetId(0) surface_id=1000 cache_hit=true t_cache_us=80 t_compose_us=0 t_resample_us=0 t_mask_us=0 t_upload_us=40 t_total_us=120 alloc_compose_dst=0 alloc_resample_dst=0 alloc_xmap=0 alloc_mask=0 key_hash=0x9f3a2b1c4d5e6f70
2026-08-14T04:01:32.950000Z DEBUG actor{actor="emo-text"}: areka_emo_present::presenter::timing: perf(apply_show): 段階別計時 target_id=TargetId(0) surface_id=1000 cache_hit=true t_cache_us=80 t_compose_us=0 t_resample_us=0 t_mask_us=0 t_upload_us=40 t_total_us=120 alloc_compose_dst=0 alloc_resample_dst=0 alloc_xmap=0 alloc_mask=0 key_hash=0x9f3a2b1c4d5e6f70
2026-08-14T04:01:32.972000Z DEBUG actor{actor="emo-text"}: areka_emo_present::presenter::timing: perf(apply_show): 段階別計時 target_id=TargetId(0) surface_id=1000 cache_hit=true t_cache_us=80 t_compose_us=0 t_resample_us=0 t_mask_us=0 t_upload_us=40 t_total_us=120 alloc_compose_dst=0 alloc_resample_dst=0 alloc_xmap=0 alloc_mask=0 key_hash=0x9f3a2b1c4d5e6f70
2026-08-14T04:01:33.000000Z INFO actor{actor=seriko}: areka_seriko::looper: seriko: loop 抽選発火（再生開始・先頭コマから・要件 2.1/2.2） scope="0" slot=Shell animation_id=1400 k=4
2026-08-14T04:01:33.000000Z DEBUG actor{actor="emo-text"}: areka_emo_present::presenter::timing: perf(apply_show): 段階別計時 target_id=TargetId(0) surface_id=1000 cache_hit=true t_cache_us=80 t_compose_us=0 t_resample_us=0 t_mask_us=0 t_upload_us=40 t_total_us=120 alloc_compose_dst=0 alloc_resample_dst=0 alloc_xmap=0 alloc_mask=0 key_hash=0x9f3a2b1c4d5e6f70
2026-08-14T04:01:33.100000Z INFO actor{actor=seriko}: areka_seriko::looper: seriko: loop 抽選発火（再生開始・先頭コマから・要件 2.1/2.2） scope="0" slot=Shell animation_id=1402 k=4
2026-08-14T04:01:33.100000Z DEBUG actor{actor="emo-text"}: areka_emo_present::presenter::timing: perf(apply_show): 段階別計時 target_id=TargetId(0) surface_id=1000 cache_hit=true t_cache_us=80 t_compose_us=0 t_resample_us=0 t_mask_us=0 t_upload_us=40 t_total_us=120 alloc_compose_dst=0 alloc_resample_dst=0 alloc_xmap=0 alloc_mask=0 key_hash=0x9f3a2b1c4d5e6f70
2026-08-14T04:01:33.150000Z DEBUG actor{actor="emo-text"}: areka_emo_present::presenter::timing: perf(apply_show): 段階別計時 target_id=TargetId(0) surface_id=1000 cache_hit=true t_cache_us=80 t_compose_us=0 t_resample_us=0 t_mask_us=0 t_upload_us=40 t_total_us=120 alloc_compose_dst=0 alloc_resample_dst=0 alloc_xmap=0 alloc_mask=0 key_hash=0x9f3a2b1c4d5e6f70
2026-08-14T04:01:33.172000Z DEBUG actor{actor="emo-text"}: areka_emo_present::presenter::timing: perf(apply_show): 段階別計時 target_id=TargetId(0) surface_id=1000 cache_hit=true t_cache_us=80 t_compose_us=0 t_resample_us=0 t_mask_us=0 t_upload_us=40 t_total_us=120 alloc_compose_dst=0 alloc_resample_dst=0 alloc_xmap=0 alloc_mask=0 key_hash=0x9f3a2b1c4d5e6f70
2026-08-14T04:01:33.200000Z INFO actor{actor=seriko}: areka_seriko::looper: seriko: loop 抽選発火（再生開始・先頭コマから・要件 2.1/2.2） scope="0" slot=Shell animation_id=1400 k=4
2026-08-14T04:01:33.200000Z DEBUG actor{actor="emo-text"}: areka_emo_present::presenter::timing: perf(apply_show): 段階別計時 target_id=TargetId(0) surface_id=1000 cache_hit=true t_cache_us=80 t_compose_us=0 t_resample_us=0 t_mask_us=0 t_upload_us=40 t_total_us=120 alloc_compose_dst=0 alloc_resample_dst=0 alloc_xmap=0 alloc_mask=0 key_hash=0x9f3a2b1c4d5e6f70
2026-08-14T04:01:33.350000Z DEBUG actor{actor="emo-text"}: areka_emo_present::presenter::timing: perf(apply_show): 段階別計時 target_id=TargetId(0) surface_id=1000 cache_hit=true t_cache_us=80 t_compose_us=0 t_resample_us=0 t_mask_us=0 t_upload_us=40 t_total_us=120 alloc_compose_dst=0 alloc_resample_dst=0 alloc_xmap=0 alloc_mask=0 key_hash=0x9f3a2b1c4d5e6f70
2026-08-14T04:01:33.372000Z DEBUG actor{actor="emo-text"}: areka_emo_present::presenter::timing: perf(apply_show): 段階別計時 target_id=TargetId(0) surface_id=1000 cache_hit=true t_cache_us=80 t_compose_us=0 t_resample_us=0 t_mask_us=0 t_upload_us=40 t_total_us=120 alloc_compose_dst=0 alloc_resample_dst=0 alloc_xmap=0 alloc_mask=0 key_hash=0x9f3a2b1c4d5e6f70
2026-08-14T04:01:33.400000Z INFO actor{actor=seriko}: areka_seriko::looper: seriko: loop 抽選発火（再生開始・先頭コマから・要件 2.1/2.2） scope="0" slot=Shell animation_id=1400 k=4
2026-08-14T04:01:33.400000Z DEBUG actor{actor="emo-text"}: areka_emo_present::presenter::timing: perf(apply_show): 段階別計時 target_id=TargetId(0) surface_id=1000 cache_hit=true t_cache_us=80 t_compose_us=0 t_resample_us=0 t_mask_us=0 t_upload_us=40 t_total_us=120 alloc_compose_dst=0 alloc_resample_dst=0 alloc_xmap=0 alloc_mask=0 key_hash=0x9f3a2b1c4d5e6f70
2026-08-14T04:01:33.550000Z DEBUG actor{actor="emo-text"}: areka_emo_present::presenter::timing: perf(apply_show): 段階別計時 target_id=TargetId(0) surface_id=1000 cache_hit=true t_cache_us=80 t_compose_us=0 t_resample_us=0 t_mask_us=0 t_upload_us=40 t_total_us=120 alloc_compose_dst=0 alloc_resample_dst=0 alloc_xmap=0 alloc_mask=0 key_hash=0x9f3a2b1c4d5e6f70
2026-08-14T04:01:33.572000Z DEBUG actor{actor="emo-text"}: areka_emo_present::presenter::timing: perf(apply_show): 段階別計時 target_id=TargetId(0) surface_id=1000 cache_hit=true t_cache_us=80 t_compose_us=0 t_resample_us=0 t_mask_us=0 t_upload_us=40 t_total_us=120 alloc_compose_dst=0 alloc_resample_dst=0 alloc_xmap=0 alloc_mask=0 key_hash=0x9f3a2b1c4d5e6f70
2026-08-14T04:01:33.600000Z INFO actor{actor=seriko}: areka_seriko::looper: seriko: loop 抽選発火（再生開始・先頭コマから・要件 2.1/2.2） scope="0" slot=Shell animation_id=1400 k=4
2026-08-14T04:01:33.600000Z DEBUG actor{actor="emo-text"}: areka_emo_present::presenter::timing: perf(apply_show): 段階別計時 target_id=TargetId(0) surface_id=1000 cache_hit=true t_cache_us=80 t_compose_us=0 t_resample_us=0 t_mask_us=0 t_upload_us=40 t_total_us=120 alloc_compose_dst=0 alloc_resample_dst=0 alloc_xmap=0 alloc_mask=0 key_hash=0x9f3a2b1c4d5e6f70
2026-08-14T04:01:33.750000Z DEBUG actor{actor="emo-text"}: areka_emo_present::presenter::timing: perf(apply_show): 段階別計時 target_id=TargetId(0) surface_id=1000 cache_hit=true t_cache_us=80 t_compose_us=0 t_resample_us=0 t_mask_us=0 t_upload_us=40 t_total_us=120 alloc_compose_dst=0 alloc_resample_dst=0 alloc_xmap=0 alloc_mask=0 key_hash=0x9f3a2b1c4d5e6f70
2026-08-14T04:01:33.772000Z DEBUG actor{actor="emo-text"}: areka_emo_present::presenter::timing: perf(apply_show): 段階別計時 target_id=TargetId(0) surface_id=1000 cache_hit=true t_cache_us=80 t_compose_us=0 t_resample_us=0 t_mask_us=0 t_upload_us=40 t_total_us=120 alloc_compose_dst=0 alloc_resample_dst=0 alloc_xmap=0 alloc_mask=0 key_hash=0x9f3a2b1c4d5e6f70
2026-08-14T04:01:33.800000Z INFO actor{actor=seriko}: areka_seriko::looper: seriko: loop 抽選発火（再生開始・先頭コマから・要件 2.1/2.2） scope="0" slot=Shell animation_id=1400 k=4
2026-08-14T04:01:33.800000Z DEBUG actor{actor="emo-text"}: areka_emo_present::presenter::timing: perf(apply_show): 段階別計時 target_id=TargetId(0) surface_id=1000 cache_hit=true t_cache_us=80 t_compose_us=0 t_resample_us=0 t_mask_us=0 t_upload_us=40 t_total_us=120 alloc_compose_dst=0 alloc_resample_dst=0 alloc_xmap=0 alloc_mask=0 key_hash=0x9f3a2b1c4d5e6f70
2026-08-14T04:01:33.800000Z INFO actor{actor=seriko}: areka_seriko::looper: seriko: loop 抽選発火（再生開始・先頭コマから・要件 2.1/2.2） scope="0" slot=Shell animation_id=1402 k=4
2026-08-14T04:01:33.800000Z DEBUG actor{actor="emo-text"}: areka_emo_present::presenter::timing: perf(apply_show): 段階別計時 target_id=TargetId(0) surface_id=1000 cache_hit=true t_cache_us=80 t_compose_us=0 t_resample_us=0 t_mask_us=0 t_upload_us=40 t_total_us=120 alloc_compose_dst=0 alloc_resample_dst=0 alloc_xmap=0 alloc_mask=0 key_hash=0x9f3a2b1c4d5e6f70
2026-08-14T04:01:33.950000Z DEBUG actor{actor="emo-text"}: areka_emo_present::presenter::timing: perf(apply_show): 段階別計時 target_id=TargetId(0) surface_id=1000 cache_hit=true t_cache_us=80 t_compose_us=0 t_resample_us=0 t_mask_us=0 t_upload_us=40 t_total_us=120 alloc_compose_dst=0 alloc_resample_dst=0 alloc_xmap=0 alloc_mask=0 key_hash=0x9f3a2b1c4d5e6f70
2026-08-14T04:01:33.972000Z DEBUG actor{actor="emo-text"}: areka_emo_present::presenter::timing: perf(apply_show): 段階別計時 target_id=TargetId(0) surface_id=1000 cache_hit=true t_cache_us=80 t_compose_us=0 t_resample_us=0 t_mask_us=0 t_upload_us=40 t_total_us=120 alloc_compose_dst=0 alloc_resample_dst=0 alloc_xmap=0 alloc_mask=0 key_hash=0x9f3a2b1c4d5e6f70
2026-08-14T04:01:34.000000Z INFO actor{actor=seriko}: areka_seriko::looper: seriko: loop 抽選発火（再生開始・先頭コマから・要件 2.1/2.2） scope="0" slot=Shell animation_id=1400 k=4
2026-08-14T04:01:34.000000Z DEBUG actor{actor="emo-text"}: areka_emo_present::presenter::timing: perf(apply_show): 段階別計時 target_id=TargetId(0) surface_id=1000 cache_hit=true t_cache_us=80 t_compose_us=0 t_resample_us=0 t_mask_us=0 t_upload_us=40 t_total_us=120 alloc_compose_dst=0 alloc_resample_dst=0 alloc_xmap=0 alloc_mask=0 key_hash=0x9f3a2b1c4d5e6f70
2026-08-14T04:01:34.150000Z DEBUG actor{actor="emo-text"}: areka_emo_present::presenter::timing: perf(apply_show): 段階別計時 target_id=TargetId(0) surface_id=1000 cache_hit=true t_cache_us=80 t_compose_us=0 t_resample_us=0 t_mask_us=0 t_upload_us=40 t_total_us=120 alloc_compose_dst=0 alloc_resample_dst=0 alloc_xmap=0 alloc_mask=0 key_hash=0x9f3a2b1c4d5e6f70
2026-08-14T04:01:34.172000Z DEBUG actor{actor="emo-text"}: areka_emo_present::presenter::timing: perf(apply_show): 段階別計時 target_id=TargetId(0) surface_id=1000 cache_hit=true t_cache_us=80 t_compose_us=0 t_resample_us=0 t_mask_us=0 t_upload_us=40 t_total_us=120 alloc_compose_dst=0 alloc_resample_dst=0 alloc_xmap=0 alloc_mask=0 key_hash=0x9f3a2b1c4d5e6f70
2026-08-14T04:01:34.200000Z INFO actor{actor=seriko}: areka_seriko::looper: seriko: loop 抽選発火（再生開始・先頭コマから・要件 2.1/2.2） scope="0" slot=Shell animation_id=1400 k=4
2026-08-14T04:01:34.200000Z DEBUG actor{actor="emo-text"}: areka_emo_present::presenter::timing: perf(apply_show): 段階別計時 target_id=TargetId(0) surface_id=1000 cache_hit=true t_cache_us=80 t_compose_us=0 t_resample_us=0 t_mask_us=0 t_upload_us=40 t_total_us=120 alloc_compose_dst=0 alloc_resample_dst=0 alloc_xmap=0 alloc_mask=0 key_hash=0x9f3a2b1c4d5e6f70
2026-08-14T04:01:34.350000Z DEBUG actor{actor="emo-text"}: areka_emo_present::presenter::timing: perf(apply_show): 段階別計時 target_id=TargetId(0) surface_id=1000 cache_hit=true t_cache_us=80 t_compose_us=0 t_resample_us=0 t_mask_us=0 t_upload_us=40 t_total_us=120 alloc_compose_dst=0 alloc_resample_dst=0 alloc_xmap=0 alloc_mask=0 key_hash=0x9f3a2b1c4d5e6f70
2026-08-14T04:01:34.372000Z DEBUG actor{actor="emo-text"}: areka_emo_present::presenter::timing: perf(apply_show): 段階別計時 target_id=TargetId(0) surface_id=1000 cache_hit=true t_cache_us=80 t_compose_us=0 t_resample_us=0 t_mask_us=0 t_upload_us=40 t_total_us=120 alloc_compose_dst=0 alloc_resample_dst=0 alloc_xmap=0 alloc_mask=0 key_hash=0x9f3a2b1c4d5e6f70
2026-08-14T04:01:34.400000Z INFO actor{actor=seriko}: areka_seriko::looper: seriko: loop 抽選発火（再生開始・先頭コマから・要件 2.1/2.2） scope="0" slot=Shell animation_id=1400 k=4
2026-08-14T04:01:34.400000Z DEBUG actor{actor="emo-text"}: areka_emo_present::presenter::timing: perf(apply_show): 段階別計時 target_id=TargetId(0) surface_id=1000 cache_hit=true t_cache_us=80 t_compose_us=0 t_resample_us=0 t_mask_us=0 t_upload_us=40 t_total_us=120 alloc_compose_dst=0 alloc_resample_dst=0 alloc_xmap=0 alloc_mask=0 key_hash=0x9f3a2b1c4d5e6f70
2026-08-14T04:01:34.500000Z INFO actor{actor=seriko}: areka_seriko::looper: seriko: loop 抽選発火（再生開始・先頭コマから・要件 2.1/2.2） scope="0" slot=Shell animation_id=1402 k=4
2026-08-14T04:01:34.500000Z DEBUG actor{actor="emo-text"}: areka_emo_present::presenter::timing: perf(apply_show): 段階別計時 target_id=TargetId(0) surface_id=1000 cache_hit=true t_cache_us=80 t_compose_us=0 t_resample_us=0 t_mask_us=0 t_upload_us=40 t_total_us=120 alloc_compose_dst=0 alloc_resample_dst=0 alloc_xmap=0 alloc_mask=0 key_hash=0x9f3a2b1c4d5e6f70
2026-08-14T04:01:34.550000Z DEBUG actor{actor="emo-text"}: areka_emo_present::presenter::timing: perf(apply_show): 段階別計時 target_id=TargetId(0) surface_id=1000 cache_hit=true t_cache_us=80 t_compose_us=0 t_resample_us=0 t_mask_us=0 t_upload_us=40 t_total_us=120 alloc_compose_dst=0 alloc_resample_dst=0 alloc_xmap=0 alloc_mask=0 key_hash=0x9f3a2b1c4d5e6f70
2026-08-14T04:01:34.572000Z DEBUG actor{actor="emo-text"}: areka_emo_present::presenter::timing: perf(apply_show): 段階別計時 target_id=TargetId(0) surface_id=1000 cache_hit=true t_cache_us=80 t_compose_us=0 t_resample_us=0 t_mask_us=0 t_upload_us=40 t_total_us=120 alloc_compose_dst=0 alloc_resample_dst=0 alloc_xmap=0 alloc_mask=0 key_hash=0x9f3a2b1c4d5e6f70
2026-08-14T04:01:34.600000Z INFO actor{actor=seriko}: areka_seriko::looper: seriko: loop 抽選発火（再生開始・先頭コマから・要件 2.1/2.2） scope="0" slot=Shell animation_id=1400 k=4
2026-08-14T04:01:34.600000Z DEBUG actor{actor="emo-text"}: areka_emo_present::presenter::timing: perf(apply_show): 段階別計時 target_id=TargetId(0) surface_id=1000 cache_hit=true t_cache_us=80 t_compose_us=0 t_resample_us=0 t_mask_us=0 t_upload_us=40 t_total_us=120 alloc_compose_dst=0 alloc_resample_dst=0 alloc_xmap=0 alloc_mask=0 key_hash=0x9f3a2b1c4d5e6f70
2026-08-14T04:01:34.750000Z DEBUG actor{actor="emo-text"}: areka_emo_present::presenter::timing: perf(apply_show): 段階別計時 target_id=TargetId(0) surface_id=1000 cache_hit=true t_cache_us=80 t_compose_us=0 t_resample_us=0 t_mask_us=0 t_upload_us=40 t_total_us=120 alloc_compose_dst=0 alloc_resample_dst=0 alloc_xmap=0 alloc_mask=0 key_hash=0x9f3a2b1c4d5e6f70
2026-08-14T04:01:34.772000Z DEBUG actor{actor="emo-text"}: areka_emo_present::presenter::timing: perf(apply_show): 段階別計時 target_id=TargetId(0) surface_id=1000 cache_hit=true t_cache_us=80 t_compose_us=0 t_resample_us=0 t_mask_us=0 t_upload_us=40 t_total_us=120 alloc_compose_dst=0 alloc_resample_dst=0 alloc_xmap=0 alloc_mask=0 key_hash=0x9f3a2b1c4d5e6f70
2026-08-14T04:01:34.800000Z INFO actor{actor=seriko}: areka_seriko::looper: seriko: loop 抽選発火（再生開始・先頭コマから・要件 2.1/2.2） scope="0" slot=Shell animation_id=1400 k=4
2026-08-14T04:01:34.800000Z DEBUG actor{actor="emo-text"}: areka_emo_present::presenter::timing: perf(apply_show): 段階別計時 target_id=TargetId(0) surface_id=1000 cache_hit=true t_cache_us=80 t_compose_us=0 t_resample_us=0 t_mask_us=0 t_upload_us=40 t_total_us=120 alloc_compose_dst=0 alloc_resample_dst=0 alloc_xmap=0 alloc_mask=0 key_hash=0x9f3a2b1c4d5e6f70
2026-08-14T04:01:34.950000Z DEBUG actor{actor="emo-text"}: areka_emo_present::presenter::timing: perf(apply_show): 段階別計時 target_id=TargetId(0) surface_id=1000 cache_hit=true t_cache_us=80 t_compose_us=0 t_resample_us=0 t_mask_us=0 t_upload_us=40 t_total_us=120 alloc_compose_dst=0 alloc_resample_dst=0 alloc_xmap=0 alloc_mask=0 key_hash=0x9f3a2b1c4d5e6f70
2026-08-14T04:01:34.972000Z DEBUG actor{actor="emo-text"}: areka_emo_present::presenter::timing: perf(apply_show): 段階別計時 target_id=TargetId(0) surface_id=1000 cache_hit=true t_cache_us=80 t_compose_us=0 t_resample_us=0 t_mask_us=0 t_upload_us=40 t_total_us=120 alloc_compose_dst=0 alloc_resample_dst=0 alloc_xmap=0 alloc_mask=0 key_hash=0x9f3a2b1c4d5e6f70
2026-08-14T04:01:35.000000Z INFO actor{actor=seriko}: areka_seriko::looper: seriko: loop 抽選発火（再生開始・先頭コマから・要件 2.1/2.2） scope="0" slot=Shell animation_id=1400 k=4
2026-08-14T04:01:35.000000Z DEBUG actor{actor="emo-text"}: areka_emo_present::presenter::timing: perf(apply_show): 段階別計時 target_id=TargetId(0) surface_id=1000 cache_hit=true t_cache_us=80 t_compose_us=0 t_resample_us=0 t_mask_us=0 t_upload_us=40 t_total_us=120 alloc_compose_dst=0 alloc_resample_dst=0 alloc_xmap=0 alloc_mask=0 key_hash=0x9f3a2b1c4d5e6f70
2026-08-14T04:01:35.150000Z DEBUG actor{actor="emo-text"}: areka_emo_present::presenter::timing: perf(apply_show): 段階別計時 target_id=TargetId(0) surface_id=1000 cache_hit=true t_cache_us=80 t_compose_us=0 t_resample_us=0 t_mask_us=0 t_upload_us=40 t_total_us=120 alloc_compose_dst=0 alloc_resample_dst=0 alloc_xmap=0 alloc_mask=0 key_hash=0x9f3a2b1c4d5e6f70
2026-08-14T04:01:35.172000Z DEBUG actor{actor="emo-text"}: areka_emo_present::presenter::timing: perf(apply_show): 段階別計時 target_id=TargetId(0) surface_id=1000 cache_hit=true t_cache_us=80 t_compose_us=0 t_resample_us=0 t_mask_us=0 t_upload_us=40 t_total_us=120 alloc_compose_dst=0 alloc_resample_dst=0 alloc_xmap=0 alloc_mask=0 key_hash=0x9f3a2b1c4d5e6f70
2026-08-14T04:01:35.200000Z INFO actor{actor=seriko}: areka_seriko::looper: seriko: loop 抽選発火（再生開始・先頭コマから・要件 2.1/2.2） scope="0" slot=Shell animation_id=1400 k=4
2026-08-14T04:01:35.200000Z DEBUG actor{actor="emo-text"}: areka_emo_present::presenter::timing: perf(apply_show): 段階別計時 target_id=TargetId(0) surface_id=1000 cache_hit=true t_cache_us=80 t_compose_us=0 t_resample_us=0 t_mask_us=0 t_upload_us=40 t_total_us=120 alloc_compose_dst=0 alloc_resample_dst=0 alloc_xmap=0 alloc_mask=0 key_hash=0x9f3a2b1c4d5e6f70
2026-08-14T04:01:35.200000Z INFO actor{actor=seriko}: areka_seriko::looper: seriko: loop 抽選発火（再生開始・先頭コマから・要件 2.1/2.2） scope="0" slot=Shell animation_id=1402 k=4
2026-08-14T04:01:35.200000Z DEBUG actor{actor="emo-text"}: areka_emo_present::presenter::timing: perf(apply_show): 段階別計時 target_id=TargetId(0) surface_id=1000 cache_hit=true t_cache_us=80 t_compose_us=0 t_resample_us=0 t_mask_us=0 t_upload_us=40 t_total_us=120 alloc_compose_dst=0 alloc_resample_dst=0 alloc_xmap=0 alloc_mask=0 key_hash=0x9f3a2b1c4d5e6f70
2026-08-14T04:01:35.350000Z DEBUG actor{actor="emo-text"}: areka_emo_present::presenter::timing: perf(apply_show): 段階別計時 target_id=TargetId(0) surface_id=1000 cache_hit=true t_cache_us=80 t_compose_us=0 t_resample_us=0 t_mask_us=0 t_upload_us=40 t_total_us=120 alloc_compose_dst=0 alloc_resample_dst=0 alloc_xmap=0 alloc_mask=0 key_hash=0x9f3a2b1c4d5e6f70
2026-08-14T04:01:35.372000Z DEBUG actor{actor="emo-text"}: areka_emo_present::presenter::timing: perf(apply_show): 段階別計時 target_id=TargetId(0) surface_id=1000 cache_hit=true t_cache_us=80 t_compose_us=0 t_resample_us=0 t_mask_us=0 t_upload_us=40 t_total_us=120 alloc_compose_dst=0 alloc_resample_dst=0 alloc_xmap=0 alloc_mask=0 key_hash=0x9f3a2b1c4d5e6f70
2026-08-14T04:01:35.400000Z INFO actor{actor=seriko}: areka_seriko::looper: seriko: loop 抽選発火（再生開始・先頭コマから・要件 2.1/2.2） scope="0" slot=Shell animation_id=1400 k=4
2026-08-14T04:01:35.400000Z DEBUG actor{actor="emo-text"}: areka_emo_present::presenter::timing: perf(apply_show): 段階別計時 target_id=TargetId(0) surface_id=1000 cache_hit=true t_cache_us=80 t_compose_us=0 t_resample_us=0 t_mask_us=0 t_upload_us=40 t_total_us=120 alloc_compose_dst=0 alloc_resample_dst=0 alloc_xmap=0 alloc_mask=0 key_hash=0x9f3a2b1c4d5e6f70
2026-08-14T04:01:35.550000Z DEBUG actor{actor="emo-text"}: areka_emo_present::presenter::timing: perf(apply_show): 段階別計時 target_id=TargetId(0) surface_id=1000 cache_hit=true t_cache_us=80 t_compose_us=0 t_resample_us=0 t_mask_us=0 t_upload_us=40 t_total_us=120 alloc_compose_dst=0 alloc_resample_dst=0 alloc_xmap=0 alloc_mask=0 key_hash=0x9f3a2b1c4d5e6f70
2026-08-14T04:01:35.572000Z DEBUG actor{actor="emo-text"}: areka_emo_present::presenter::timing: perf(apply_show): 段階別計時 target_id=TargetId(0) surface_id=1000 cache_hit=true t_cache_us=80 t_compose_us=0 t_resample_us=0 t_mask_us=0 t_upload_us=40 t_total_us=120 alloc_compose_dst=0 alloc_resample_dst=0 alloc_xmap=0 alloc_mask=0 key_hash=0x9f3a2b1c4d5e6f70
2026-08-14T04:01:35.600000Z INFO actor{actor=seriko}: areka_seriko::looper: seriko: loop 抽選発火（再生開始・先頭コマから・要件 2.1/2.2） scope="0" slot=Shell animation_id=1400 k=4
2026-08-14T04:01:35.600000Z DEBUG actor{actor="emo-text"}: areka_emo_present::presenter::timing: perf(apply_show): 段階別計時 target_id=TargetId(0) surface_id=1000 cache_hit=true t_cache_us=80 t_compose_us=0 t_resample_us=0 t_mask_us=0 t_upload_us=40 t_total_us=120 alloc_compose_dst=0 alloc_resample_dst=0 alloc_xmap=0 alloc_mask=0 key_hash=0x9f3a2b1c4d5e6f70
2026-08-14T04:01:35.750000Z DEBUG actor{actor="emo-text"}: areka_emo_present::presenter::timing: perf(apply_show): 段階別計時 target_id=TargetId(0) surface_id=1000 cache_hit=true t_cache_us=80 t_compose_us=0 t_resample_us=0 t_mask_us=0 t_upload_us=40 t_total_us=120 alloc_compose_dst=0 alloc_resample_dst=0 alloc_xmap=0 alloc_mask=0 key_hash=0x9f3a2b1c4d5e6f70
2026-08-14T04:01:35.772000Z DEBUG actor{actor="emo-text"}: areka_emo_present::presenter::timing: perf(apply_show): 段階別計時 target_id=TargetId(0) surface_id=1000 cache_hit=true t_cache_us=80 t_compose_us=0 t_resample_us=0 t_mask_us=0 t_upload_us=40 t_total_us=120 alloc_compose_dst=0 alloc_resample_dst=0 alloc_xmap=0 alloc_mask=0 key_hash=0x9f3a2b1c4d5e6f70
2026-08-14T04:01:35.800000Z INFO actor{actor=seriko}: areka_seriko::looper: seriko: loop 抽選発火（再生開始・先頭コマから・要件 2.1/2.2） scope="0" slot=Shell animation_id=1400 k=4
2026-08-14T04:01:35.800000Z DEBUG actor{actor="emo-text"}: areka_emo_present::presenter::timing: perf(apply_show): 段階別計時 target_id=TargetId(0) surface_id=1000 cache_hit=true t_cache_us=80 t_compose_us=0 t_resample_us=0 t_mask_us=0 t_upload_us=40 t_total_us=120 alloc_compose_dst=0 alloc_resample_dst=0 alloc_xmap=0 alloc_mask=0 key_hash=0x9f3a2b1c4d5e6f70
2026-08-14T04:01:35.900000Z INFO actor{actor=seriko}: areka_seriko::looper: seriko: loop 抽選発火（再生開始・先頭コマから・要件 2.1/2.2） scope="0" slot=Shell animation_id=1402 k=4
2026-08-14T04:01:35.900000Z DEBUG actor{actor="emo-text"}: areka_emo_present::presenter::timing: perf(apply_show): 段階別計時 target_id=TargetId(0) surface_id=1000 cache_hit=true t_cache_us=80 t_compose_us=0 t_resample_us=0 t_mask_us=0 t_upload_us=40 t_total_us=120 alloc_compose_dst=0 alloc_resample_dst=0 alloc_xmap=0 alloc_mask=0 key_hash=0x9f3a2b1c4d5e6f70
2026-08-14T04:01:35.950000Z DEBUG actor{actor="emo-text"}: areka_emo_present::presenter::timing: perf(apply_show): 段階別計時 target_id=TargetId(0) surface_id=1000 cache_hit=true t_cache_us=80 t_compose_us=0 t_resample_us=0 t_mask_us=0 t_upload_us=40 t_total_us=120 alloc_compose_dst=0 alloc_resample_dst=0 alloc_xmap=0 alloc_mask=0 key_hash=0x9f3a2b1c4d5e6f70
2026-08-14T04:01:35.972000Z DEBUG actor{actor="emo-text"}: areka_emo_present::presenter::timing: perf(apply_show): 段階別計時 target_id=TargetId(0) surface_id=1000 cache_hit=true t_cache_us=80 t_compose_us=0 t_resample_us=0 t_mask_us=0 t_upload_us=40 t_total_us=120 alloc_compose_dst=0 alloc_resample_dst=0 alloc_xmap=0 alloc_mask=0 key_hash=0x9f3a2b1c4d5e6f70
2026-08-14T04:01:36.000000Z INFO actor{actor=seriko}: areka_seriko::looper: seriko: loop 抽選発火（再生開始・先頭コマから・要件 2.1/2.2） scope="0" slot=Shell animation_id=1400 k=4
2026-08-14T04:01:36.000000Z DEBUG actor{actor="emo-text"}: areka_emo_present::presenter::timing: perf(apply_show): 段階別計時 target_id=TargetId(0) surface_id=1000 cache_hit=true t_cache_us=80 t_compose_us=0 t_resample_us=0 t_mask_us=0 t_upload_us=40 t_total_us=120 alloc_compose_dst=0 alloc_resample_dst=0 alloc_xmap=0 alloc_mask=0 key_hash=0x9f3a2b1c4d5e6f70
2026-08-14T04:01:36.150000Z DEBUG actor{actor="emo-text"}: areka_emo_present::presenter::timing: perf(apply_show): 段階別計時 target_id=TargetId(0) surface_id=1000 cache_hit=true t_cache_us=80 t_compose_us=0 t_resample_us=0 t_mask_us=0 t_upload_us=40 t_total_us=120 alloc_compose_dst=0 alloc_resample_dst=0 alloc_xmap=0 alloc_mask=0 key_hash=0x9f3a2b1c4d5e6f70
2026-08-14T04:01:36.172000Z DEBUG actor{actor="emo-text"}: areka_emo_present::presenter::timing: perf(apply_show): 段階別計時 target_id=TargetId(0) surface_id=1000 cache_hit=true t_cache_us=80 t_compose_us=0 t_resample_us=0 t_mask_us=0 t_upload_us=40 t_total_us=120 alloc_compose_dst=0 alloc_resample_dst=0 alloc_xmap=0 alloc_mask=0 key_hash=0x9f3a2b1c4d5e6f70
2026-08-14T04:01:36.200000Z INFO actor{actor=seriko}: areka_seriko::looper: seriko: loop 抽選発火（再生開始・先頭コマから・要件 2.1/2.2） scope="0" slot=Shell animation_id=1400 k=4
2026-08-14T04:01:36.200000Z DEBUG actor{actor="emo-text"}: areka_emo_present::presenter::timing: perf(apply_show): 段階別計時 target_id=TargetId(0) surface_id=1000 cache_hit=true t_cache_us=80 t_compose_us=0 t_resample_us=0 t_mask_us=0 t_upload_us=40 t_total_us=120 alloc_compose_dst=0 alloc_resample_dst=0 alloc_xmap=0 alloc_mask=0 key_hash=0x9f3a2b1c4d5e6f70
2026-08-14T04:01:36.350000Z DEBUG actor{actor="emo-text"}: areka_emo_present::presenter::timing: perf(apply_show): 段階別計時 target_id=TargetId(0) surface_id=1000 cache_hit=true t_cache_us=80 t_compose_us=0 t_resample_us=0 t_mask_us=0 t_upload_us=40 t_total_us=120 alloc_compose_dst=0 alloc_resample_dst=0 alloc_xmap=0 alloc_mask=0 key_hash=0x9f3a2b1c4d5e6f70
2026-08-14T04:01:36.372000Z DEBUG actor{actor="emo-text"}: areka_emo_present::presenter::timing: perf(apply_show): 段階別計時 target_id=TargetId(0) surface_id=1000 cache_hit=true t_cache_us=80 t_compose_us=0 t_resample_us=0 t_mask_us=0 t_upload_us=40 t_total_us=120 alloc_compose_dst=0 alloc_resample_dst=0 alloc_xmap=0 alloc_mask=0 key_hash=0x9f3a2b1c4d5e6f70
2026-08-14T04:01:36.400000Z INFO actor{actor=seriko}: areka_seriko::looper: seriko: loop 抽選発火（再生開始・先頭コマから・要件 2.1/2.2） scope="0" slot=Shell animation_id=1400 k=4
2026-08-14T04:01:36.400000Z DEBUG actor{actor="emo-text"}: areka_emo_present::presenter::timing: perf(apply_show): 段階別計時 target_id=TargetId(0) surface_id=1000 cache_hit=true t_cache_us=80 t_compose_us=0 t_resample_us=0 t_mask_us=0 t_upload_us=40 t_total_us=120 alloc_compose_dst=0 alloc_resample_dst=0 alloc_xmap=0 alloc_mask=0 key_hash=0x9f3a2b1c4d5e6f70
2026-08-14T04:01:36.550000Z DEBUG actor{actor="emo-text"}: areka_emo_present::presenter::timing: perf(apply_show): 段階別計時 target_id=TargetId(0) surface_id=1000 cache_hit=true t_cache_us=80 t_compose_us=0 t_resample_us=0 t_mask_us=0 t_upload_us=40 t_total_us=120 alloc_compose_dst=0 alloc_resample_dst=0 alloc_xmap=0 alloc_mask=0 key_hash=0x9f3a2b1c4d5e6f70
2026-08-14T04:01:36.572000Z DEBUG actor{actor="emo-text"}: areka_emo_present::presenter::timing: perf(apply_show): 段階別計時 target_id=TargetId(0) surface_id=1000 cache_hit=true t_cache_us=80 t_compose_us=0 t_resample_us=0 t_mask_us=0 t_upload_us=40 t_total_us=120 alloc_compose_dst=0 alloc_resample_dst=0 alloc_xmap=0 alloc_mask=0 key_hash=0x9f3a2b1c4d5e6f70
2026-08-14T04:01:36.600000Z INFO actor{actor=seriko}: areka_seriko::looper: seriko: loop 抽選発火（再生開始・先頭コマから・要件 2.1/2.2） scope="0" slot=Shell animation_id=1400 k=4
2026-08-14T04:01:36.600000Z DEBUG actor{actor="emo-text"}: areka_emo_present::presenter::timing: perf(apply_show): 段階別計時 target_id=TargetId(0) surface_id=1000 cache_hit=true t_cache_us=80 t_compose_us=0 t_resample_us=0 t_mask_us=0 t_upload_us=40 t_total_us=120 alloc_compose_dst=0 alloc_resample_dst=0 alloc_xmap=0 alloc_mask=0 key_hash=0x9f3a2b1c4d5e6f70
2026-08-14T04:01:36.600000Z INFO actor{actor=seriko}: areka_seriko::looper: seriko: loop 抽選発火（再生開始・先頭コマから・要件 2.1/2.2） scope="0" slot=Shell animation_id=1402 k=4
2026-08-14T04:01:36.600000Z DEBUG actor{actor="emo-text"}: areka_emo_present::presenter::timing: perf(apply_show): 段階別計時 target_id=TargetId(0) surface_id=1000 cache_hit=true t_cache_us=80 t_compose_us=0 t_resample_us=0 t_mask_us=0 t_upload_us=40 t_total_us=120 alloc_compose_dst=0 alloc_resample_dst=0 alloc_xmap=0 alloc_mask=0 key_hash=0x9f3a2b1c4d5e6f70
2026-08-14T04:01:36.750000Z DEBUG actor{actor="emo-text"}: areka_emo_present::presenter::timing: perf(apply_show): 段階別計時 target_id=TargetId(0) surface_id=1000 cache_hit=true t_cache_us=80 t_compose_us=0 t_resample_us=0 t_mask_us=0 t_upload_us=40 t_total_us=120 alloc_compose_dst=0 alloc_resample_dst=0 alloc_xmap=0 alloc_mask=0 key_hash=0x9f3a2b1c4d5e6f70
2026-08-14T04:01:36.772000Z DEBUG actor{actor="emo-text"}: areka_emo_present::presenter::timing: perf(apply_show): 段階別計時 target_id=TargetId(0) surface_id=1000 cache_hit=true t_cache_us=80 t_compose_us=0 t_resample_us=0 t_mask_us=0 t_upload_us=40 t_total_us=120 alloc_compose_dst=0 alloc_resample_dst=0 alloc_xmap=0 alloc_mask=0 key_hash=0x9f3a2b1c4d5e6f70
2026-08-14T04:01:36.800000Z INFO actor{actor=seriko}: areka_seriko::looper: seriko: loop 抽選発火（再生開始・先頭コマから・要件 2.1/2.2） scope="0" slot=Shell animation_id=1400 k=4
2026-08-14T04:01:36.800000Z DEBUG actor{actor="emo-text"}: areka_emo_present::presenter::timing: perf(apply_show): 段階別計時 target_id=TargetId(0) surface_id=1000 cache_hit=true t_cache_us=80 t_compose_us=0 t_resample_us=0 t_mask_us=0 t_upload_us=40 t_total_us=120 alloc_compose_dst=0 alloc_resample_dst=0 alloc_xmap=0 alloc_mask=0 key_hash=0x9f3a2b1c4d5e6f70
2026-08-14T04:01:36.950000Z DEBUG actor{actor="emo-text"}: areka_emo_present::presenter::timing: perf(apply_show): 段階別計時 target_id=TargetId(0) surface_id=1000 cache_hit=true t_cache_us=80 t_compose_us=0 t_resample_us=0 t_mask_us=0 t_upload_us=40 t_total_us=120 alloc_compose_dst=0 alloc_resample_dst=0 alloc_xmap=0 alloc_mask=0 key_hash=0x9f3a2b1c4d5e6f70
2026-08-14T04:01:36.972000Z DEBUG actor{actor="emo-text"}: areka_emo_present::presenter::timing: perf(apply_show): 段階別計時 target_id=TargetId(0) surface_id=1000 cache_hit=true t_cache_us=80 t_compose_us=0 t_resample_us=0 t_mask_us=0 t_upload_us=40 t_total_us=120 alloc_compose_dst=0 alloc_resample_dst=0 alloc_xmap=0 alloc_mask=0 key_hash=0x9f3a2b1c4d5e6f70
2026-08-14T04:01:37.000000Z INFO actor{actor=seriko}: areka_seriko::looper: seriko: loop 抽選発火（再生開始・先頭コマから・要件 2.1/2.2） scope="0" slot=Shell animation_id=1400 k=4
2026-08-14T04:01:37.000000Z DEBUG actor{actor="emo-text"}: areka_emo_present::presenter::timing: perf(apply_show): 段階別計時 target_id=TargetId(0) surface_id=1000 cache_hit=true t_cache_us=80 t_compose_us=0 t_resample_us=0 t_mask_us=0 t_upload_us=40 t_total_us=120 alloc_compose_dst=0 alloc_resample_dst=0 alloc_xmap=0 alloc_mask=0 key_hash=0x9f3a2b1c4d5e6f70
2026-08-14T04:01:37.150000Z DEBUG actor{actor="emo-text"}: areka_emo_present::presenter::timing: perf(apply_show): 段階別計時 target_id=TargetId(0) surface_id=1000 cache_hit=true t_cache_us=80 t_compose_us=0 t_resample_us=0 t_mask_us=0 t_upload_us=40 t_total_us=120 alloc_compose_dst=0 alloc_resample_dst=0 alloc_xmap=0 alloc_mask=0 key_hash=0x9f3a2b1c4d5e6f70
2026-08-14T04:01:37.172000Z DEBUG actor{actor="emo-text"}: areka_emo_present::presenter::timing: perf(apply_show): 段階別計時 target_id=TargetId(0) surface_id=1000 cache_hit=true t_cache_us=80 t_compose_us=0 t_resample_us=0 t_mask_us=0 t_upload_us=40 t_total_us=120 alloc_compose_dst=0 alloc_resample_dst=0 alloc_xmap=0 alloc_mask=0 key_hash=0x9f3a2b1c4d5e6f70
2026-08-14T04:01:37.200000Z INFO actor{actor=seriko}: areka_seriko::looper: seriko: loop 抽選発火（再生開始・先頭コマから・要件 2.1/2.2） scope="0" slot=Shell animation_id=1400 k=4
2026-08-14T04:01:37.200000Z DEBUG actor{actor="emo-text"}: areka_emo_present::presenter::timing: perf(apply_show): 段階別計時 target_id=TargetId(0) surface_id=1000 cache_hit=true t_cache_us=80 t_compose_us=0 t_resample_us=0 t_mask_us=0 t_upload_us=40 t_total_us=120 alloc_compose_dst=0 alloc_resample_dst=0 alloc_xmap=0 alloc_mask=0 key_hash=0x9f3a2b1c4d5e6f70
2026-08-14T04:01:37.300000Z INFO actor{actor=seriko}: areka_seriko::looper: seriko: loop 抽選発火（再生開始・先頭コマから・要件 2.1/2.2） scope="0" slot=Shell animation_id=1402 k=4
2026-08-14T04:01:37.300000Z DEBUG actor{actor="emo-text"}: areka_emo_present::presenter::timing: perf(apply_show): 段階別計時 target_id=TargetId(0) surface_id=1000 cache_hit=true t_cache_us=80 t_compose_us=0 t_resample_us=0 t_mask_us=0 t_upload_us=40 t_total_us=120 alloc_compose_dst=0 alloc_resample_dst=0 alloc_xmap=0 alloc_mask=0 key_hash=0x9f3a2b1c4d5e6f70
2026-08-14T04:01:37.350000Z DEBUG actor{actor="emo-text"}: areka_emo_present::presenter::timing: perf(apply_show): 段階別計時 target_id=TargetId(0) surface_id=1000 cache_hit=true t_cache_us=80 t_compose_us=0 t_resample_us=0 t_mask_us=0 t_upload_us=40 t_total_us=120 alloc_compose_dst=0 alloc_resample_dst=0 alloc_xmap=0 alloc_mask=0 key_hash=0x9f3a2b1c4d5e6f70
2026-08-14T04:01:37.372000Z DEBUG actor{actor="emo-text"}: areka_emo_present::presenter::timing: perf(apply_show): 段階別計時 target_id=TargetId(0) surface_id=1000 cache_hit=true t_cache_us=80 t_compose_us=0 t_resample_us=0 t_mask_us=0 t_upload_us=40 t_total_us=120 alloc_compose_dst=0 alloc_resample_dst=0 alloc_xmap=0 alloc_mask=0 key_hash=0x9f3a2b1c4d5e6f70
2026-08-14T04:01:37.400000Z INFO actor{actor=seriko}: areka_seriko::looper: seriko: loop 抽選発火（再生開始・先頭コマから・要件 2.1/2.2） scope="0" slot=Shell animation_id=1400 k=4
2026-08-14T04:01:37.400000Z DEBUG actor{actor="emo-text"}: areka_emo_present::presenter::timing: perf(apply_show): 段階別計時 target_id=TargetId(0) surface_id=1000 cache_hit=true t_cache_us=80 t_compose_us=0 t_resample_us=0 t_mask_us=0 t_upload_us=40 t_total_us=120 alloc_compose_dst=0 alloc_resample_dst=0 alloc_xmap=0 alloc_mask=0 key_hash=0x9f3a2b1c4d5e6f70
2026-08-14T04:01:37.550000Z DEBUG actor{actor="emo-text"}: areka_emo_present::presenter::timing: perf(apply_show): 段階別計時 target_id=TargetId(0) surface_id=1000 cache_hit=true t_cache_us=80 t_compose_us=0 t_resample_us=0 t_mask_us=0 t_upload_us=40 t_total_us=120 alloc_compose_dst=0 alloc_resample_dst=0 alloc_xmap=0 alloc_mask=0 key_hash=0x9f3a2b1c4d5e6f70
2026-08-14T04:01:37.572000Z DEBUG actor{actor="emo-text"}: areka_emo_present::presenter::timing: perf(apply_show): 段階別計時 target_id=TargetId(0) surface_id=1000 cache_hit=true t_cache_us=80 t_compose_us=0 t_resample_us=0 t_mask_us=0 t_upload_us=40 t_total_us=120 alloc_compose_dst=0 alloc_resample_dst=0 alloc_xmap=0 alloc_mask=0 key_hash=0x9f3a2b1c4d5e6f70
2026-08-14T04:01:37.600000Z INFO actor{actor=seriko}: areka_seriko::looper: seriko: loop 抽選発火（再生開始・先頭コマから・要件 2.1/2.2） scope="0" slot=Shell animation_id=1400 k=4
2026-08-14T04:01:37.600000Z DEBUG actor{actor="emo-text"}: areka_emo_present::presenter::timing: perf(apply_show): 段階別計時 target_id=TargetId(0) surface_id=1000 cache_hit=true t_cache_us=80 t_compose_us=0 t_resample_us=0 t_mask_us=0 t_upload_us=40 t_total_us=120 alloc_compose_dst=0 alloc_resample_dst=0 alloc_xmap=0 alloc_mask=0 key_hash=0x9f3a2b1c4d5e6f70
2026-08-14T04:01:37.750000Z DEBUG actor{actor="emo-text"}: areka_emo_present::presenter::timing: perf(apply_show): 段階別計時 target_id=TargetId(0) surface_id=1000 cache_hit=true t_cache_us=80 t_compose_us=0 t_resample_us=0 t_mask_us=0 t_upload_us=40 t_total_us=120 alloc_compose_dst=0 alloc_resample_dst=0 alloc_xmap=0 alloc_mask=0 key_hash=0x9f3a2b1c4d5e6f70
2026-08-14T04:01:37.772000Z DEBUG actor{actor="emo-text"}: areka_emo_present::presenter::timing: perf(apply_show): 段階別計時 target_id=TargetId(0) surface_id=1000 cache_hit=true t_cache_us=80 t_compose_us=0 t_resample_us=0 t_mask_us=0 t_upload_us=40 t_total_us=120 alloc_compose_dst=0 alloc_resample_dst=0 alloc_xmap=0 alloc_mask=0 key_hash=0x9f3a2b1c4d5e6f70
2026-08-14T04:01:37.800000Z INFO actor{actor=seriko}: areka_seriko::looper: seriko: loop 抽選発火（再生開始・先頭コマから・要件 2.1/2.2） scope="0" slot=Shell animation_id=1400 k=4
2026-08-14T04:01:37.800000Z DEBUG actor{actor="emo-text"}: areka_emo_present::presenter::timing: perf(apply_show): 段階別計時 target_id=TargetId(0) surface_id=1000 cache_hit=true t_cache_us=80 t_compose_us=0 t_resample_us=0 t_mask_us=0 t_upload_us=40 t_total_us=120 alloc_compose_dst=0 alloc_resample_dst=0 alloc_xmap=0 alloc_mask=0 key_hash=0x9f3a2b1c4d5e6f70
2026-08-14T04:01:37.950000Z DEBUG actor{actor="emo-text"}: areka_emo_present::presenter::timing: perf(apply_show): 段階別計時 target_id=TargetId(0) surface_id=1000 cache_hit=true t_cache_us=80 t_compose_us=0 t_resample_us=0 t_mask_us=0 t_upload_us=40 t_total_us=120 alloc_compose_dst=0 alloc_resample_dst=0 alloc_xmap=0 alloc_mask=0 key_hash=0x9f3a2b1c4d5e6f70
2026-08-14T04:01:37.972000Z DEBUG actor{actor="emo-text"}: areka_emo_present::presenter::timing: perf(apply_show): 段階別計時 target_id=TargetId(0) surface_id=1000 cache_hit=true t_cache_us=80 t_compose_us=0 t_resample_us=0 t_mask_us=0 t_upload_us=40 t_total_us=120 alloc_compose_dst=0 alloc_resample_dst=0 alloc_xmap=0 alloc_mask=0 key_hash=0x9f3a2b1c4d5e6f70
2026-08-14T04:01:38.000000Z INFO actor{actor=seriko}: areka_seriko::looper: seriko: loop 抽選発火（再生開始・先頭コマから・要件 2.1/2.2） scope="0" slot=Shell animation_id=1400 k=4
2026-08-14T04:01:38.000000Z DEBUG actor{actor="emo-text"}: areka_emo_present::presenter::timing: perf(apply_show): 段階別計時 target_id=TargetId(0) surface_id=1000 cache_hit=true t_cache_us=80 t_compose_us=0 t_resample_us=0 t_mask_us=0 t_upload_us=40 t_total_us=120 alloc_compose_dst=0 alloc_resample_dst=0 alloc_xmap=0 alloc_mask=0 key_hash=0x9f3a2b1c4d5e6f70
2026-08-14T04:01:38.000000Z INFO actor{actor=seriko}: areka_seriko::looper: seriko: loop 抽選発火（再生開始・先頭コマから・要件 2.1/2.2） scope="0" slot=Shell animation_id=1402 k=4
2026-08-14T04:01:38.000000Z DEBUG actor{actor="emo-text"}: areka_emo_present::presenter::timing: perf(apply_show): 段階別計時 target_id=TargetId(0) surface_id=1000 cache_hit=true t_cache_us=80 t_compose_us=0 t_resample_us=0 t_mask_us=0 t_upload_us=40 t_total_us=120 alloc_compose_dst=0 alloc_resample_dst=0 alloc_xmap=0 alloc_mask=0 key_hash=0x9f3a2b1c4d5e6f70
2026-08-14T04:01:38.150000Z DEBUG actor{actor="emo-text"}: areka_emo_present::presenter::timing: perf(apply_show): 段階別計時 target_id=TargetId(0) surface_id=1000 cache_hit=true t_cache_us=80 t_compose_us=0 t_resample_us=0 t_mask_us=0 t_upload_us=40 t_total_us=120 alloc_compose_dst=0 alloc_resample_dst=0 alloc_xmap=0 alloc_mask=0 key_hash=0x9f3a2b1c4d5e6f70
2026-08-14T04:01:38.172000Z DEBUG actor{actor="emo-text"}: areka_emo_present::presenter::timing: perf(apply_show): 段階別計時 target_id=TargetId(0) surface_id=1000 cache_hit=true t_cache_us=80 t_compose_us=0 t_resample_us=0 t_mask_us=0 t_upload_us=40 t_total_us=120 alloc_compose_dst=0 alloc_resample_dst=0 alloc_xmap=0 alloc_mask=0 key_hash=0x9f3a2b1c4d5e6f70
2026-08-14T04:01:38.200000Z INFO actor{actor=seriko}: areka_seriko::looper: seriko: loop 抽選発火（再生開始・先頭コマから・要件 2.1/2.2） scope="0" slot=Shell animation_id=1400 k=4
2026-08-14T04:01:38.200000Z DEBUG actor{actor="emo-text"}: areka_emo_present::presenter::timing: perf(apply_show): 段階別計時 target_id=TargetId(0) surface_id=1000 cache_hit=true t_cache_us=80 t_compose_us=0 t_resample_us=0 t_mask_us=0 t_upload_us=40 t_total_us=120 alloc_compose_dst=0 alloc_resample_dst=0 alloc_xmap=0 alloc_mask=0 key_hash=0x9f3a2b1c4d5e6f70
2026-08-14T04:01:38.350000Z DEBUG actor{actor="emo-text"}: areka_emo_present::presenter::timing: perf(apply_show): 段階別計時 target_id=TargetId(0) surface_id=1000 cache_hit=true t_cache_us=80 t_compose_us=0 t_resample_us=0 t_mask_us=0 t_upload_us=40 t_total_us=120 alloc_compose_dst=0 alloc_resample_dst=0 alloc_xmap=0 alloc_mask=0 key_hash=0x9f3a2b1c4d5e6f70
2026-08-14T04:01:38.372000Z DEBUG actor{actor="emo-text"}: areka_emo_present::presenter::timing: perf(apply_show): 段階別計時 target_id=TargetId(0) surface_id=1000 cache_hit=true t_cache_us=80 t_compose_us=0 t_resample_us=0 t_mask_us=0 t_upload_us=40 t_total_us=120 alloc_compose_dst=0 alloc_resample_dst=0 alloc_xmap=0 alloc_mask=0 key_hash=0x9f3a2b1c4d5e6f70
2026-08-14T04:01:38.400000Z INFO actor{actor=seriko}: areka_seriko::looper: seriko: loop 抽選発火（再生開始・先頭コマから・要件 2.1/2.2） scope="0" slot=Shell animation_id=1400 k=4
2026-08-14T04:01:38.400000Z DEBUG actor{actor="emo-text"}: areka_emo_present::presenter::timing: perf(apply_show): 段階別計時 target_id=TargetId(0) surface_id=1000 cache_hit=true t_cache_us=80 t_compose_us=0 t_resample_us=0 t_mask_us=0 t_upload_us=40 t_total_us=120 alloc_compose_dst=0 alloc_resample_dst=0 alloc_xmap=0 alloc_mask=0 key_hash=0x9f3a2b1c4d5e6f70
2026-08-14T04:01:38.550000Z DEBUG actor{actor="emo-text"}: areka_emo_present::presenter::timing: perf(apply_show): 段階別計時 target_id=TargetId(0) surface_id=1000 cache_hit=true t_cache_us=80 t_compose_us=0 t_resample_us=0 t_mask_us=0 t_upload_us=40 t_total_us=120 alloc_compose_dst=0 alloc_resample_dst=0 alloc_xmap=0 alloc_mask=0 key_hash=0x9f3a2b1c4d5e6f70
2026-08-14T04:01:38.572000Z DEBUG actor{actor="emo-text"}: areka_emo_present::presenter::timing: perf(apply_show): 段階別計時 target_id=TargetId(0) surface_id=1000 cache_hit=true t_cache_us=80 t_compose_us=0 t_resample_us=0 t_mask_us=0 t_upload_us=40 t_total_us=120 alloc_compose_dst=0 alloc_resample_dst=0 alloc_xmap=0 alloc_mask=0 key_hash=0x9f3a2b1c4d5e6f70
2026-08-14T04:01:38.600000Z INFO actor{actor=seriko}: areka_seriko::looper: seriko: loop 抽選発火（再生開始・先頭コマから・要件 2.1/2.2） scope="0" slot=Shell animation_id=1400 k=4
2026-08-14T04:01:38.600000Z DEBUG actor{actor="emo-text"}: areka_emo_present::presenter::timing: perf(apply_show): 段階別計時 target_id=TargetId(0) surface_id=1000 cache_hit=true t_cache_us=80 t_compose_us=0 t_resample_us=0 t_mask_us=0 t_upload_us=40 t_total_us=120 alloc_compose_dst=0 alloc_resample_dst=0 alloc_xmap=0 alloc_mask=0 key_hash=0x9f3a2b1c4d5e6f70
2026-08-14T04:01:38.700000Z INFO actor{actor=seriko}: areka_seriko::looper: seriko: loop 抽選発火（再生開始・先頭コマから・要件 2.1/2.2） scope="0" slot=Shell animation_id=1402 k=4
2026-08-14T04:01:38.700000Z DEBUG actor{actor="emo-text"}: areka_emo_present::presenter::timing: perf(apply_show): 段階別計時 target_id=TargetId(0) surface_id=1000 cache_hit=true t_cache_us=80 t_compose_us=0 t_resample_us=0 t_mask_us=0 t_upload_us=40 t_total_us=120 alloc_compose_dst=0 alloc_resample_dst=0 alloc_xmap=0 alloc_mask=0 key_hash=0x9f3a2b1c4d5e6f70
2026-08-14T04:01:38.750000Z DEBUG actor{actor="emo-text"}: areka_emo_present::presenter::timing: perf(apply_show): 段階別計時 target_id=TargetId(0) surface_id=1000 cache_hit=true t_cache_us=80 t_compose_us=0 t_resample_us=0 t_mask_us=0 t_upload_us=40 t_total_us=120 alloc_compose_dst=0 alloc_resample_dst=0 alloc_xmap=0 alloc_mask=0 key_hash=0x9f3a2b1c4d5e6f70
2026-08-14T04:01:38.772000Z DEBUG actor{actor="emo-text"}: areka_emo_present::presenter::timing: perf(apply_show): 段階別計時 target_id=TargetId(0) surface_id=1000 cache_hit=true t_cache_us=80 t_compose_us=0 t_resample_us=0 t_mask_us=0 t_upload_us=40 t_total_us=120 alloc_compose_dst=0 alloc_resample_dst=0 alloc_xmap=0 alloc_mask=0 key_hash=0x9f3a2b1c4d5e6f70
2026-08-14T04:01:38.800000Z INFO actor{actor=seriko}: areka_seriko::looper: seriko: loop 抽選発火（再生開始・先頭コマから・要件 2.1/2.2） scope="0" slot=Shell animation_id=1400 k=4
2026-08-14T04:01:38.800000Z DEBUG actor{actor="emo-text"}: areka_emo_present::presenter::timing: perf(apply_show): 段階別計時 target_id=TargetId(0) surface_id=1000 cache_hit=true t_cache_us=80 t_compose_us=0 t_resample_us=0 t_mask_us=0 t_upload_us=40 t_total_us=120 alloc_compose_dst=0 alloc_resample_dst=0 alloc_xmap=0 alloc_mask=0 key_hash=0x9f3a2b1c4d5e6f70
2026-08-14T04:01:38.950000Z DEBUG actor{actor="emo-text"}: areka_emo_present::presenter::timing: perf(apply_show): 段階別計時 target_id=TargetId(0) surface_id=1000 cache_hit=true t_cache_us=80 t_compose_us=0 t_resample_us=0 t_mask_us=0 t_upload_us=40 t_total_us=120 alloc_compose_dst=0 alloc_resample_dst=0 alloc_xmap=0 alloc_mask=0 key_hash=0x9f3a2b1c4d5e6f70
2026-08-14T04:01:38.972000Z DEBUG actor{actor="emo-text"}: areka_emo_present::presenter::timing: perf(apply_show): 段階別計時 target_id=TargetId(0) surface_id=1000 cache_hit=true t_cache_us=80 t_compose_us=0 t_resample_us=0 t_mask_us=0 t_upload_us=40 t_total_us=120 alloc_compose_dst=0 alloc_resample_dst=0 alloc_xmap=0 alloc_mask=0 key_hash=0x9f3a2b1c4d5e6f70
2026-08-14T04:01:39.000000Z INFO actor{actor=seriko}: areka_seriko::looper: seriko: loop 抽選発火（再生開始・先頭コマから・要件 2.1/2.2） scope="0" slot=Shell animation_id=1400 k=4
2026-08-14T04:01:39.000000Z DEBUG actor{actor="emo-text"}: areka_emo_present::presenter::timing: perf(apply_show): 段階別計時 target_id=TargetId(0) surface_id=1000 cache_hit=true t_cache_us=80 t_compose_us=0 t_resample_us=0 t_mask_us=0 t_upload_us=40 t_total_us=120 alloc_compose_dst=0 alloc_resample_dst=0 alloc_xmap=0 alloc_mask=0 key_hash=0x9f3a2b1c4d5e6f70
2026-08-14T04:01:39.150000Z DEBUG actor{actor="emo-text"}: areka_emo_present::presenter::timing: perf(apply_show): 段階別計時 target_id=TargetId(0) surface_id=1000 cache_hit=true t_cache_us=80 t_compose_us=0 t_resample_us=0 t_mask_us=0 t_upload_us=40 t_total_us=120 alloc_compose_dst=0 alloc_resample_dst=0 alloc_xmap=0 alloc_mask=0 key_hash=0x9f3a2b1c4d5e6f70
2026-08-14T04:01:39.172000Z DEBUG actor{actor="emo-text"}: areka_emo_present::presenter::timing: perf(apply_show): 段階別計時 target_id=TargetId(0) surface_id=1000 cache_hit=true t_cache_us=80 t_compose_us=0 t_resample_us=0 t_mask_us=0 t_upload_us=40 t_total_us=120 alloc_compose_dst=0 alloc_resample_dst=0 alloc_xmap=0 alloc_mask=0 key_hash=0x9f3a2b1c4d5e6f70
2026-08-14T04:01:39.200000Z INFO actor{actor=seriko}: areka_seriko::looper: seriko: loop 抽選発火（再生開始・先頭コマから・要件 2.1/2.2） scope="0" slot=Shell animation_id=1400 k=4
2026-08-14T04:01:39.200000Z DEBUG actor{actor="emo-text"}: areka_emo_present::presenter::timing: perf(apply_show): 段階別計時 target_id=TargetId(0) surface_id=1000 cache_hit=true t_cache_us=80 t_compose_us=0 t_resample_us=0 t_mask_us=0 t_upload_us=40 t_total_us=120 alloc_compose_dst=0 alloc_resample_dst=0 alloc_xmap=0 alloc_mask=0 key_hash=0x9f3a2b1c4d5e6f70
2026-08-14T04:01:39.350000Z DEBUG actor{actor="emo-text"}: areka_emo_present::presenter::timing: perf(apply_show): 段階別計時 target_id=TargetId(0) surface_id=1000 cache_hit=true t_cache_us=80 t_compose_us=0 t_resample_us=0 t_mask_us=0 t_upload_us=40 t_total_us=120 alloc_compose_dst=0 alloc_resample_dst=0 alloc_xmap=0 alloc_mask=0 key_hash=0x9f3a2b1c4d5e6f70
2026-08-14T04:01:39.372000Z DEBUG actor{actor="emo-text"}: areka_emo_present::presenter::timing: perf(apply_show): 段階別計時 target_id=TargetId(0) surface_id=1000 cache_hit=true t_cache_us=80 t_compose_us=0 t_resample_us=0 t_mask_us=0 t_upload_us=40 t_total_us=120 alloc_compose_dst=0 alloc_resample_dst=0 alloc_xmap=0 alloc_mask=0 key_hash=0x9f3a2b1c4d5e6f70
2026-08-14T04:01:39.400000Z INFO actor{actor=seriko}: areka_seriko::looper: seriko: loop 抽選発火（再生開始・先頭コマから・要件 2.1/2.2） scope="0" slot=Shell animation_id=1400 k=4
2026-08-14T04:01:39.400000Z DEBUG actor{actor="emo-text"}: areka_emo_present::presenter::timing: perf(apply_show): 段階別計時 target_id=TargetId(0) surface_id=1000 cache_hit=true t_cache_us=80 t_compose_us=0 t_resample_us=0 t_mask_us=0 t_upload_us=40 t_total_us=120 alloc_compose_dst=0 alloc_resample_dst=0 alloc_xmap=0 alloc_mask=0 key_hash=0x9f3a2b1c4d5e6f70
2026-08-14T04:01:39.400000Z INFO actor{actor=seriko}: areka_seriko::looper: seriko: loop 抽選発火（再生開始・先頭コマから・要件 2.1/2.2） scope="0" slot=Shell animation_id=1402 k=4
2026-08-14T04:01:39.400000Z DEBUG actor{actor="emo-text"}: areka_emo_present::presenter::timing: perf(apply_show): 段階別計時 target_id=TargetId(0) surface_id=1000 cache_hit=true t_cache_us=80 t_compose_us=0 t_resample_us=0 t_mask_us=0 t_upload_us=40 t_total_us=120 alloc_compose_dst=0 alloc_resample_dst=0 alloc_xmap=0 alloc_mask=0 key_hash=0x9f3a2b1c4d5e6f70
2026-08-14T04:01:39.550000Z DEBUG actor{actor="emo-text"}: areka_emo_present::presenter::timing: perf(apply_show): 段階別計時 target_id=TargetId(0) surface_id=1000 cache_hit=true t_cache_us=80 t_compose_us=0 t_resample_us=0 t_mask_us=0 t_upload_us=40 t_total_us=120 alloc_compose_dst=0 alloc_resample_dst=0 alloc_xmap=0 alloc_mask=0 key_hash=0x9f3a2b1c4d5e6f70
2026-08-14T04:01:39.572000Z DEBUG actor{actor="emo-text"}: areka_emo_present::presenter::timing: perf(apply_show): 段階別計時 target_id=TargetId(0) surface_id=1000 cache_hit=true t_cache_us=80 t_compose_us=0 t_resample_us=0 t_mask_us=0 t_upload_us=40 t_total_us=120 alloc_compose_dst=0 alloc_resample_dst=0 alloc_xmap=0 alloc_mask=0 key_hash=0x9f3a2b1c4d5e6f70
2026-08-14T04:01:39.600000Z INFO actor{actor=seriko}: areka_seriko::looper: seriko: loop 抽選発火（再生開始・先頭コマから・要件 2.1/2.2） scope="0" slot=Shell animation_id=1400 k=4
2026-08-14T04:01:39.600000Z DEBUG actor{actor="emo-text"}: areka_emo_present::presenter::timing: perf(apply_show): 段階別計時 target_id=TargetId(0) surface_id=1000 cache_hit=true t_cache_us=80 t_compose_us=0 t_resample_us=0 t_mask_us=0 t_upload_us=40 t_total_us=120 alloc_compose_dst=0 alloc_resample_dst=0 alloc_xmap=0 alloc_mask=0 key_hash=0x9f3a2b1c4d5e6f70
2026-08-14T04:01:39.750000Z DEBUG actor{actor="emo-text"}: areka_emo_present::presenter::timing: perf(apply_show): 段階別計時 target_id=TargetId(0) surface_id=1000 cache_hit=true t_cache_us=80 t_compose_us=0 t_resample_us=0 t_mask_us=0 t_upload_us=40 t_total_us=120 alloc_compose_dst=0 alloc_resample_dst=0 alloc_xmap=0 alloc_mask=0 key_hash=0x9f3a2b1c4d5e6f70
2026-08-14T04:01:39.772000Z DEBUG actor{actor="emo-text"}: areka_emo_present::presenter::timing: perf(apply_show): 段階別計時 target_id=TargetId(0) surface_id=1000 cache_hit=true t_cache_us=80 t_compose_us=0 t_resample_us=0 t_mask_us=0 t_upload_us=40 t_total_us=120 alloc_compose_dst=0 alloc_resample_dst=0 alloc_xmap=0 alloc_mask=0 key_hash=0x9f3a2b1c4d5e6f70
2026-08-14T04:01:39.800000Z INFO actor{actor=seriko}: areka_seriko::looper: seriko: loop 抽選発火（再生開始・先頭コマから・要件 2.1/2.2） scope="0" slot=Shell animation_id=1400 k=4
2026-08-14T04:01:39.800000Z DEBUG actor{actor="emo-text"}: areka_emo_present::presenter::timing: perf(apply_show): 段階別計時 target_id=TargetId(0) surface_id=1000 cache_hit=true t_cache_us=80 t_compose_us=0 t_resample_us=0 t_mask_us=0 t_upload_us=40 t_total_us=120 alloc_compose_dst=0 alloc_resample_dst=0 alloc_xmap=0 alloc_mask=0 key_hash=0x9f3a2b1c4d5e6f70
2026-08-14T04:01:39.950000Z DEBUG actor{actor="emo-text"}: areka_emo_present::presenter::timing: perf(apply_show): 段階別計時 target_id=TargetId(0) surface_id=1000 cache_hit=true t_cache_us=80 t_compose_us=0 t_resample_us=0 t_mask_us=0 t_upload_us=40 t_total_us=120 alloc_compose_dst=0 alloc_resample_dst=0 alloc_xmap=0 alloc_mask=0 key_hash=0x9f3a2b1c4d5e6f70
2026-08-14T04:01:39.972000Z DEBUG actor{actor="emo-text"}: areka_emo_present::presenter::timing: perf(apply_show): 段階別計時 target_id=TargetId(0) surface_id=1000 cache_hit=true t_cache_us=80 t_compose_us=0 t_resample_us=0 t_mask_us=0 t_upload_us=40 t_total_us=120 alloc_compose_dst=0 alloc_resample_dst=0 alloc_xmap=0 alloc_mask=0 key_hash=0x9f3a2b1c4d5e6f70
2026-08-14T04:01:40.000000Z INFO actor{actor=seriko}: areka_seriko::looper: seriko: loop 抽選発火（再生開始・先頭コマから・要件 2.1/2.2） scope="0" slot=Shell animation_id=1400 k=4
2026-08-14T04:01:40.000000Z DEBUG actor{actor="emo-text"}: areka_emo_present::presenter::timing: perf(apply_show): 段階別計時 target_id=TargetId(0) surface_id=1000 cache_hit=true t_cache_us=80 t_compose_us=0 t_resample_us=0 t_mask_us=0 t_upload_us=40 t_total_us=120 alloc_compose_dst=0 alloc_resample_dst=0 alloc_xmap=0 alloc_mask=0 key_hash=0x9f3a2b1c4d5e6f70
2026-08-14T04:01:40.100000Z INFO actor{actor=seriko}: areka_seriko::looper: seriko: loop 抽選発火（再生開始・先頭コマから・要件 2.1/2.2） scope="0" slot=Shell animation_id=1402 k=4
2026-08-14T04:01:40.100000Z DEBUG actor{actor="emo-text"}: areka_emo_present::presenter::timing: perf(apply_show): 段階別計時 target_id=TargetId(0) surface_id=1000 cache_hit=true t_cache_us=80 t_compose_us=0 t_resample_us=0 t_mask_us=0 t_upload_us=40 t_total_us=120 alloc_compose_dst=0 alloc_resample_dst=0 alloc_xmap=0 alloc_mask=0 key_hash=0x9f3a2b1c4d5e6f70
2026-08-14T04:01:40.150000Z DEBUG actor{actor="emo-text"}: areka_emo_present::presenter::timing: perf(apply_show): 段階別計時 target_id=TargetId(0) surface_id=1000 cache_hit=true t_cache_us=80 t_compose_us=0 t_resample_us=0 t_mask_us=0 t_upload_us=40 t_total_us=120 alloc_compose_dst=0 alloc_resample_dst=0 alloc_xmap=0 alloc_mask=0 key_hash=0x9f3a2b1c4d5e6f70
2026-08-14T04:01:40.172000Z DEBUG actor{actor="emo-text"}: areka_emo_present::presenter::timing: perf(apply_show): 段階別計時 target_id=TargetId(0) surface_id=1000 cache_hit=true t_cache_us=80 t_compose_us=0 t_resample_us=0 t_mask_us=0 t_upload_us=40 t_total_us=120 alloc_compose_dst=0 alloc_resample_dst=0 alloc_xmap=0 alloc_mask=0 key_hash=0x9f3a2b1c4d5e6f70
2026-08-14T04:01:40.200000Z INFO actor{actor=seriko}: areka_seriko::looper: seriko: loop 抽選発火（再生開始・先頭コマから・要件 2.1/2.2） scope="0" slot=Shell animation_id=1400 k=4
2026-08-14T04:01:40.200000Z DEBUG actor{actor="emo-text"}: areka_emo_present::presenter::timing: perf(apply_show): 段階別計時 target_id=TargetId(0) surface_id=1000 cache_hit=true t_cache_us=80 t_compose_us=0 t_resample_us=0 t_mask_us=0 t_upload_us=40 t_total_us=120 alloc_compose_dst=0 alloc_resample_dst=0 alloc_xmap=0 alloc_mask=0 key_hash=0x9f3a2b1c4d5e6f70
2026-08-14T04:01:40.350000Z DEBUG actor{actor="emo-text"}: areka_emo_present::presenter::timing: perf(apply_show): 段階別計時 target_id=TargetId(0) surface_id=1000 cache_hit=true t_cache_us=80 t_compose_us=0 t_resample_us=0 t_mask_us=0 t_upload_us=40 t_total_us=120 alloc_compose_dst=0 alloc_resample_dst=0 alloc_xmap=0 alloc_mask=0 key_hash=0x9f3a2b1c4d5e6f70
2026-08-14T04:01:40.372000Z DEBUG actor{actor="emo-text"}: areka_emo_present::presenter::timing: perf(apply_show): 段階別計時 target_id=TargetId(0) surface_id=1000 cache_hit=true t_cache_us=80 t_compose_us=0 t_resample_us=0 t_mask_us=0 t_upload_us=40 t_total_us=120 alloc_compose_dst=0 alloc_resample_dst=0 alloc_xmap=0 alloc_mask=0 key_hash=0x9f3a2b1c4d5e6f70
2026-08-14T04:01:40.400000Z INFO actor{actor=seriko}: areka_seriko::looper: seriko: loop 抽選発火（再生開始・先頭コマから・要件 2.1/2.2） scope="0" slot=Shell animation_id=1400 k=4
2026-08-14T04:01:40.400000Z DEBUG actor{actor="emo-text"}: areka_emo_present::presenter::timing: perf(apply_show): 段階別計時 target_id=TargetId(0) surface_id=1000 cache_hit=true t_cache_us=80 t_compose_us=0 t_resample_us=0 t_mask_us=0 t_upload_us=40 t_total_us=120 alloc_compose_dst=0 alloc_resample_dst=0 alloc_xmap=0 alloc_mask=0 key_hash=0x9f3a2b1c4d5e6f70
2026-08-14T04:01:40.550000Z DEBUG actor{actor="emo-text"}: areka_emo_present::presenter::timing: perf(apply_show): 段階別計時 target_id=TargetId(0) surface_id=1000 cache_hit=true t_cache_us=80 t_compose_us=0 t_resample_us=0 t_mask_us=0 t_upload_us=40 t_total_us=120 alloc_compose_dst=0 alloc_resample_dst=0 alloc_xmap=0 alloc_mask=0 key_hash=0x9f3a2b1c4d5e6f70
2026-08-14T04:01:40.572000Z DEBUG actor{actor="emo-text"}: areka_emo_present::presenter::timing: perf(apply_show): 段階別計時 target_id=TargetId(0) surface_id=1000 cache_hit=true t_cache_us=80 t_compose_us=0 t_resample_us=0 t_mask_us=0 t_upload_us=40 t_total_us=120 alloc_compose_dst=0 alloc_resample_dst=0 alloc_xmap=0 alloc_mask=0 key_hash=0x9f3a2b1c4d5e6f70
2026-08-14T04:01:40.600000Z INFO actor{actor=seriko}: areka_seriko::looper: seriko: loop 抽選発火（再生開始・先頭コマから・要件 2.1/2.2） scope="0" slot=Shell animation_id=1400 k=4
2026-08-14T04:01:40.600000Z DEBUG actor{actor="emo-text"}: areka_emo_present::presenter::timing: perf(apply_show): 段階別計時 target_id=TargetId(0) surface_id=1000 cache_hit=true t_cache_us=80 t_compose_us=0 t_resample_us=0 t_mask_us=0 t_upload_us=40 t_total_us=120 alloc_compose_dst=0 alloc_resample_dst=0 alloc_xmap=0 alloc_mask=0 key_hash=0x9f3a2b1c4d5e6f70
2026-08-14T04:01:40.750000Z DEBUG actor{actor="emo-text"}: areka_emo_present::presenter::timing: perf(apply_show): 段階別計時 target_id=TargetId(0) surface_id=1000 cache_hit=true t_cache_us=80 t_compose_us=0 t_resample_us=0 t_mask_us=0 t_upload_us=40 t_total_us=120 alloc_compose_dst=0 alloc_resample_dst=0 alloc_xmap=0 alloc_mask=0 key_hash=0x9f3a2b1c4d5e6f70
2026-08-14T04:01:40.772000Z DEBUG actor{actor="emo-text"}: areka_emo_present::presenter::timing: perf(apply_show): 段階別計時 target_id=TargetId(0) surface_id=1000 cache_hit=true t_cache_us=80 t_compose_us=0 t_resample_us=0 t_mask_us=0 t_upload_us=40 t_total_us=120 alloc_compose_dst=0 alloc_resample_dst=0 alloc_xmap=0 alloc_mask=0 key_hash=0x9f3a2b1c4d5e6f70
2026-08-14T04:01:40.800000Z INFO actor{actor=seriko}: areka_seriko::looper: seriko: loop 抽選発火（再生開始・先頭コマから・要件 2.1/2.2） scope="0" slot=Shell animation_id=1400 k=4
2026-08-14T04:01:40.800000Z DEBUG actor{actor="emo-text"}: areka_emo_present::presenter::timing: perf(apply_show): 段階別計時 target_id=TargetId(0) surface_id=1000 cache_hit=true t_cache_us=80 t_compose_us=0 t_resample_us=0 t_mask_us=0 t_upload_us=40 t_total_us=120 alloc_compose_dst=0 alloc_resample_dst=0 alloc_xmap=0 alloc_mask=0 key_hash=0x9f3a2b1c4d5e6f70
2026-08-14T04:01:40.800000Z INFO actor{actor=seriko}: areka_seriko::looper: seriko: loop 抽選発火（再生開始・先頭コマから・要件 2.1/2.2） scope="0" slot=Shell animation_id=1402 k=4
2026-08-14T04:01:40.800000Z DEBUG actor{actor="emo-text"}: areka_emo_present::presenter::timing: perf(apply_show): 段階別計時 target_id=TargetId(0) surface_id=1000 cache_hit=true t_cache_us=80 t_compose_us=0 t_resample_us=0 t_mask_us=0 t_upload_us=40 t_total_us=120 alloc_compose_dst=0 alloc_resample_dst=0 alloc_xmap=0 alloc_mask=0 key_hash=0x9f3a2b1c4d5e6f70
2026-08-14T04:01:40.950000Z DEBUG actor{actor="emo-text"}: areka_emo_present::presenter::timing: perf(apply_show): 段階別計時 target_id=TargetId(0) surface_id=1000 cache_hit=true t_cache_us=80 t_compose_us=0 t_resample_us=0 t_mask_us=0 t_upload_us=40 t_total_us=120 alloc_compose_dst=0 alloc_resample_dst=0 alloc_xmap=0 alloc_mask=0 key_hash=0x9f3a2b1c4d5e6f70
2026-08-14T04:01:40.972000Z DEBUG actor{actor="emo-text"}: areka_emo_present::presenter::timing: perf(apply_show): 段階別計時 target_id=TargetId(0) surface_id=1000 cache_hit=true t_cache_us=80 t_compose_us=0 t_resample_us=0 t_mask_us=0 t_upload_us=40 t_total_us=120 alloc_compose_dst=0 alloc_resample_dst=0 alloc_xmap=0 alloc_mask=0 key_hash=0x9f3a2b1c4d5e6f70
2026-08-14T04:01:41.000000Z INFO actor{actor=seriko}: areka_seriko::looper: seriko: loop 抽選発火（再生開始・先頭コマから・要件 2.1/2.2） scope="0" slot=Shell animation_id=1400 k=4
2026-08-14T04:01:41.000000Z DEBUG actor{actor="emo-text"}: areka_emo_present::presenter::timing: perf(apply_show): 段階別計時 target_id=TargetId(0) surface_id=1000 cache_hit=true t_cache_us=80 t_compose_us=0 t_resample_us=0 t_mask_us=0 t_upload_us=40 t_total_us=120 alloc_compose_dst=0 alloc_resample_dst=0 alloc_xmap=0 alloc_mask=0 key_hash=0x9f3a2b1c4d5e6f70
2026-08-14T04:01:41.150000Z DEBUG actor{actor="emo-text"}: areka_emo_present::presenter::timing: perf(apply_show): 段階別計時 target_id=TargetId(0) surface_id=1000 cache_hit=true t_cache_us=80 t_compose_us=0 t_resample_us=0 t_mask_us=0 t_upload_us=40 t_total_us=120 alloc_compose_dst=0 alloc_resample_dst=0 alloc_xmap=0 alloc_mask=0 key_hash=0x9f3a2b1c4d5e6f70
2026-08-14T04:01:41.172000Z DEBUG actor{actor="emo-text"}: areka_emo_present::presenter::timing: perf(apply_show): 段階別計時 target_id=TargetId(0) surface_id=1000 cache_hit=true t_cache_us=80 t_compose_us=0 t_resample_us=0 t_mask_us=0 t_upload_us=40 t_total_us=120 alloc_compose_dst=0 alloc_resample_dst=0 alloc_xmap=0 alloc_mask=0 key_hash=0x9f3a2b1c4d5e6f70
2026-08-14T04:01:41.200000Z INFO actor{actor=seriko}: areka_seriko::looper: seriko: loop 抽選発火（再生開始・先頭コマから・要件 2.1/2.2） scope="0" slot=Shell animation_id=1400 k=4
2026-08-14T04:01:41.200000Z DEBUG actor{actor="emo-text"}: areka_emo_present::presenter::timing: perf(apply_show): 段階別計時 target_id=TargetId(0) surface_id=1000 cache_hit=true t_cache_us=80 t_compose_us=0 t_resample_us=0 t_mask_us=0 t_upload_us=40 t_total_us=120 alloc_compose_dst=0 alloc_resample_dst=0 alloc_xmap=0 alloc_mask=0 key_hash=0x9f3a2b1c4d5e6f70
2026-08-14T04:01:41.350000Z DEBUG actor{actor="emo-text"}: areka_emo_present::presenter::timing: perf(apply_show): 段階別計時 target_id=TargetId(0) surface_id=1000 cache_hit=true t_cache_us=80 t_compose_us=0 t_resample_us=0 t_mask_us=0 t_upload_us=40 t_total_us=120 alloc_compose_dst=0 alloc_resample_dst=0 alloc_xmap=0 alloc_mask=0 key_hash=0x9f3a2b1c4d5e6f70
2026-08-14T04:01:41.372000Z DEBUG actor{actor="emo-text"}: areka_emo_present::presenter::timing: perf(apply_show): 段階別計時 target_id=TargetId(0) surface_id=1000 cache_hit=true t_cache_us=80 t_compose_us=0 t_resample_us=0 t_mask_us=0 t_upload_us=40 t_total_us=120 alloc_compose_dst=0 alloc_resample_dst=0 alloc_xmap=0 alloc_mask=0 key_hash=0x9f3a2b1c4d5e6f70
2026-08-14T04:01:41.400000Z INFO actor{actor=seriko}: areka_seriko::looper: seriko: loop 抽選発火（再生開始・先頭コマから・要件 2.1/2.2） scope="0" slot=Shell animation_id=1400 k=4
2026-08-14T04:01:41.400000Z DEBUG actor{actor="emo-text"}: areka_emo_present::presenter::timing: perf(apply_show): 段階別計時 target_id=TargetId(0) surface_id=1000 cache_hit=true t_cache_us=80 t_compose_us=0 t_resample_us=0 t_mask_us=0 t_upload_us=40 t_total_us=120 alloc_compose_dst=0 alloc_resample_dst=0 alloc_xmap=0 alloc_mask=0 key_hash=0x9f3a2b1c4d5e6f70
2026-08-14T04:01:41.500000Z INFO actor{actor=seriko}: areka_seriko::looper: seriko: loop 抽選発火（再生開始・先頭コマから・要件 2.1/2.2） scope="0" slot=Shell animation_id=1402 k=4
2026-08-14T04:01:41.500000Z DEBUG actor{actor="emo-text"}: areka_emo_present::presenter::timing: perf(apply_show): 段階別計時 target_id=TargetId(0) surface_id=1000 cache_hit=true t_cache_us=80 t_compose_us=0 t_resample_us=0 t_mask_us=0 t_upload_us=40 t_total_us=120 alloc_compose_dst=0 alloc_resample_dst=0 alloc_xmap=0 alloc_mask=0 key_hash=0x9f3a2b1c4d5e6f70
2026-08-14T04:01:41.550000Z DEBUG actor{actor="emo-text"}: areka_emo_present::presenter::timing: perf(apply_show): 段階別計時 target_id=TargetId(0) surface_id=1000 cache_hit=true t_cache_us=80 t_compose_us=0 t_resample_us=0 t_mask_us=0 t_upload_us=40 t_total_us=120 alloc_compose_dst=0 alloc_resample_dst=0 alloc_xmap=0 alloc_mask=0 key_hash=0x9f3a2b1c4d5e6f70
2026-08-14T04:01:41.572000Z DEBUG actor{actor="emo-text"}: areka_emo_present::presenter::timing: perf(apply_show): 段階別計時 target_id=TargetId(0) surface_id=1000 cache_hit=true t_cache_us=80 t_compose_us=0 t_resample_us=0 t_mask_us=0 t_upload_us=40 t_total_us=120 alloc_compose_dst=0 alloc_resample_dst=0 alloc_xmap=0 alloc_mask=0 key_hash=0x9f3a2b1c4d5e6f70
2026-08-14T04:01:41.600000Z INFO actor{actor=seriko}: areka_seriko::looper: seriko: loop 抽選発火（再生開始・先頭コマから・要件 2.1/2.2） scope="0" slot=Shell animation_id=1400 k=4
2026-08-14T04:01:41.600000Z DEBUG actor{actor="emo-text"}: areka_emo_present::presenter::timing: perf(apply_show): 段階別計時 target_id=TargetId(0) surface_id=1000 cache_hit=true t_cache_us=80 t_compose_us=0 t_resample_us=0 t_mask_us=0 t_upload_us=40 t_total_us=120 alloc_compose_dst=0 alloc_resample_dst=0 alloc_xmap=0 alloc_mask=0 key_hash=0x9f3a2b1c4d5e6f70
2026-08-14T04:01:41.750000Z DEBUG actor{actor="emo-text"}: areka_emo_present::presenter::timing: perf(apply_show): 段階別計時 target_id=TargetId(0) surface_id=1000 cache_hit=true t_cache_us=80 t_compose_us=0 t_resample_us=0 t_mask_us=0 t_upload_us=40 t_total_us=120 alloc_compose_dst=0 alloc_resample_dst=0 alloc_xmap=0 alloc_mask=0 key_hash=0x9f3a2b1c4d5e6f70
2026-08-14T04:01:41.772000Z DEBUG actor{actor="emo-text"}: areka_emo_present::presenter::timing: perf(apply_show): 段階別計時 target_id=TargetId(0) surface_id=1000 cache_hit=true t_cache_us=80 t_compose_us=0 t_resample_us=0 t_mask_us=0 t_upload_us=40 t_total_us=120 alloc_compose_dst=0 alloc_resample_dst=0 alloc_xmap=0 alloc_mask=0 key_hash=0x9f3a2b1c4d5e6f70
2026-08-14T04:01:41.800000Z INFO actor{actor=seriko}: areka_seriko::looper: seriko: loop 抽選発火（再生開始・先頭コマから・要件 2.1/2.2） scope="0" slot=Shell animation_id=1400 k=4
2026-08-14T04:01:41.800000Z DEBUG actor{actor="emo-text"}: areka_emo_present::presenter::timing: perf(apply_show): 段階別計時 target_id=TargetId(0) surface_id=1000 cache_hit=true t_cache_us=80 t_compose_us=0 t_resample_us=0 t_mask_us=0 t_upload_us=40 t_total_us=120 alloc_compose_dst=0 alloc_resample_dst=0 alloc_xmap=0 alloc_mask=0 key_hash=0x9f3a2b1c4d5e6f70
2026-08-14T04:01:41.950000Z DEBUG actor{actor="emo-text"}: areka_emo_present::presenter::timing: perf(apply_show): 段階別計時 target_id=TargetId(0) surface_id=1000 cache_hit=true t_cache_us=80 t_compose_us=0 t_resample_us=0 t_mask_us=0 t_upload_us=40 t_total_us=120 alloc_compose_dst=0 alloc_resample_dst=0 alloc_xmap=0 alloc_mask=0 key_hash=0x9f3a2b1c4d5e6f70
2026-08-14T04:01:41.972000Z DEBUG actor{actor="emo-text"}: areka_emo_present::presenter::timing: perf(apply_show): 段階別計時 target_id=TargetId(0) surface_id=1000 cache_hit=true t_cache_us=80 t_compose_us=0 t_resample_us=0 t_mask_us=0 t_upload_us=40 t_total_us=120 alloc_compose_dst=0 alloc_resample_dst=0 alloc_xmap=0 alloc_mask=0 key_hash=0x9f3a2b1c4d5e6f70
2026-08-14T04:01:42.000000Z INFO actor{actor=seriko}: areka_seriko::looper: seriko: loop 抽選発火（再生開始・先頭コマから・要件 2.1/2.2） scope="0" slot=Shell animation_id=1400 k=4
2026-08-14T04:01:42.000000Z DEBUG actor{actor="emo-text"}: areka_emo_present::presenter::timing: perf(apply_show): 段階別計時 target_id=TargetId(0) surface_id=1000 cache_hit=true t_cache_us=80 t_compose_us=0 t_resample_us=0 t_mask_us=0 t_upload_us=40 t_total_us=120 alloc_compose_dst=0 alloc_resample_dst=0 alloc_xmap=0 alloc_mask=0 key_hash=0x9f3a2b1c4d5e6f70
2026-08-14T04:01:42.150000Z DEBUG actor{actor="emo-text"}: areka_emo_present::presenter::timing: perf(apply_show): 段階別計時 target_id=TargetId(0) surface_id=1000 cache_hit=true t_cache_us=80 t_compose_us=0 t_resample_us=0 t_mask_us=0 t_upload_us=40 t_total_us=120 alloc_compose_dst=0 alloc_resample_dst=0 alloc_xmap=0 alloc_mask=0 key_hash=0x9f3a2b1c4d5e6f70
2026-08-14T04:01:42.172000Z DEBUG actor{actor="emo-text"}: areka_emo_present::presenter::timing: perf(apply_show): 段階別計時 target_id=TargetId(0) surface_id=1000 cache_hit=true t_cache_us=80 t_compose_us=0 t_resample_us=0 t_mask_us=0 t_upload_us=40 t_total_us=120 alloc_compose_dst=0 alloc_resample_dst=0 alloc_xmap=0 alloc_mask=0 key_hash=0x9f3a2b1c4d5e6f70
2026-08-14T04:01:42.200000Z INFO actor{actor=seriko}: areka_seriko::looper: seriko: loop 抽選発火（再生開始・先頭コマから・要件 2.1/2.2） scope="0" slot=Shell animation_id=1400 k=4
2026-08-14T04:01:42.200000Z DEBUG actor{actor="emo-text"}: areka_emo_present::presenter::timing: perf(apply_show): 段階別計時 target_id=TargetId(0) surface_id=1000 cache_hit=true t_cache_us=80 t_compose_us=0 t_resample_us=0 t_mask_us=0 t_upload_us=40 t_total_us=120 alloc_compose_dst=0 alloc_resample_dst=0 alloc_xmap=0 alloc_mask=0 key_hash=0x9f3a2b1c4d5e6f70
2026-08-14T04:01:42.200000Z INFO actor{actor=seriko}: areka_seriko::looper: seriko: loop 抽選発火（再生開始・先頭コマから・要件 2.1/2.2） scope="0" slot=Shell animation_id=1402 k=4
2026-08-14T04:01:42.200000Z DEBUG actor{actor="emo-text"}: areka_emo_present::presenter::timing: perf(apply_show): 段階別計時 target_id=TargetId(0) surface_id=1000 cache_hit=true t_cache_us=80 t_compose_us=0 t_resample_us=0 t_mask_us=0 t_upload_us=40 t_total_us=120 alloc_compose_dst=0 alloc_resample_dst=0 alloc_xmap=0 alloc_mask=0 key_hash=0x9f3a2b1c4d5e6f70
2026-08-14T04:01:42.350000Z DEBUG actor{actor="emo-text"}: areka_emo_present::presenter::timing: perf(apply_show): 段階別計時 target_id=TargetId(0) surface_id=1000 cache_hit=true t_cache_us=80 t_compose_us=0 t_resample_us=0 t_mask_us=0 t_upload_us=40 t_total_us=120 alloc_compose_dst=0 alloc_resample_dst=0 alloc_xmap=0 alloc_mask=0 key_hash=0x9f3a2b1c4d5e6f70
2026-08-14T04:01:42.372000Z DEBUG actor{actor="emo-text"}: areka_emo_present::presenter::timing: perf(apply_show): 段階別計時 target_id=TargetId(0) surface_id=1000 cache_hit=true t_cache_us=80 t_compose_us=0 t_resample_us=0 t_mask_us=0 t_upload_us=40 t_total_us=120 alloc_compose_dst=0 alloc_resample_dst=0 alloc_xmap=0 alloc_mask=0 key_hash=0x9f3a2b1c4d5e6f70
2026-08-14T04:01:42.400000Z INFO actor{actor=seriko}: areka_seriko::looper: seriko: loop 抽選発火（再生開始・先頭コマから・要件 2.1/2.2） scope="0" slot=Shell animation_id=1400 k=4
2026-08-14T04:01:42.400000Z DEBUG actor{actor="emo-text"}: areka_emo_present::presenter::timing: perf(apply_show): 段階別計時 target_id=TargetId(0) surface_id=1000 cache_hit=true t_cache_us=80 t_compose_us=0 t_resample_us=0 t_mask_us=0 t_upload_us=40 t_total_us=120 alloc_compose_dst=0 alloc_resample_dst=0 alloc_xmap=0 alloc_mask=0 key_hash=0x9f3a2b1c4d5e6f70
2026-08-14T04:01:42.550000Z DEBUG actor{actor="emo-text"}: areka_emo_present::presenter::timing: perf(apply_show): 段階別計時 target_id=TargetId(0) surface_id=1000 cache_hit=true t_cache_us=80 t_compose_us=0 t_resample_us=0 t_mask_us=0 t_upload_us=40 t_total_us=120 alloc_compose_dst=0 alloc_resample_dst=0 alloc_xmap=0 alloc_mask=0 key_hash=0x9f3a2b1c4d5e6f70
2026-08-14T04:01:42.572000Z DEBUG actor{actor="emo-text"}: areka_emo_present::presenter::timing: perf(apply_show): 段階別計時 target_id=TargetId(0) surface_id=1000 cache_hit=true t_cache_us=80 t_compose_us=0 t_resample_us=0 t_mask_us=0 t_upload_us=40 t_total_us=120 alloc_compose_dst=0 alloc_resample_dst=0 alloc_xmap=0 alloc_mask=0 key_hash=0x9f3a2b1c4d5e6f70
2026-08-14T04:01:42.600000Z INFO actor{actor=seriko}: areka_seriko::looper: seriko: loop 抽選発火（再生開始・先頭コマから・要件 2.1/2.2） scope="0" slot=Shell animation_id=1400 k=4
2026-08-14T04:01:42.600000Z DEBUG actor{actor="emo-text"}: areka_emo_present::presenter::timing: perf(apply_show): 段階別計時 target_id=TargetId(0) surface_id=1000 cache_hit=true t_cache_us=80 t_compose_us=0 t_resample_us=0 t_mask_us=0 t_upload_us=40 t_total_us=120 alloc_compose_dst=0 alloc_resample_dst=0 alloc_xmap=0 alloc_mask=0 key_hash=0x9f3a2b1c4d5e6f70
2026-08-14T04:01:42.750000Z DEBUG actor{actor="emo-text"}: areka_emo_present::presenter::timing: perf(apply_show): 段階別計時 target_id=TargetId(0) surface_id=1000 cache_hit=true t_cache_us=80 t_compose_us=0 t_resample_us=0 t_mask_us=0 t_upload_us=40 t_total_us=120 alloc_compose_dst=0 alloc_resample_dst=0 alloc_xmap=0 alloc_mask=0 key_hash=0x9f3a2b1c4d5e6f70
2026-08-14T04:01:42.772000Z DEBUG actor{actor="emo-text"}: areka_emo_present::presenter::timing: perf(apply_show): 段階別計時 target_id=TargetId(0) surface_id=1000 cache_hit=true t_cache_us=80 t_compose_us=0 t_resample_us=0 t_mask_us=0 t_upload_us=40 t_total_us=120 alloc_compose_dst=0 alloc_resample_dst=0 alloc_xmap=0 alloc_mask=0 key_hash=0x9f3a2b1c4d5e6f70
2026-08-14T04:01:42.800000Z INFO actor{actor=seriko}: areka_seriko::looper: seriko: loop 抽選発火（再生開始・先頭コマから・要件 2.1/2.2） scope="0" slot=Shell animation_id=1400 k=4
2026-08-14T04:01:42.800000Z DEBUG actor{actor="emo-text"}: areka_emo_present::presenter::timing: perf(apply_show): 段階別計時 target_id=TargetId(0) surface_id=1000 cache_hit=true t_cache_us=80 t_compose_us=0 t_resample_us=0 t_mask_us=0 t_upload_us=40 t_total_us=120 alloc_compose_dst=0 alloc_resample_dst=0 alloc_xmap=0 alloc_mask=0 key_hash=0x9f3a2b1c4d5e6f70
2026-08-14T04:01:42.900000Z INFO actor{actor=seriko}: areka_seriko::looper: seriko: loop 抽選発火（再生開始・先頭コマから・要件 2.1/2.2） scope="0" slot=Shell animation_id=1402 k=4
2026-08-14T04:01:42.900000Z DEBUG actor{actor="emo-text"}: areka_emo_present::presenter::timing: perf(apply_show): 段階別計時 target_id=TargetId(0) surface_id=1000 cache_hit=true t_cache_us=80 t_compose_us=0 t_resample_us=0 t_mask_us=0 t_upload_us=40 t_total_us=120 alloc_compose_dst=0 alloc_resample_dst=0 alloc_xmap=0 alloc_mask=0 key_hash=0x9f3a2b1c4d5e6f70
2026-08-14T04:01:42.950000Z DEBUG actor{actor="emo-text"}: areka_emo_present::presenter::timing: perf(apply_show): 段階別計時 target_id=TargetId(0) surface_id=1000 cache_hit=true t_cache_us=80 t_compose_us=0 t_resample_us=0 t_mask_us=0 t_upload_us=40 t_total_us=120 alloc_compose_dst=0 alloc_resample_dst=0 alloc_xmap=0 alloc_mask=0 key_hash=0x9f3a2b1c4d5e6f70
2026-08-14T04:01:42.972000Z DEBUG actor{actor="emo-text"}: areka_emo_present::presenter::timing: perf(apply_show): 段階別計時 target_id=TargetId(0) surface_id=1000 cache_hit=true t_cache_us=80 t_compose_us=0 t_resample_us=0 t_mask_us=0 t_upload_us=40 t_total_us=120 alloc_compose_dst=0 alloc_resample_dst=0 alloc_xmap=0 alloc_mask=0 key_hash=0x9f3a2b1c4d5e6f70
2026-08-14T04:01:43.000000Z INFO actor{actor=seriko}: areka_seriko::looper: seriko: loop 抽選発火（再生開始・先頭コマから・要件 2.1/2.2） scope="0" slot=Shell animation_id=1400 k=4
2026-08-14T04:01:43.000000Z DEBUG actor{actor="emo-text"}: areka_emo_present::presenter::timing: perf(apply_show): 段階別計時 target_id=TargetId(0) surface_id=1000 cache_hit=true t_cache_us=80 t_compose_us=0 t_resample_us=0 t_mask_us=0 t_upload_us=40 t_total_us=120 alloc_compose_dst=0 alloc_resample_dst=0 alloc_xmap=0 alloc_mask=0 key_hash=0x9f3a2b1c4d5e6f70
2026-08-14T04:01:43.150000Z DEBUG actor{actor="emo-text"}: areka_emo_present::presenter::timing: perf(apply_show): 段階別計時 target_id=TargetId(0) surface_id=1000 cache_hit=true t_cache_us=80 t_compose_us=0 t_resample_us=0 t_mask_us=0 t_upload_us=40 t_total_us=120 alloc_compose_dst=0 alloc_resample_dst=0 alloc_xmap=0 alloc_mask=0 key_hash=0x9f3a2b1c4d5e6f70
2026-08-14T04:01:43.172000Z DEBUG actor{actor="emo-text"}: areka_emo_present::presenter::timing: perf(apply_show): 段階別計時 target_id=TargetId(0) surface_id=1000 cache_hit=true t_cache_us=80 t_compose_us=0 t_resample_us=0 t_mask_us=0 t_upload_us=40 t_total_us=120 alloc_compose_dst=0 alloc_resample_dst=0 alloc_xmap=0 alloc_mask=0 key_hash=0x9f3a2b1c4d5e6f70
2026-08-14T04:01:43.200000Z INFO actor{actor=seriko}: areka_seriko::looper: seriko: loop 抽選発火（再生開始・先頭コマから・要件 2.1/2.2） scope="0" slot=Shell animation_id=1400 k=4
2026-08-14T04:01:43.200000Z DEBUG actor{actor="emo-text"}: areka_emo_present::presenter::timing: perf(apply_show): 段階別計時 target_id=TargetId(0) surface_id=1000 cache_hit=true t_cache_us=80 t_compose_us=0 t_resample_us=0 t_mask_us=0 t_upload_us=40 t_total_us=120 alloc_compose_dst=0 alloc_resample_dst=0 alloc_xmap=0 alloc_mask=0 key_hash=0x9f3a2b1c4d5e6f70
2026-08-14T04:01:43.350000Z DEBUG actor{actor="emo-text"}: areka_emo_present::presenter::timing: perf(apply_show): 段階別計時 target_id=TargetId(0) surface_id=1000 cache_hit=true t_cache_us=80 t_compose_us=0 t_resample_us=0 t_mask_us=0 t_upload_us=40 t_total_us=120 alloc_compose_dst=0 alloc_resample_dst=0 alloc_xmap=0 alloc_mask=0 key_hash=0x9f3a2b1c4d5e6f70
2026-08-14T04:01:43.372000Z DEBUG actor{actor="emo-text"}: areka_emo_present::presenter::timing: perf(apply_show): 段階別計時 target_id=TargetId(0) surface_id=1000 cache_hit=true t_cache_us=80 t_compose_us=0 t_resample_us=0 t_mask_us=0 t_upload_us=40 t_total_us=120 alloc_compose_dst=0 alloc_resample_dst=0 alloc_xmap=0 alloc_mask=0 key_hash=0x9f3a2b1c4d5e6f70
2026-08-14T04:01:43.400000Z INFO actor{actor=seriko}: areka_seriko::looper: seriko: loop 抽選発火（再生開始・先頭コマから・要件 2.1/2.2） scope="0" slot=Shell animation_id=1400 k=4
2026-08-14T04:01:43.400000Z DEBUG actor{actor="emo-text"}: areka_emo_present::presenter::timing: perf(apply_show): 段階別計時 target_id=TargetId(0) surface_id=1000 cache_hit=true t_cache_us=80 t_compose_us=0 t_resample_us=0 t_mask_us=0 t_upload_us=40 t_total_us=120 alloc_compose_dst=0 alloc_resample_dst=0 alloc_xmap=0 alloc_mask=0 key_hash=0x9f3a2b1c4d5e6f70
2026-08-14T04:01:43.550000Z DEBUG actor{actor="emo-text"}: areka_emo_present::presenter::timing: perf(apply_show): 段階別計時 target_id=TargetId(0) surface_id=1000 cache_hit=true t_cache_us=80 t_compose_us=0 t_resample_us=0 t_mask_us=0 t_upload_us=40 t_total_us=120 alloc_compose_dst=0 alloc_resample_dst=0 alloc_xmap=0 alloc_mask=0 key_hash=0x9f3a2b1c4d5e6f70
2026-08-14T04:01:43.572000Z DEBUG actor{actor="emo-text"}: areka_emo_present::presenter::timing: perf(apply_show): 段階別計時 target_id=TargetId(0) surface_id=1000 cache_hit=true t_cache_us=80 t_compose_us=0 t_resample_us=0 t_mask_us=0 t_upload_us=40 t_total_us=120 alloc_compose_dst=0 alloc_resample_dst=0 alloc_xmap=0 alloc_mask=0 key_hash=0x9f3a2b1c4d5e6f70
2026-08-14T04:01:43.600000Z INFO actor{actor=seriko}: areka_seriko::looper: seriko: loop 抽選発火（再生開始・先頭コマから・要件 2.1/2.2） scope="0" slot=Shell animation_id=1400 k=4
2026-08-14T04:01:43.600000Z DEBUG actor{actor="emo-text"}: areka_emo_present::presenter::timing: perf(apply_show): 段階別計時 target_id=TargetId(0) surface_id=1000 cache_hit=true t_cache_us=80 t_compose_us=0 t_resample_us=0 t_mask_us=0 t_upload_us=40 t_total_us=120 alloc_compose_dst=0 alloc_resample_dst=0 alloc_xmap=0 alloc_mask=0 key_hash=0x9f3a2b1c4d5e6f70
2026-08-14T04:01:43.600000Z INFO actor{actor=seriko}: areka_seriko::looper: seriko: loop 抽選発火（再生開始・先頭コマから・要件 2.1/2.2） scope="0" slot=Shell animation_id=1402 k=4
2026-08-14T04:01:43.600000Z DEBUG actor{actor="emo-text"}: areka_emo_present::presenter::timing: perf(apply_show): 段階別計時 target_id=TargetId(0) surface_id=1000 cache_hit=true t_cache_us=80 t_compose_us=0 t_resample_us=0 t_mask_us=0 t_upload_us=40 t_total_us=120 alloc_compose_dst=0 alloc_resample_dst=0 alloc_xmap=0 alloc_mask=0 key_hash=0x9f3a2b1c4d5e6f70
2026-08-14T04:01:43.750000Z DEBUG actor{actor="emo-text"}: areka_emo_present::presenter::timing: perf(apply_show): 段階別計時 target_id=TargetId(0) surface_id=1000 cache_hit=true t_cache_us=80 t_compose_us=0 t_resample_us=0 t_mask_us=0 t_upload_us=40 t_total_us=120 alloc_compose_dst=0 alloc_resample_dst=0 alloc_xmap=0 alloc_mask=0 key_hash=0x9f3a2b1c4d5e6f70
2026-08-14T04:01:43.772000Z DEBUG actor{actor="emo-text"}: areka_emo_present::presenter::timing: perf(apply_show): 段階別計時 target_id=TargetId(0) surface_id=1000 cache_hit=true t_cache_us=80 t_compose_us=0 t_resample_us=0 t_mask_us=0 t_upload_us=40 t_total_us=120 alloc_compose_dst=0 alloc_resample_dst=0 alloc_xmap=0 alloc_mask=0 key_hash=0x9f3a2b1c4d5e6f70
2026-08-14T04:01:43.800000Z INFO actor{actor=seriko}: areka_seriko::looper: seriko: loop 抽選発火（再生開始・先頭コマから・要件 2.1/2.2） scope="0" slot=Shell animation_id=1400 k=4
2026-08-14T04:01:43.800000Z DEBUG actor{actor="emo-text"}: areka_emo_present::presenter::timing: perf(apply_show): 段階別計時 target_id=TargetId(0) surface_id=1000 cache_hit=true t_cache_us=80 t_compose_us=0 t_resample_us=0 t_mask_us=0 t_upload_us=40 t_total_us=120 alloc_compose_dst=0 alloc_resample_dst=0 alloc_xmap=0 alloc_mask=0 key_hash=0x9f3a2b1c4d5e6f70
2026-08-14T04:01:43.950000Z DEBUG actor{actor="emo-text"}: areka_emo_present::presenter::timing: perf(apply_show): 段階別計時 target_id=TargetId(0) surface_id=1000 cache_hit=true t_cache_us=80 t_compose_us=0 t_resample_us=0 t_mask_us=0 t_upload_us=40 t_total_us=120 alloc_compose_dst=0 alloc_resample_dst=0 alloc_xmap=0 alloc_mask=0 key_hash=0x9f3a2b1c4d5e6f70
2026-08-14T04:01:43.972000Z DEBUG actor{actor="emo-text"}: areka_emo_present::presenter::timing: perf(apply_show): 段階別計時 target_id=TargetId(0) surface_id=1000 cache_hit=true t_cache_us=80 t_compose_us=0 t_resample_us=0 t_mask_us=0 t_upload_us=40 t_total_us=120 alloc_compose_dst=0 alloc_resample_dst=0 alloc_xmap=0 alloc_mask=0 key_hash=0x9f3a2b1c4d5e6f70
2026-08-14T04:01:44.000000Z INFO actor{actor=seriko}: areka_seriko::looper: seriko: loop 抽選発火（再生開始・先頭コマから・要件 2.1/2.2） scope="0" slot=Shell animation_id=1400 k=4
2026-08-14T04:01:44.000000Z DEBUG actor{actor="emo-text"}: areka_emo_present::presenter::timing: perf(apply_show): 段階別計時 target_id=TargetId(0) surface_id=1000 cache_hit=true t_cache_us=80 t_compose_us=0 t_resample_us=0 t_mask_us=0 t_upload_us=40 t_total_us=120 alloc_compose_dst=0 alloc_resample_dst=0 alloc_xmap=0 alloc_mask=0 key_hash=0x9f3a2b1c4d5e6f70
2026-08-14T04:01:44.150000Z DEBUG actor{actor="emo-text"}: areka_emo_present::presenter::timing: perf(apply_show): 段階別計時 target_id=TargetId(0) surface_id=1000 cache_hit=true t_cache_us=80 t_compose_us=0 t_resample_us=0 t_mask_us=0 t_upload_us=40 t_total_us=120 alloc_compose_dst=0 alloc_resample_dst=0 alloc_xmap=0 alloc_mask=0 key_hash=0x9f3a2b1c4d5e6f70
2026-08-14T04:01:44.172000Z DEBUG actor{actor="emo-text"}: areka_emo_present::presenter::timing: perf(apply_show): 段階別計時 target_id=TargetId(0) surface_id=1000 cache_hit=true t_cache_us=80 t_compose_us=0 t_resample_us=0 t_mask_us=0 t_upload_us=40 t_total_us=120 alloc_compose_dst=0 alloc_resample_dst=0 alloc_xmap=0 alloc_mask=0 key_hash=0x9f3a2b1c4d5e6f70
2026-08-14T04:01:44.200000Z INFO actor{actor=seriko}: areka_seriko::looper: seriko: loop 抽選発火（再生開始・先頭コマから・要件 2.1/2.2） scope="0" slot=Shell animation_id=1400 k=4
2026-08-14T04:01:44.200000Z DEBUG actor{actor="emo-text"}: areka_emo_present::presenter::timing: perf(apply_show): 段階別計時 target_id=TargetId(0) surface_id=1000 cache_hit=true t_cache_us=80 t_compose_us=0 t_resample_us=0 t_mask_us=0 t_upload_us=40 t_total_us=120 alloc_compose_dst=0 alloc_resample_dst=0 alloc_xmap=0 alloc_mask=0 key_hash=0x9f3a2b1c4d5e6f70
2026-08-14T04:01:44.300000Z INFO actor{actor=seriko}: areka_seriko::looper: seriko: loop 抽選発火（再生開始・先頭コマから・要件 2.1/2.2） scope="0" slot=Shell animation_id=1402 k=4
2026-08-14T04:01:44.300000Z DEBUG actor{actor="emo-text"}: areka_emo_present::presenter::timing: perf(apply_show): 段階別計時 target_id=TargetId(0) surface_id=1000 cache_hit=true t_cache_us=80 t_compose_us=0 t_resample_us=0 t_mask_us=0 t_upload_us=40 t_total_us=120 alloc_compose_dst=0 alloc_resample_dst=0 alloc_xmap=0 alloc_mask=0 key_hash=0x9f3a2b1c4d5e6f70
2026-08-14T04:01:44.350000Z DEBUG actor{actor="emo-text"}: areka_emo_present::presenter::timing: perf(apply_show): 段階別計時 target_id=TargetId(0) surface_id=1000 cache_hit=true t_cache_us=80 t_compose_us=0 t_resample_us=0 t_mask_us=0 t_upload_us=40 t_total_us=120 alloc_compose_dst=0 alloc_resample_dst=0 alloc_xmap=0 alloc_mask=0 key_hash=0x9f3a2b1c4d5e6f70
2026-08-14T04:01:44.372000Z DEBUG actor{actor="emo-text"}: areka_emo_present::presenter::timing: perf(apply_show): 段階別計時 target_id=TargetId(0) surface_id=1000 cache_hit=true t_cache_us=80 t_compose_us=0 t_resample_us=0 t_mask_us=0 t_upload_us=40 t_total_us=120 alloc_compose_dst=0 alloc_resample_dst=0 alloc_xmap=0 alloc_mask=0 key_hash=0x9f3a2b1c4d5e6f70
2026-08-14T04:01:44.400000Z INFO actor{actor=seriko}: areka_seriko::looper: seriko: loop 抽選発火（再生開始・先頭コマから・要件 2.1/2.2） scope="0" slot=Shell animation_id=1400 k=4
2026-08-14T04:01:44.400000Z DEBUG actor{actor="emo-text"}: areka_emo_present::presenter::timing: perf(apply_show): 段階別計時 target_id=TargetId(0) surface_id=1000 cache_hit=true t_cache_us=80 t_compose_us=0 t_resample_us=0 t_mask_us=0 t_upload_us=40 t_total_us=120 alloc_compose_dst=0 alloc_resample_dst=0 alloc_xmap=0 alloc_mask=0 key_hash=0x9f3a2b1c4d5e6f70
2026-08-14T04:01:44.550000Z DEBUG actor{actor="emo-text"}: areka_emo_present::presenter::timing: perf(apply_show): 段階別計時 target_id=TargetId(0) surface_id=1000 cache_hit=true t_cache_us=80 t_compose_us=0 t_resample_us=0 t_mask_us=0 t_upload_us=40 t_total_us=120 alloc_compose_dst=0 alloc_resample_dst=0 alloc_xmap=0 alloc_mask=0 key_hash=0x9f3a2b1c4d5e6f70
2026-08-14T04:01:44.572000Z DEBUG actor{actor="emo-text"}: areka_emo_present::presenter::timing: perf(apply_show): 段階別計時 target_id=TargetId(0) surface_id=1000 cache_hit=true t_cache_us=80 t_compose_us=0 t_resample_us=0 t_mask_us=0 t_upload_us=40 t_total_us=120 alloc_compose_dst=0 alloc_resample_dst=0 alloc_xmap=0 alloc_mask=0 key_hash=0x9f3a2b1c4d5e6f70
2026-08-14T04:01:44.600000Z INFO actor{actor=seriko}: areka_seriko::looper: seriko: loop 抽選発火（再生開始・先頭コマから・要件 2.1/2.2） scope="0" slot=Shell animation_id=1400 k=4
2026-08-14T04:01:44.600000Z DEBUG actor{actor="emo-text"}: areka_emo_present::presenter::timing: perf(apply_show): 段階別計時 target_id=TargetId(0) surface_id=1000 cache_hit=true t_cache_us=80 t_compose_us=0 t_resample_us=0 t_mask_us=0 t_upload_us=40 t_total_us=120 alloc_compose_dst=0 alloc_resample_dst=0 alloc_xmap=0 alloc_mask=0 key_hash=0x9f3a2b1c4d5e6f70
2026-08-14T04:01:44.750000Z DEBUG actor{actor="emo-text"}: areka_emo_present::presenter::timing: perf(apply_show): 段階別計時 target_id=TargetId(0) surface_id=1000 cache_hit=true t_cache_us=80 t_compose_us=0 t_resample_us=0 t_mask_us=0 t_upload_us=40 t_total_us=120 alloc_compose_dst=0 alloc_resample_dst=0 alloc_xmap=0 alloc_mask=0 key_hash=0x9f3a2b1c4d5e6f70
2026-08-14T04:01:44.772000Z DEBUG actor{actor="emo-text"}: areka_emo_present::presenter::timing: perf(apply_show): 段階別計時 target_id=TargetId(0) surface_id=1000 cache_hit=true t_cache_us=80 t_compose_us=0 t_resample_us=0 t_mask_us=0 t_upload_us=40 t_total_us=120 alloc_compose_dst=0 alloc_resample_dst=0 alloc_xmap=0 alloc_mask=0 key_hash=0x9f3a2b1c4d5e6f70
2026-08-14T04:01:44.800000Z INFO actor{actor=seriko}: areka_seriko::looper: seriko: loop 抽選発火（再生開始・先頭コマから・要件 2.1/2.2） scope="0" slot=Shell animation_id=1400 k=4
2026-08-14T04:01:44.800000Z DEBUG actor{actor="emo-text"}: areka_emo_present::presenter::timing: perf(apply_show): 段階別計時 target_id=TargetId(0) surface_id=1000 cache_hit=true t_cache_us=80 t_compose_us=0 t_resample_us=0 t_mask_us=0 t_upload_us=40 t_total_us=120 alloc_compose_dst=0 alloc_resample_dst=0 alloc_xmap=0 alloc_mask=0 key_hash=0x9f3a2b1c4d5e6f70
2026-08-14T04:01:44.950000Z DEBUG actor{actor="emo-text"}: areka_emo_present::presenter::timing: perf(apply_show): 段階別計時 target_id=TargetId(0) surface_id=1000 cache_hit=true t_cache_us=80 t_compose_us=0 t_resample_us=0 t_mask_us=0 t_upload_us=40 t_total_us=120 alloc_compose_dst=0 alloc_resample_dst=0 alloc_xmap=0 alloc_mask=0 key_hash=0x9f3a2b1c4d5e6f70
2026-08-14T04:01:44.972000Z DEBUG actor{actor="emo-text"}: areka_emo_present::presenter::timing: perf(apply_show): 段階別計時 target_id=TargetId(0) surface_id=1000 cache_hit=true t_cache_us=80 t_compose_us=0 t_resample_us=0 t_mask_us=0 t_upload_us=40 t_total_us=120 alloc_compose_dst=0 alloc_resample_dst=0 alloc_xmap=0 alloc_mask=0 key_hash=0x9f3a2b1c4d5e6f70
2026-08-14T04:01:45.000000Z INFO actor{actor=seriko}: areka_seriko::looper: seriko: loop 抽選発火（再生開始・先頭コマから・要件 2.1/2.2） scope="0" slot=Shell animation_id=1400 k=4
2026-08-14T04:01:45.000000Z DEBUG actor{actor="emo-text"}: areka_emo_present::presenter::timing: perf(apply_show): 段階別計時 target_id=TargetId(0) surface_id=1000 cache_hit=true t_cache_us=80 t_compose_us=0 t_resample_us=0 t_mask_us=0 t_upload_us=40 t_total_us=120 alloc_compose_dst=0 alloc_resample_dst=0 alloc_xmap=0 alloc_mask=0 key_hash=0x9f3a2b1c4d5e6f70
2026-08-14T04:01:45.000000Z INFO actor{actor=seriko}: areka_seriko::looper: seriko: loop 抽選発火（再生開始・先頭コマから・要件 2.1/2.2） scope="0" slot=Shell animation_id=1402 k=4
2026-08-14T04:01:45.000000Z DEBUG actor{actor="emo-text"}: areka_emo_present::presenter::timing: perf(apply_show): 段階別計時 target_id=TargetId(0) surface_id=1000 cache_hit=true t_cache_us=80 t_compose_us=0 t_resample_us=0 t_mask_us=0 t_upload_us=40 t_total_us=120 alloc_compose_dst=0 alloc_resample_dst=0 alloc_xmap=0 alloc_mask=0 key_hash=0x9f3a2b1c4d5e6f70
2026-08-14T04:01:45.150000Z DEBUG actor{actor="emo-text"}: areka_emo_present::presenter::timing: perf(apply_show): 段階別計時 target_id=TargetId(0) surface_id=1000 cache_hit=true t_cache_us=80 t_compose_us=0 t_resample_us=0 t_mask_us=0 t_upload_us=40 t_total_us=120 alloc_compose_dst=0 alloc_resample_dst=0 alloc_xmap=0 alloc_mask=0 key_hash=0x9f3a2b1c4d5e6f70
2026-08-14T04:01:45.172000Z DEBUG actor{actor="emo-text"}: areka_emo_present::presenter::timing: perf(apply_show): 段階別計時 target_id=TargetId(0) surface_id=1000 cache_hit=true t_cache_us=80 t_compose_us=0 t_resample_us=0 t_mask_us=0 t_upload_us=40 t_total_us=120 alloc_compose_dst=0 alloc_resample_dst=0 alloc_xmap=0 alloc_mask=0 key_hash=0x9f3a2b1c4d5e6f70
2026-08-14T04:01:45.200000Z INFO actor{actor=seriko}: areka_seriko::looper: seriko: loop 抽選発火（再生開始・先頭コマから・要件 2.1/2.2） scope="0" slot=Shell animation_id=1400 k=4
2026-08-14T04:01:45.200000Z DEBUG actor{actor="emo-text"}: areka_emo_present::presenter::timing: perf(apply_show): 段階別計時 target_id=TargetId(0) surface_id=1000 cache_hit=true t_cache_us=80 t_compose_us=0 t_resample_us=0 t_mask_us=0 t_upload_us=40 t_total_us=120 alloc_compose_dst=0 alloc_resample_dst=0 alloc_xmap=0 alloc_mask=0 key_hash=0x9f3a2b1c4d5e6f70
2026-08-14T04:01:45.350000Z DEBUG actor{actor="emo-text"}: areka_emo_present::presenter::timing: perf(apply_show): 段階別計時 target_id=TargetId(0) surface_id=1000 cache_hit=true t_cache_us=80 t_compose_us=0 t_resample_us=0 t_mask_us=0 t_upload_us=40 t_total_us=120 alloc_compose_dst=0 alloc_resample_dst=0 alloc_xmap=0 alloc_mask=0 key_hash=0x9f3a2b1c4d5e6f70
2026-08-14T04:01:45.372000Z DEBUG actor{actor="emo-text"}: areka_emo_present::presenter::timing: perf(apply_show): 段階別計時 target_id=TargetId(0) surface_id=1000 cache_hit=true t_cache_us=80 t_compose_us=0 t_resample_us=0 t_mask_us=0 t_upload_us=40 t_total_us=120 alloc_compose_dst=0 alloc_resample_dst=0 alloc_xmap=0 alloc_mask=0 key_hash=0x9f3a2b1c4d5e6f70
2026-08-14T04:01:45.400000Z INFO actor{actor=seriko}: areka_seriko::looper: seriko: loop 抽選発火（再生開始・先頭コマから・要件 2.1/2.2） scope="0" slot=Shell animation_id=1400 k=4
2026-08-14T04:01:45.400000Z DEBUG actor{actor="emo-text"}: areka_emo_present::presenter::timing: perf(apply_show): 段階別計時 target_id=TargetId(0) surface_id=1000 cache_hit=true t_cache_us=80 t_compose_us=0 t_resample_us=0 t_mask_us=0 t_upload_us=40 t_total_us=120 alloc_compose_dst=0 alloc_resample_dst=0 alloc_xmap=0 alloc_mask=0 key_hash=0x9f3a2b1c4d5e6f70
2026-08-14T04:01:45.550000Z DEBUG actor{actor="emo-text"}: areka_emo_present::presenter::timing: perf(apply_show): 段階別計時 target_id=TargetId(0) surface_id=1000 cache_hit=true t_cache_us=80 t_compose_us=0 t_resample_us=0 t_mask_us=0 t_upload_us=40 t_total_us=120 alloc_compose_dst=0 alloc_resample_dst=0 alloc_xmap=0 alloc_mask=0 key_hash=0x9f3a2b1c4d5e6f70
2026-08-14T04:01:45.572000Z DEBUG actor{actor="emo-text"}: areka_emo_present::presenter::timing: perf(apply_show): 段階別計時 target_id=TargetId(0) surface_id=1000 cache_hit=true t_cache_us=80 t_compose_us=0 t_resample_us=0 t_mask_us=0 t_upload_us=40 t_total_us=120 alloc_compose_dst=0 alloc_resample_dst=0 alloc_xmap=0 alloc_mask=0 key_hash=0x9f3a2b1c4d5e6f70
2026-08-14T04:01:45.600000Z INFO actor{actor=seriko}: areka_seriko::looper: seriko: loop 抽選発火（再生開始・先頭コマから・要件 2.1/2.2） scope="0" slot=Shell animation_id=1400 k=4
2026-08-14T04:01:45.600000Z DEBUG actor{actor="emo-text"}: areka_emo_present::presenter::timing: perf(apply_show): 段階別計時 target_id=TargetId(0) surface_id=1000 cache_hit=true t_cache_us=80 t_compose_us=0 t_resample_us=0 t_mask_us=0 t_upload_us=40 t_total_us=120 alloc_compose_dst=0 alloc_resample_dst=0 alloc_xmap=0 alloc_mask=0 key_hash=0x9f3a2b1c4d5e6f70
2026-08-14T04:01:45.700000Z INFO actor{actor=seriko}: areka_seriko::looper: seriko: loop 抽選発火（再生開始・先頭コマから・要件 2.1/2.2） scope="0" slot=Shell animation_id=1402 k=4
2026-08-14T04:01:45.700000Z DEBUG actor{actor="emo-text"}: areka_emo_present::presenter::timing: perf(apply_show): 段階別計時 target_id=TargetId(0) surface_id=1000 cache_hit=true t_cache_us=80 t_compose_us=0 t_resample_us=0 t_mask_us=0 t_upload_us=40 t_total_us=120 alloc_compose_dst=0 alloc_resample_dst=0 alloc_xmap=0 alloc_mask=0 key_hash=0x9f3a2b1c4d5e6f70
2026-08-14T04:01:45.750000Z DEBUG actor{actor="emo-text"}: areka_emo_present::presenter::timing: perf(apply_show): 段階別計時 target_id=TargetId(0) surface_id=1000 cache_hit=true t_cache_us=80 t_compose_us=0 t_resample_us=0 t_mask_us=0 t_upload_us=40 t_total_us=120 alloc_compose_dst=0 alloc_resample_dst=0 alloc_xmap=0 alloc_mask=0 key_hash=0x9f3a2b1c4d5e6f70
2026-08-14T04:01:45.772000Z DEBUG actor{actor="emo-text"}: areka_emo_present::presenter::timing: perf(apply_show): 段階別計時 target_id=TargetId(0) surface_id=1000 cache_hit=true t_cache_us=80 t_compose_us=0 t_resample_us=0 t_mask_us=0 t_upload_us=40 t_total_us=120 alloc_compose_dst=0 alloc_resample_dst=0 alloc_xmap=0 alloc_mask=0 key_hash=0x9f3a2b1c4d5e6f70
2026-08-14T04:01:45.800000Z INFO actor{actor=seriko}: areka_seriko::looper: seriko: loop 抽選発火（再生開始・先頭コマから・要件 2.1/2.2） scope="0" slot=Shell animation_id=1400 k=4
2026-08-14T04:01:45.800000Z DEBUG actor{actor="emo-text"}: areka_emo_present::presenter::timing: perf(apply_show): 段階別計時 target_id=TargetId(0) surface_id=1000 cache_hit=true t_cache_us=80 t_compose_us=0 t_resample_us=0 t_mask_us=0 t_upload_us=40 t_total_us=120 alloc_compose_dst=0 alloc_resample_dst=0 alloc_xmap=0 alloc_mask=0 key_hash=0x9f3a2b1c4d5e6f70
2026-08-14T04:01:45.950000Z DEBUG actor{actor="emo-text"}: areka_emo_present::presenter::timing: perf(apply_show): 段階別計時 target_id=TargetId(0) surface_id=1000 cache_hit=true t_cache_us=80 t_compose_us=0 t_resample_us=0 t_mask_us=0 t_upload_us=40 t_total_us=120 alloc_compose_dst=0 alloc_resample_dst=0 alloc_xmap=0 alloc_mask=0 key_hash=0x9f3a2b1c4d5e6f70
2026-08-14T04:01:45.972000Z DEBUG actor{actor="emo-text"}: areka_emo_present::presenter::timing: perf(apply_show): 段階別計時 target_id=TargetId(0) surface_id=1000 cache_hit=true t_cache_us=80 t_compose_us=0 t_resample_us=0 t_mask_us=0 t_upload_us=40 t_total_us=120 alloc_compose_dst=0 alloc_resample_dst=0 alloc_xmap=0 alloc_mask=0 key_hash=0x9f3a2b1c4d5e6f70
2026-08-14T04:01:46.000000Z INFO actor{actor=seriko}: areka_seriko::looper: seriko: loop 抽選発火（再生開始・先頭コマから・要件 2.1/2.2） scope="0" slot=Shell animation_id=1400 k=4
2026-08-14T04:01:46.000000Z DEBUG actor{actor="emo-text"}: areka_emo_present::presenter::timing: perf(apply_show): 段階別計時 target_id=TargetId(0) surface_id=1000 cache_hit=true t_cache_us=80 t_compose_us=0 t_resample_us=0 t_mask_us=0 t_upload_us=40 t_total_us=120 alloc_compose_dst=0 alloc_resample_dst=0 alloc_xmap=0 alloc_mask=0 key_hash=0x9f3a2b1c4d5e6f70
2026-08-14T04:01:46.150000Z DEBUG actor{actor="emo-text"}: areka_emo_present::presenter::timing: perf(apply_show): 段階別計時 target_id=TargetId(0) surface_id=1000 cache_hit=true t_cache_us=80 t_compose_us=0 t_resample_us=0 t_mask_us=0 t_upload_us=40 t_total_us=120 alloc_compose_dst=0 alloc_resample_dst=0 alloc_xmap=0 alloc_mask=0 key_hash=0x9f3a2b1c4d5e6f70
2026-08-14T04:01:46.172000Z DEBUG actor{actor="emo-text"}: areka_emo_present::presenter::timing: perf(apply_show): 段階別計時 target_id=TargetId(0) surface_id=1000 cache_hit=true t_cache_us=80 t_compose_us=0 t_resample_us=0 t_mask_us=0 t_upload_us=40 t_total_us=120 alloc_compose_dst=0 alloc_resample_dst=0 alloc_xmap=0 alloc_mask=0 key_hash=0x9f3a2b1c4d5e6f70
2026-08-14T04:01:46.200000Z INFO actor{actor=seriko}: areka_seriko::looper: seriko: loop 抽選発火（再生開始・先頭コマから・要件 2.1/2.2） scope="0" slot=Shell animation_id=1400 k=4
2026-08-14T04:01:46.200000Z DEBUG actor{actor="emo-text"}: areka_emo_present::presenter::timing: perf(apply_show): 段階別計時 target_id=TargetId(0) surface_id=1000 cache_hit=true t_cache_us=80 t_compose_us=0 t_resample_us=0 t_mask_us=0 t_upload_us=40 t_total_us=120 alloc_compose_dst=0 alloc_resample_dst=0 alloc_xmap=0 alloc_mask=0 key_hash=0x9f3a2b1c4d5e6f70
2026-08-14T04:01:46.350000Z DEBUG actor{actor="emo-text"}: areka_emo_present::presenter::timing: perf(apply_show): 段階別計時 target_id=TargetId(0) surface_id=1000 cache_hit=true t_cache_us=80 t_compose_us=0 t_resample_us=0 t_mask_us=0 t_upload_us=40 t_total_us=120 alloc_compose_dst=0 alloc_resample_dst=0 alloc_xmap=0 alloc_mask=0 key_hash=0x9f3a2b1c4d5e6f70
2026-08-14T04:01:46.372000Z DEBUG actor{actor="emo-text"}: areka_emo_present::presenter::timing: perf(apply_show): 段階別計時 target_id=TargetId(0) surface_id=1000 cache_hit=true t_cache_us=80 t_compose_us=0 t_resample_us=0 t_mask_us=0 t_upload_us=40 t_total_us=120 alloc_compose_dst=0 alloc_resample_dst=0 alloc_xmap=0 alloc_mask=0 key_hash=0x9f3a2b1c4d5e6f70
2026-08-14T04:01:46.400000Z INFO actor{actor=seriko}: areka_seriko::looper: seriko: loop 抽選発火（再生開始・先頭コマから・要件 2.1/2.2） scope="0" slot=Shell animation_id=1400 k=4
2026-08-14T04:01:46.400000Z DEBUG actor{actor="emo-text"}: areka_emo_present::presenter::timing: perf(apply_show): 段階別計時 target_id=TargetId(0) surface_id=1000 cache_hit=true t_cache_us=80 t_compose_us=0 t_resample_us=0 t_mask_us=0 t_upload_us=40 t_total_us=120 alloc_compose_dst=0 alloc_resample_dst=0 alloc_xmap=0 alloc_mask=0 key_hash=0x9f3a2b1c4d5e6f70
2026-08-14T04:01:46.400000Z INFO actor{actor=seriko}: areka_seriko::looper: seriko: loop 抽選発火（再生開始・先頭コマから・要件 2.1/2.2） scope="0" slot=Shell animation_id=1402 k=4
2026-08-14T04:01:46.400000Z DEBUG actor{actor="emo-text"}: areka_emo_present::presenter::timing: perf(apply_show): 段階別計時 target_id=TargetId(0) surface_id=1000 cache_hit=true t_cache_us=80 t_compose_us=0 t_resample_us=0 t_mask_us=0 t_upload_us=40 t_total_us=120 alloc_compose_dst=0 alloc_resample_dst=0 alloc_xmap=0 alloc_mask=0 key_hash=0x9f3a2b1c4d5e6f70
2026-08-14T04:01:46.550000Z DEBUG actor{actor="emo-text"}: areka_emo_present::presenter::timing: perf(apply_show): 段階別計時 target_id=TargetId(0) surface_id=1000 cache_hit=true t_cache_us=80 t_compose_us=0 t_resample_us=0 t_mask_us=0 t_upload_us=40 t_total_us=120 alloc_compose_dst=0 alloc_resample_dst=0 alloc_xmap=0 alloc_mask=0 key_hash=0x9f3a2b1c4d5e6f70
2026-08-14T04:01:46.572000Z DEBUG actor{actor="emo-text"}: areka_emo_present::presenter::timing: perf(apply_show): 段階別計時 target_id=TargetId(0) surface_id=1000 cache_hit=true t_cache_us=80 t_compose_us=0 t_resample_us=0 t_mask_us=0 t_upload_us=40 t_total_us=120 alloc_compose_dst=0 alloc_resample_dst=0 alloc_xmap=0 alloc_mask=0 key_hash=0x9f3a2b1c4d5e6f70
2026-08-14T04:01:46.600000Z INFO actor{actor=seriko}: areka_seriko::looper: seriko: loop 抽選発火（再生開始・先頭コマから・要件 2.1/2.2） scope="0" slot=Shell animation_id=1400 k=4
2026-08-14T04:01:46.600000Z DEBUG actor{actor="emo-text"}: areka_emo_present::presenter::timing: perf(apply_show): 段階別計時 target_id=TargetId(0) surface_id=1000 cache_hit=true t_cache_us=80 t_compose_us=0 t_resample_us=0 t_mask_us=0 t_upload_us=40 t_total_us=120 alloc_compose_dst=0 alloc_resample_dst=0 alloc_xmap=0 alloc_mask=0 key_hash=0x9f3a2b1c4d5e6f70
2026-08-14T04:01:46.750000Z DEBUG actor{actor="emo-text"}: areka_emo_present::presenter::timing: perf(apply_show): 段階別計時 target_id=TargetId(0) surface_id=1000 cache_hit=true t_cache_us=80 t_compose_us=0 t_resample_us=0 t_mask_us=0 t_upload_us=40 t_total_us=120 alloc_compose_dst=0 alloc_resample_dst=0 alloc_xmap=0 alloc_mask=0 key_hash=0x9f3a2b1c4d5e6f70
2026-08-14T04:01:46.772000Z DEBUG actor{actor="emo-text"}: areka_emo_present::presenter::timing: perf(apply_show): 段階別計時 target_id=TargetId(0) surface_id=1000 cache_hit=true t_cache_us=80 t_compose_us=0 t_resample_us=0 t_mask_us=0 t_upload_us=40 t_total_us=120 alloc_compose_dst=0 alloc_resample_dst=0 alloc_xmap=0 alloc_mask=0 key_hash=0x9f3a2b1c4d5e6f70
2026-08-14T04:01:46.800000Z INFO actor{actor=seriko}: areka_seriko::looper: seriko: loop 抽選発火（再生開始・先頭コマから・要件 2.1/2.2） scope="0" slot=Shell animation_id=1400 k=4
2026-08-14T04:01:46.800000Z DEBUG actor{actor="emo-text"}: areka_emo_present::presenter::timing: perf(apply_show): 段階別計時 target_id=TargetId(0) surface_id=1000 cache_hit=true t_cache_us=80 t_compose_us=0 t_resample_us=0 t_mask_us=0 t_upload_us=40 t_total_us=120 alloc_compose_dst=0 alloc_resample_dst=0 alloc_xmap=0 alloc_mask=0 key_hash=0x9f3a2b1c4d5e6f70
2026-08-14T04:01:46.950000Z DEBUG actor{actor="emo-text"}: areka_emo_present::presenter::timing: perf(apply_show): 段階別計時 target_id=TargetId(0) surface_id=1000 cache_hit=true t_cache_us=80 t_compose_us=0 t_resample_us=0 t_mask_us=0 t_upload_us=40 t_total_us=120 alloc_compose_dst=0 alloc_resample_dst=0 alloc_xmap=0 alloc_mask=0 key_hash=0x9f3a2b1c4d5e6f70
2026-08-14T04:01:46.972000Z DEBUG actor{actor="emo-text"}: areka_emo_present::presenter::timing: perf(apply_show): 段階別計時 target_id=TargetId(0) surface_id=1000 cache_hit=true t_cache_us=80 t_compose_us=0 t_resample_us=0 t_mask_us=0 t_upload_us=40 t_total_us=120 alloc_compose_dst=0 alloc_resample_dst=0 alloc_xmap=0 alloc_mask=0 key_hash=0x9f3a2b1c4d5e6f70
2026-08-14T04:01:47.000000Z INFO actor{actor=seriko}: areka_seriko::looper: seriko: loop 抽選発火（再生開始・先頭コマから・要件 2.1/2.2） scope="0" slot=Shell animation_id=1400 k=4
2026-08-14T04:01:47.000000Z DEBUG actor{actor="emo-text"}: areka_emo_present::presenter::timing: perf(apply_show): 段階別計時 target_id=TargetId(0) surface_id=1000 cache_hit=true t_cache_us=80 t_compose_us=0 t_resample_us=0 t_mask_us=0 t_upload_us=40 t_total_us=120 alloc_compose_dst=0 alloc_resample_dst=0 alloc_xmap=0 alloc_mask=0 key_hash=0x9f3a2b1c4d5e6f70
2026-08-14T04:01:47.100000Z INFO actor{actor=seriko}: areka_seriko::looper: seriko: loop 抽選発火（再生開始・先頭コマから・要件 2.1/2.2） scope="0" slot=Shell animation_id=1402 k=4
2026-08-14T04:01:47.100000Z DEBUG actor{actor="emo-text"}: areka_emo_present::presenter::timing: perf(apply_show): 段階別計時 target_id=TargetId(0) surface_id=1000 cache_hit=true t_cache_us=80 t_compose_us=0 t_resample_us=0 t_mask_us=0 t_upload_us=40 t_total_us=120 alloc_compose_dst=0 alloc_resample_dst=0 alloc_xmap=0 alloc_mask=0 key_hash=0x9f3a2b1c4d5e6f70
2026-08-14T04:01:47.150000Z DEBUG actor{actor="emo-text"}: areka_emo_present::presenter::timing: perf(apply_show): 段階別計時 target_id=TargetId(0) surface_id=1000 cache_hit=true t_cache_us=80 t_compose_us=0 t_resample_us=0 t_mask_us=0 t_upload_us=40 t_total_us=120 alloc_compose_dst=0 alloc_resample_dst=0 alloc_xmap=0 alloc_mask=0 key_hash=0x9f3a2b1c4d5e6f70
2026-08-14T04:01:47.172000Z DEBUG actor{actor="emo-text"}: areka_emo_present::presenter::timing: perf(apply_show): 段階別計時 target_id=TargetId(0) surface_id=1000 cache_hit=true t_cache_us=80 t_compose_us=0 t_resample_us=0 t_mask_us=0 t_upload_us=40 t_total_us=120 alloc_compose_dst=0 alloc_resample_dst=0 alloc_xmap=0 alloc_mask=0 key_hash=0x9f3a2b1c4d5e6f70
2026-08-14T04:01:47.200000Z INFO actor{actor=seriko}: areka_seriko::looper: seriko: loop 抽選発火（再生開始・先頭コマから・要件 2.1/2.2） scope="0" slot=Shell animation_id=1400 k=4
2026-08-14T04:01:47.200000Z DEBUG actor{actor="emo-text"}: areka_emo_present::presenter::timing: perf(apply_show): 段階別計時 target_id=TargetId(0) surface_id=1000 cache_hit=true t_cache_us=80 t_compose_us=0 t_resample_us=0 t_mask_us=0 t_upload_us=40 t_total_us=120 alloc_compose_dst=0 alloc_resample_dst=0 alloc_xmap=0 alloc_mask=0 key_hash=0x9f3a2b1c4d5e6f70
2026-08-14T04:01:47.350000Z DEBUG actor{actor="emo-text"}: areka_emo_present::presenter::timing: perf(apply_show): 段階別計時 target_id=TargetId(0) surface_id=1000 cache_hit=true t_cache_us=80 t_compose_us=0 t_resample_us=0 t_mask_us=0 t_upload_us=40 t_total_us=120 alloc_compose_dst=0 alloc_resample_dst=0 alloc_xmap=0 alloc_mask=0 key_hash=0x9f3a2b1c4d5e6f70
2026-08-14T04:01:47.372000Z DEBUG actor{actor="emo-text"}: areka_emo_present::presenter::timing: perf(apply_show): 段階別計時 target_id=TargetId(0) surface_id=1000 cache_hit=true t_cache_us=80 t_compose_us=0 t_resample_us=0 t_mask_us=0 t_upload_us=40 t_total_us=120 alloc_compose_dst=0 alloc_resample_dst=0 alloc_xmap=0 alloc_mask=0 key_hash=0x9f3a2b1c4d5e6f70
2026-08-14T04:01:47.400000Z INFO actor{actor=seriko}: areka_seriko::looper: seriko: loop 抽選発火（再生開始・先頭コマから・要件 2.1/2.2） scope="0" slot=Shell animation_id=1400 k=4
2026-08-14T04:01:47.400000Z DEBUG actor{actor="emo-text"}: areka_emo_present::presenter::timing: perf(apply_show): 段階別計時 target_id=TargetId(0) surface_id=1000 cache_hit=true t_cache_us=80 t_compose_us=0 t_resample_us=0 t_mask_us=0 t_upload_us=40 t_total_us=120 alloc_compose_dst=0 alloc_resample_dst=0 alloc_xmap=0 alloc_mask=0 key_hash=0x9f3a2b1c4d5e6f70
2026-08-14T04:01:47.550000Z DEBUG actor{actor="emo-text"}: areka_emo_present::presenter::timing: perf(apply_show): 段階別計時 target_id=TargetId(0) surface_id=1000 cache_hit=true t_cache_us=80 t_compose_us=0 t_resample_us=0 t_mask_us=0 t_upload_us=40 t_total_us=120 alloc_compose_dst=0 alloc_resample_dst=0 alloc_xmap=0 alloc_mask=0 key_hash=0x9f3a2b1c4d5e6f70
2026-08-14T04:01:47.572000Z DEBUG actor{actor="emo-text"}: areka_emo_present::presenter::timing: perf(apply_show): 段階別計時 target_id=TargetId(0) surface_id=1000 cache_hit=true t_cache_us=80 t_compose_us=0 t_resample_us=0 t_mask_us=0 t_upload_us=40 t_total_us=120 alloc_compose_dst=0 alloc_resample_dst=0 alloc_xmap=0 alloc_mask=0 key_hash=0x9f3a2b1c4d5e6f70
2026-08-14T04:01:47.600000Z INFO actor{actor=seriko}: areka_seriko::looper: seriko: loop 抽選発火（再生開始・先頭コマから・要件 2.1/2.2） scope="0" slot=Shell animation_id=1400 k=4
2026-08-14T04:01:47.600000Z DEBUG actor{actor="emo-text"}: areka_emo_present::presenter::timing: perf(apply_show): 段階別計時 target_id=TargetId(0) surface_id=1000 cache_hit=true t_cache_us=80 t_compose_us=0 t_resample_us=0 t_mask_us=0 t_upload_us=40 t_total_us=120 alloc_compose_dst=0 alloc_resample_dst=0 alloc_xmap=0 alloc_mask=0 key_hash=0x9f3a2b1c4d5e6f70
2026-08-14T04:01:47.750000Z DEBUG actor{actor="emo-text"}: areka_emo_present::presenter::timing: perf(apply_show): 段階別計時 target_id=TargetId(0) surface_id=1000 cache_hit=true t_cache_us=80 t_compose_us=0 t_resample_us=0 t_mask_us=0 t_upload_us=40 t_total_us=120 alloc_compose_dst=0 alloc_resample_dst=0 alloc_xmap=0 alloc_mask=0 key_hash=0x9f3a2b1c4d5e6f70
2026-08-14T04:01:47.772000Z DEBUG actor{actor="emo-text"}: areka_emo_present::presenter::timing: perf(apply_show): 段階別計時 target_id=TargetId(0) surface_id=1000 cache_hit=true t_cache_us=80 t_compose_us=0 t_resample_us=0 t_mask_us=0 t_upload_us=40 t_total_us=120 alloc_compose_dst=0 alloc_resample_dst=0 alloc_xmap=0 alloc_mask=0 key_hash=0x9f3a2b1c4d5e6f70
2026-08-14T04:01:47.800000Z INFO actor{actor=seriko}: areka_seriko::looper: seriko: loop 抽選発火（再生開始・先頭コマから・要件 2.1/2.2） scope="0" slot=Shell animation_id=1400 k=4
2026-08-14T04:01:47.800000Z DEBUG actor{actor="emo-text"}: areka_emo_present::presenter::timing: perf(apply_show): 段階別計時 target_id=TargetId(0) surface_id=1000 cache_hit=true t_cache_us=80 t_compose_us=0 t_resample_us=0 t_mask_us=0 t_upload_us=40 t_total_us=120 alloc_compose_dst=0 alloc_resample_dst=0 alloc_xmap=0 alloc_mask=0 key_hash=0x9f3a2b1c4d5e6f70
2026-08-14T04:01:47.800000Z INFO actor{actor=seriko}: areka_seriko::looper: seriko: loop 抽選発火（再生開始・先頭コマから・要件 2.1/2.2） scope="0" slot=Shell animation_id=1402 k=4
2026-08-14T04:01:47.800000Z DEBUG actor{actor="emo-text"}: areka_emo_present::presenter::timing: perf(apply_show): 段階別計時 target_id=TargetId(0) surface_id=1000 cache_hit=true t_cache_us=80 t_compose_us=0 t_resample_us=0 t_mask_us=0 t_upload_us=40 t_total_us=120 alloc_compose_dst=0 alloc_resample_dst=0 alloc_xmap=0 alloc_mask=0 key_hash=0x9f3a2b1c4d5e6f70
2026-08-14T04:01:47.950000Z DEBUG actor{actor="emo-text"}: areka_emo_present::presenter::timing: perf(apply_show): 段階別計時 target_id=TargetId(0) surface_id=1000 cache_hit=true t_cache_us=80 t_compose_us=0 t_resample_us=0 t_mask_us=0 t_upload_us=40 t_total_us=120 alloc_compose_dst=0 alloc_resample_dst=0 alloc_xmap=0 alloc_mask=0 key_hash=0x9f3a2b1c4d5e6f70
2026-08-14T04:01:47.972000Z DEBUG actor{actor="emo-text"}: areka_emo_present::presenter::timing: perf(apply_show): 段階別計時 target_id=TargetId(0) surface_id=1000 cache_hit=true t_cache_us=80 t_compose_us=0 t_resample_us=0 t_mask_us=0 t_upload_us=40 t_total_us=120 alloc_compose_dst=0 alloc_resample_dst=0 alloc_xmap=0 alloc_mask=0 key_hash=0x9f3a2b1c4d5e6f70
2026-08-14T04:01:48.000000Z INFO actor{actor=seriko}: areka_seriko::looper: seriko: loop 抽選発火（再生開始・先頭コマから・要件 2.1/2.2） scope="0" slot=Shell animation_id=1400 k=4
2026-08-14T04:01:48.000000Z DEBUG actor{actor="emo-text"}: areka_emo_present::presenter::timing: perf(apply_show): 段階別計時 target_id=TargetId(0) surface_id=1000 cache_hit=true t_cache_us=80 t_compose_us=0 t_resample_us=0 t_mask_us=0 t_upload_us=40 t_total_us=120 alloc_compose_dst=0 alloc_resample_dst=0 alloc_xmap=0 alloc_mask=0 key_hash=0x9f3a2b1c4d5e6f70
2026-08-14T04:01:48.150000Z DEBUG actor{actor="emo-text"}: areka_emo_present::presenter::timing: perf(apply_show): 段階別計時 target_id=TargetId(0) surface_id=1000 cache_hit=true t_cache_us=80 t_compose_us=0 t_resample_us=0 t_mask_us=0 t_upload_us=40 t_total_us=120 alloc_compose_dst=0 alloc_resample_dst=0 alloc_xmap=0 alloc_mask=0 key_hash=0x9f3a2b1c4d5e6f70
2026-08-14T04:01:48.172000Z DEBUG actor{actor="emo-text"}: areka_emo_present::presenter::timing: perf(apply_show): 段階別計時 target_id=TargetId(0) surface_id=1000 cache_hit=true t_cache_us=80 t_compose_us=0 t_resample_us=0 t_mask_us=0 t_upload_us=40 t_total_us=120 alloc_compose_dst=0 alloc_resample_dst=0 alloc_xmap=0 alloc_mask=0 key_hash=0x9f3a2b1c4d5e6f70
2026-08-14T04:01:48.200000Z INFO actor{actor=seriko}: areka_seriko::looper: seriko: loop 抽選発火（再生開始・先頭コマから・要件 2.1/2.2） scope="0" slot=Shell animation_id=1400 k=4
2026-08-14T04:01:48.200000Z DEBUG actor{actor="emo-text"}: areka_emo_present::presenter::timing: perf(apply_show): 段階別計時 target_id=TargetId(0) surface_id=1000 cache_hit=true t_cache_us=80 t_compose_us=0 t_resample_us=0 t_mask_us=0 t_upload_us=40 t_total_us=120 alloc_compose_dst=0 alloc_resample_dst=0 alloc_xmap=0 alloc_mask=0 key_hash=0x9f3a2b1c4d5e6f70
2026-08-14T04:01:48.350000Z DEBUG actor{actor="emo-text"}: areka_emo_present::presenter::timing: perf(apply_show): 段階別計時 target_id=TargetId(0) surface_id=1000 cache_hit=true t_cache_us=80 t_compose_us=0 t_resample_us=0 t_mask_us=0 t_upload_us=40 t_total_us=120 alloc_compose_dst=0 alloc_resample_dst=0 alloc_xmap=0 alloc_mask=0 key_hash=0x9f3a2b1c4d5e6f70
2026-08-14T04:01:48.372000Z DEBUG actor{actor="emo-text"}: areka_emo_present::presenter::timing: perf(apply_show): 段階別計時 target_id=TargetId(0) surface_id=1000 cache_hit=true t_cache_us=80 t_compose_us=0 t_resample_us=0 t_mask_us=0 t_upload_us=40 t_total_us=120 alloc_compose_dst=0 alloc_resample_dst=0 alloc_xmap=0 alloc_mask=0 key_hash=0x9f3a2b1c4d5e6f70
2026-08-14T04:01:48.400000Z INFO actor{actor=seriko}: areka_seriko::looper: seriko: loop 抽選発火（再生開始・先頭コマから・要件 2.1/2.2） scope="0" slot=Shell animation_id=1400 k=4
2026-08-14T04:01:48.400000Z DEBUG actor{actor="emo-text"}: areka_emo_present::presenter::timing: perf(apply_show): 段階別計時 target_id=TargetId(0) surface_id=1000 cache_hit=true t_cache_us=80 t_compose_us=0 t_resample_us=0 t_mask_us=0 t_upload_us=40 t_total_us=120 alloc_compose_dst=0 alloc_resample_dst=0 alloc_xmap=0 alloc_mask=0 key_hash=0x9f3a2b1c4d5e6f70
2026-08-14T04:01:48.500000Z INFO actor{actor=seriko}: areka_seriko::looper: seriko: loop 抽選発火（再生開始・先頭コマから・要件 2.1/2.2） scope="0" slot=Shell animation_id=1402 k=4
2026-08-14T04:01:48.500000Z DEBUG actor{actor="emo-text"}: areka_emo_present::presenter::timing: perf(apply_show): 段階別計時 target_id=TargetId(0) surface_id=1000 cache_hit=true t_cache_us=80 t_compose_us=0 t_resample_us=0 t_mask_us=0 t_upload_us=40 t_total_us=120 alloc_compose_dst=0 alloc_resample_dst=0 alloc_xmap=0 alloc_mask=0 key_hash=0x9f3a2b1c4d5e6f70
2026-08-14T04:01:48.550000Z DEBUG actor{actor="emo-text"}: areka_emo_present::presenter::timing: perf(apply_show): 段階別計時 target_id=TargetId(0) surface_id=1000 cache_hit=true t_cache_us=80 t_compose_us=0 t_resample_us=0 t_mask_us=0 t_upload_us=40 t_total_us=120 alloc_compose_dst=0 alloc_resample_dst=0 alloc_xmap=0 alloc_mask=0 key_hash=0x9f3a2b1c4d5e6f70
2026-08-14T04:01:48.572000Z DEBUG actor{actor="emo-text"}: areka_emo_present::presenter::timing: perf(apply_show): 段階別計時 target_id=TargetId(0) surface_id=1000 cache_hit=true t_cache_us=80 t_compose_us=0 t_resample_us=0 t_mask_us=0 t_upload_us=40 t_total_us=120 alloc_compose_dst=0 alloc_resample_dst=0 alloc_xmap=0 alloc_mask=0 key_hash=0x9f3a2b1c4d5e6f70
2026-08-14T04:01:48.600000Z INFO actor{actor=seriko}: areka_seriko::looper: seriko: loop 抽選発火（再生開始・先頭コマから・要件 2.1/2.2） scope="0" slot=Shell animation_id=1400 k=4
2026-08-14T04:01:48.600000Z DEBUG actor{actor="emo-text"}: areka_emo_present::presenter::timing: perf(apply_show): 段階別計時 target_id=TargetId(0) surface_id=1000 cache_hit=true t_cache_us=80 t_compose_us=0 t_resample_us=0 t_mask_us=0 t_upload_us=40 t_total_us=120 alloc_compose_dst=0 alloc_resample_dst=0 alloc_xmap=0 alloc_mask=0 key_hash=0x9f3a2b1c4d5e6f70
2026-08-14T04:01:48.750000Z DEBUG actor{actor="emo-text"}: areka_emo_present::presenter::timing: perf(apply_show): 段階別計時 target_id=TargetId(0) surface_id=1000 cache_hit=true t_cache_us=80 t_compose_us=0 t_resample_us=0 t_mask_us=0 t_upload_us=40 t_total_us=120 alloc_compose_dst=0 alloc_resample_dst=0 alloc_xmap=0 alloc_mask=0 key_hash=0x9f3a2b1c4d5e6f70
2026-08-14T04:01:48.772000Z DEBUG actor{actor="emo-text"}: areka_emo_present::presenter::timing: perf(apply_show): 段階別計時 target_id=TargetId(0) surface_id=1000 cache_hit=true t_cache_us=80 t_compose_us=0 t_resample_us=0 t_mask_us=0 t_upload_us=40 t_total_us=120 alloc_compose_dst=0 alloc_resample_dst=0 alloc_xmap=0 alloc_mask=0 key_hash=0x9f3a2b1c4d5e6f70
2026-08-14T04:01:48.800000Z INFO actor{actor=seriko}: areka_seriko::looper: seriko: loop 抽選発火（再生開始・先頭コマから・要件 2.1/2.2） scope="0" slot=Shell animation_id=1400 k=4
2026-08-14T04:01:48.800000Z DEBUG actor{actor="emo-text"}: areka_emo_present::presenter::timing: perf(apply_show): 段階別計時 target_id=TargetId(0) surface_id=1000 cache_hit=true t_cache_us=80 t_compose_us=0 t_resample_us=0 t_mask_us=0 t_upload_us=40 t_total_us=120 alloc_compose_dst=0 alloc_resample_dst=0 alloc_xmap=0 alloc_mask=0 key_hash=0x9f3a2b1c4d5e6f70
2026-08-14T04:01:48.950000Z DEBUG actor{actor="emo-text"}: areka_emo_present::presenter::timing: perf(apply_show): 段階別計時 target_id=TargetId(0) surface_id=1000 cache_hit=true t_cache_us=80 t_compose_us=0 t_resample_us=0 t_mask_us=0 t_upload_us=40 t_total_us=120 alloc_compose_dst=0 alloc_resample_dst=0 alloc_xmap=0 alloc_mask=0 key_hash=0x9f3a2b1c4d5e6f70
2026-08-14T04:01:48.972000Z DEBUG actor{actor="emo-text"}: areka_emo_present::presenter::timing: perf(apply_show): 段階別計時 target_id=TargetId(0) surface_id=1000 cache_hit=true t_cache_us=80 t_compose_us=0 t_resample_us=0 t_mask_us=0 t_upload_us=40 t_total_us=120 alloc_compose_dst=0 alloc_resample_dst=0 alloc_xmap=0 alloc_mask=0 key_hash=0x9f3a2b1c4d5e6f70
2026-08-14T04:01:49.000000Z INFO actor{actor=seriko}: areka_seriko::looper: seriko: loop 抽選発火（再生開始・先頭コマから・要件 2.1/2.2） scope="0" slot=Shell animation_id=1400 k=4
2026-08-14T04:01:49.000000Z DEBUG actor{actor="emo-text"}: areka_emo_present::presenter::timing: perf(apply_show): 段階別計時 target_id=TargetId(0) surface_id=1000 cache_hit=true t_cache_us=80 t_compose_us=0 t_resample_us=0 t_mask_us=0 t_upload_us=40 t_total_us=120 alloc_compose_dst=0 alloc_resample_dst=0 alloc_xmap=0 alloc_mask=0 key_hash=0x9f3a2b1c4d5e6f70
2026-08-14T04:01:49.150000Z DEBUG actor{actor="emo-text"}: areka_emo_present::presenter::timing: perf(apply_show): 段階別計時 target_id=TargetId(0) surface_id=1000 cache_hit=true t_cache_us=80 t_compose_us=0 t_resample_us=0 t_mask_us=0 t_upload_us=40 t_total_us=120 alloc_compose_dst=0 alloc_resample_dst=0 alloc_xmap=0 alloc_mask=0 key_hash=0x9f3a2b1c4d5e6f70
2026-08-14T04:01:49.172000Z DEBUG actor{actor="emo-text"}: areka_emo_present::presenter::timing: perf(apply_show): 段階別計時 target_id=TargetId(0) surface_id=1000 cache_hit=true t_cache_us=80 t_compose_us=0 t_resample_us=0 t_mask_us=0 t_upload_us=40 t_total_us=120 alloc_compose_dst=0 alloc_resample_dst=0 alloc_xmap=0 alloc_mask=0 key_hash=0x9f3a2b1c4d5e6f70
2026-08-14T04:01:49.200000Z INFO actor{actor=seriko}: areka_seriko::looper: seriko: loop 抽選発火（再生開始・先頭コマから・要件 2.1/2.2） scope="0" slot=Shell animation_id=1400 k=4
2026-08-14T04:01:49.200000Z DEBUG actor{actor="emo-text"}: areka_emo_present::presenter::timing: perf(apply_show): 段階別計時 target_id=TargetId(0) surface_id=1000 cache_hit=true t_cache_us=80 t_compose_us=0 t_resample_us=0 t_mask_us=0 t_upload_us=40 t_total_us=120 alloc_compose_dst=0 alloc_resample_dst=0 alloc_xmap=0 alloc_mask=0 key_hash=0x9f3a2b1c4d5e6f70
2026-08-14T04:01:49.200000Z INFO actor{actor=seriko}: areka_seriko::looper: seriko: loop 抽選発火（再生開始・先頭コマから・要件 2.1/2.2） scope="0" slot=Shell animation_id=1402 k=4
2026-08-14T04:01:49.200000Z DEBUG actor{actor="emo-text"}: areka_emo_present::presenter::timing: perf(apply_show): 段階別計時 target_id=TargetId(0) surface_id=1000 cache_hit=true t_cache_us=80 t_compose_us=0 t_resample_us=0 t_mask_us=0 t_upload_us=40 t_total_us=120 alloc_compose_dst=0 alloc_resample_dst=0 alloc_xmap=0 alloc_mask=0 key_hash=0x9f3a2b1c4d5e6f70
2026-08-14T04:01:49.350000Z DEBUG actor{actor="emo-text"}: areka_emo_present::presenter::timing: perf(apply_show): 段階別計時 target_id=TargetId(0) surface_id=1000 cache_hit=true t_cache_us=80 t_compose_us=0 t_resample_us=0 t_mask_us=0 t_upload_us=40 t_total_us=120 alloc_compose_dst=0 alloc_resample_dst=0 alloc_xmap=0 alloc_mask=0 key_hash=0x9f3a2b1c4d5e6f70
2026-08-14T04:01:49.372000Z DEBUG actor{actor="emo-text"}: areka_emo_present::presenter::timing: perf(apply_show): 段階別計時 target_id=TargetId(0) surface_id=1000 cache_hit=true t_cache_us=80 t_compose_us=0 t_resample_us=0 t_mask_us=0 t_upload_us=40 t_total_us=120 alloc_compose_dst=0 alloc_resample_dst=0 alloc_xmap=0 alloc_mask=0 key_hash=0x9f3a2b1c4d5e6f70
2026-08-14T04:01:49.400000Z INFO actor{actor=seriko}: areka_seriko::looper: seriko: loop 抽選発火（再生開始・先頭コマから・要件 2.1/2.2） scope="0" slot=Shell animation_id=1400 k=4
2026-08-14T04:01:49.400000Z DEBUG actor{actor="emo-text"}: areka_emo_present::presenter::timing: perf(apply_show): 段階別計時 target_id=TargetId(0) surface_id=1000 cache_hit=true t_cache_us=80 t_compose_us=0 t_resample_us=0 t_mask_us=0 t_upload_us=40 t_total_us=120 alloc_compose_dst=0 alloc_resample_dst=0 alloc_xmap=0 alloc_mask=0 key_hash=0x9f3a2b1c4d5e6f70
2026-08-14T04:01:49.550000Z DEBUG actor{actor="emo-text"}: areka_emo_present::presenter::timing: perf(apply_show): 段階別計時 target_id=TargetId(0) surface_id=1000 cache_hit=true t_cache_us=80 t_compose_us=0 t_resample_us=0 t_mask_us=0 t_upload_us=40 t_total_us=120 alloc_compose_dst=0 alloc_resample_dst=0 alloc_xmap=0 alloc_mask=0 key_hash=0x9f3a2b1c4d5e6f70
2026-08-14T04:01:49.572000Z DEBUG actor{actor="emo-text"}: areka_emo_present::presenter::timing: perf(apply_show): 段階別計時 target_id=TargetId(0) surface_id=1000 cache_hit=true t_cache_us=80 t_compose_us=0 t_resample_us=0 t_mask_us=0 t_upload_us=40 t_total_us=120 alloc_compose_dst=0 alloc_resample_dst=0 alloc_xmap=0 alloc_mask=0 key_hash=0x9f3a2b1c4d5e6f70
2026-08-14T04:01:49.600000Z INFO actor{actor=seriko}: areka_seriko::looper: seriko: loop 抽選発火（再生開始・先頭コマから・要件 2.1/2.2） scope="0" slot=Shell animation_id=1400 k=4
2026-08-14T04:01:49.600000Z DEBUG actor{actor="emo-text"}: areka_emo_present::presenter::timing: perf(apply_show): 段階別計時 target_id=TargetId(0) surface_id=1000 cache_hit=true t_cache_us=80 t_compose_us=0 t_resample_us=0 t_mask_us=0 t_upload_us=40 t_total_us=120 alloc_compose_dst=0 alloc_resample_dst=0 alloc_xmap=0 alloc_mask=0 key_hash=0x9f3a2b1c4d5e6f70
2026-08-14T04:01:49.750000Z DEBUG actor{actor="emo-text"}: areka_emo_present::presenter::timing: perf(apply_show): 段階別計時 target_id=TargetId(0) surface_id=1000 cache_hit=true t_cache_us=80 t_compose_us=0 t_resample_us=0 t_mask_us=0 t_upload_us=40 t_total_us=120 alloc_compose_dst=0 alloc_resample_dst=0 alloc_xmap=0 alloc_mask=0 key_hash=0x9f3a2b1c4d5e6f70
2026-08-14T04:01:49.772000Z DEBUG actor{actor="emo-text"}: areka_emo_present::presenter::timing: perf(apply_show): 段階別計時 target_id=TargetId(0) surface_id=1000 cache_hit=true t_cache_us=80 t_compose_us=0 t_resample_us=0 t_mask_us=0 t_upload_us=40 t_total_us=120 alloc_compose_dst=0 alloc_resample_dst=0 alloc_xmap=0 alloc_mask=0 key_hash=0x9f3a2b1c4d5e6f70
2026-08-14T04:01:49.800000Z INFO actor{actor=seriko}: areka_seriko::looper: seriko: loop 抽選発火（再生開始・先頭コマから・要件 2.1/2.2） scope="0" slot=Shell animation_id=1400 k=4
2026-08-14T04:01:49.800000Z DEBUG actor{actor="emo-text"}: areka_emo_present::presenter::timing: perf(apply_show): 段階別計時 target_id=TargetId(0) surface_id=1000 cache_hit=true t_cache_us=80 t_compose_us=0 t_resample_us=0 t_mask_us=0 t_upload_us=40 t_total_us=120 alloc_compose_dst=0 alloc_resample_dst=0 alloc_xmap=0 alloc_mask=0 key_hash=0x9f3a2b1c4d5e6f70
2026-08-14T04:01:49.900000Z INFO actor{actor=seriko}: areka_seriko::looper: seriko: loop 抽選発火（再生開始・先頭コマから・要件 2.1/2.2） scope="0" slot=Shell animation_id=1402 k=4
2026-08-14T04:01:49.900000Z DEBUG actor{actor="emo-text"}: areka_emo_present::presenter::timing: perf(apply_show): 段階別計時 target_id=TargetId(0) surface_id=1000 cache_hit=true t_cache_us=80 t_compose_us=0 t_resample_us=0 t_mask_us=0 t_upload_us=40 t_total_us=120 alloc_compose_dst=0 alloc_resample_dst=0 alloc_xmap=0 alloc_mask=0 key_hash=0x9f3a2b1c4d5e6f70
2026-08-14T04:01:49.950000Z DEBUG actor{actor="emo-text"}: areka_emo_present::presenter::timing: perf(apply_show): 段階別計時 target_id=TargetId(0) surface_id=1000 cache_hit=true t_cache_us=80 t_compose_us=0 t_resample_us=0 t_mask_us=0 t_upload_us=40 t_total_us=120 alloc_compose_dst=0 alloc_resample_dst=0 alloc_xmap=0 alloc_mask=0 key_hash=0x9f3a2b1c4d5e6f70
2026-08-14T04:01:49.972000Z DEBUG actor{actor="emo-text"}: areka_emo_present::presenter::timing: perf(apply_show): 段階別計時 target_id=TargetId(0) surface_id=1000 cache_hit=true t_cache_us=80 t_compose_us=0 t_resample_us=0 t_mask_us=0 t_upload_us=40 t_total_us=120 alloc_compose_dst=0 alloc_resample_dst=0 alloc_xmap=0 alloc_mask=0 key_hash=0x9f3a2b1c4d5e6f70
2026-08-14T04:01:50.000000Z INFO actor{actor=seriko}: areka_seriko::looper: seriko: loop 抽選発火（再生開始・先頭コマから・要件 2.1/2.2） scope="0" slot=Shell animation_id=1400 k=4
2026-08-14T04:01:50.000000Z DEBUG actor{actor="emo-text"}: areka_emo_present::presenter::timing: perf(apply_show): 段階別計時 target_id=TargetId(0) surface_id=1000 cache_hit=true t_cache_us=80 t_compose_us=0 t_resample_us=0 t_mask_us=0 t_upload_us=40 t_total_us=120 alloc_compose_dst=0 alloc_resample_dst=0 alloc_xmap=0 alloc_mask=0 key_hash=0x9f3a2b1c4d5e6f70
2026-08-14T04:01:50.150000Z DEBUG actor{actor="emo-text"}: areka_emo_present::presenter::timing: perf(apply_show): 段階別計時 target_id=TargetId(0) surface_id=1000 cache_hit=true t_cache_us=80 t_compose_us=0 t_resample_us=0 t_mask_us=0 t_upload_us=40 t_total_us=120 alloc_compose_dst=0 alloc_resample_dst=0 alloc_xmap=0 alloc_mask=0 key_hash=0x9f3a2b1c4d5e6f70
2026-08-14T04:01:50.172000Z DEBUG actor{actor="emo-text"}: areka_emo_present::presenter::timing: perf(apply_show): 段階別計時 target_id=TargetId(0) surface_id=1000 cache_hit=true t_cache_us=80 t_compose_us=0 t_resample_us=0 t_mask_us=0 t_upload_us=40 t_total_us=120 alloc_compose_dst=0 alloc_resample_dst=0 alloc_xmap=0 alloc_mask=0 key_hash=0x9f3a2b1c4d5e6f70
2026-08-14T04:01:50.200000Z INFO actor{actor=seriko}: areka_seriko::looper: seriko: loop 抽選発火（再生開始・先頭コマから・要件 2.1/2.2） scope="0" slot=Shell animation_id=1400 k=4
2026-08-14T04:01:50.200000Z DEBUG actor{actor="emo-text"}: areka_emo_present::presenter::timing: perf(apply_show): 段階別計時 target_id=TargetId(0) surface_id=1000 cache_hit=true t_cache_us=80 t_compose_us=0 t_resample_us=0 t_mask_us=0 t_upload_us=40 t_total_us=120 alloc_compose_dst=0 alloc_resample_dst=0 alloc_xmap=0 alloc_mask=0 key_hash=0x9f3a2b1c4d5e6f70
2026-08-14T04:01:50.350000Z DEBUG actor{actor="emo-text"}: areka_emo_present::presenter::timing: perf(apply_show): 段階別計時 target_id=TargetId(0) surface_id=1000 cache_hit=true t_cache_us=80 t_compose_us=0 t_resample_us=0 t_mask_us=0 t_upload_us=40 t_total_us=120 alloc_compose_dst=0 alloc_resample_dst=0 alloc_xmap=0 alloc_mask=0 key_hash=0x9f3a2b1c4d5e6f70
2026-08-14T04:01:50.372000Z DEBUG actor{actor="emo-text"}: areka_emo_present::presenter::timing: perf(apply_show): 段階別計時 target_id=TargetId(0) surface_id=1000 cache_hit=true t_cache_us=80 t_compose_us=0 t_resample_us=0 t_mask_us=0 t_upload_us=40 t_total_us=120 alloc_compose_dst=0 alloc_resample_dst=0 alloc_xmap=0 alloc_mask=0 key_hash=0x9f3a2b1c4d5e6f70
2026-08-14T04:01:50.400000Z INFO actor{actor=seriko}: areka_seriko::looper: seriko: loop 抽選発火（再生開始・先頭コマから・要件 2.1/2.2） scope="0" slot=Shell animation_id=1400 k=4
2026-08-14T04:01:50.400000Z DEBUG actor{actor="emo-text"}: areka_emo_present::presenter::timing: perf(apply_show): 段階別計時 target_id=TargetId(0) surface_id=1000 cache_hit=true t_cache_us=80 t_compose_us=0 t_resample_us=0 t_mask_us=0 t_upload_us=40 t_total_us=120 alloc_compose_dst=0 alloc_resample_dst=0 alloc_xmap=0 alloc_mask=0 key_hash=0x9f3a2b1c4d5e6f70
2026-08-14T04:01:50.550000Z DEBUG actor{actor="emo-text"}: areka_emo_present::presenter::timing: perf(apply_show): 段階別計時 target_id=TargetId(0) surface_id=1000 cache_hit=true t_cache_us=80 t_compose_us=0 t_resample_us=0 t_mask_us=0 t_upload_us=40 t_total_us=120 alloc_compose_dst=0 alloc_resample_dst=0 alloc_xmap=0 alloc_mask=0 key_hash=0x9f3a2b1c4d5e6f70
2026-08-14T04:01:50.572000Z DEBUG actor{actor="emo-text"}: areka_emo_present::presenter::timing: perf(apply_show): 段階別計時 target_id=TargetId(0) surface_id=1000 cache_hit=true t_cache_us=80 t_compose_us=0 t_resample_us=0 t_mask_us=0 t_upload_us=40 t_total_us=120 alloc_compose_dst=0 alloc_resample_dst=0 alloc_xmap=0 alloc_mask=0 key_hash=0x9f3a2b1c4d5e6f70
2026-08-14T04:01:50.600000Z INFO actor{actor=seriko}: areka_seriko::looper: seriko: loop 抽選発火（再生開始・先頭コマから・要件 2.1/2.2） scope="0" slot=Shell animation_id=1400 k=4
2026-08-14T04:01:50.600000Z DEBUG actor{actor="emo-text"}: areka_emo_present::presenter::timing: perf(apply_show): 段階別計時 target_id=TargetId(0) surface_id=1000 cache_hit=true t_cache_us=80 t_compose_us=0 t_resample_us=0 t_mask_us=0 t_upload_us=40 t_total_us=120 alloc_compose_dst=0 alloc_resample_dst=0 alloc_xmap=0 alloc_mask=0 key_hash=0x9f3a2b1c4d5e6f70
2026-08-14T04:01:50.600000Z INFO actor{actor=seriko}: areka_seriko::looper: seriko: loop 抽選発火（再生開始・先頭コマから・要件 2.1/2.2） scope="0" slot=Shell animation_id=1402 k=4
2026-08-14T04:01:50.600000Z DEBUG actor{actor="emo-text"}: areka_emo_present::presenter::timing: perf(apply_show): 段階別計時 target_id=TargetId(0) surface_id=1000 cache_hit=true t_cache_us=80 t_compose_us=0 t_resample_us=0 t_mask_us=0 t_upload_us=40 t_total_us=120 alloc_compose_dst=0 alloc_resample_dst=0 alloc_xmap=0 alloc_mask=0 key_hash=0x9f3a2b1c4d5e6f70
2026-08-14T04:01:50.750000Z DEBUG actor{actor="emo-text"}: areka_emo_present::presenter::timing: perf(apply_show): 段階別計時 target_id=TargetId(0) surface_id=1000 cache_hit=true t_cache_us=80 t_compose_us=0 t_resample_us=0 t_mask_us=0 t_upload_us=40 t_total_us=120 alloc_compose_dst=0 alloc_resample_dst=0 alloc_xmap=0 alloc_mask=0 key_hash=0x9f3a2b1c4d5e6f70
2026-08-14T04:01:50.772000Z DEBUG actor{actor="emo-text"}: areka_emo_present::presenter::timing: perf(apply_show): 段階別計時 target_id=TargetId(0) surface_id=1000 cache_hit=true t_cache_us=80 t_compose_us=0 t_resample_us=0 t_mask_us=0 t_upload_us=40 t_total_us=120 alloc_compose_dst=0 alloc_resample_dst=0 alloc_xmap=0 alloc_mask=0 key_hash=0x9f3a2b1c4d5e6f70
2026-08-14T04:01:50.800000Z INFO actor{actor=seriko}: areka_seriko::looper: seriko: loop 抽選発火（再生開始・先頭コマから・要件 2.1/2.2） scope="0" slot=Shell animation_id=1400 k=4
2026-08-14T04:01:50.800000Z DEBUG actor{actor="emo-text"}: areka_emo_present::presenter::timing: perf(apply_show): 段階別計時 target_id=TargetId(0) surface_id=1000 cache_hit=true t_cache_us=80 t_compose_us=0 t_resample_us=0 t_mask_us=0 t_upload_us=40 t_total_us=120 alloc_compose_dst=0 alloc_resample_dst=0 alloc_xmap=0 alloc_mask=0 key_hash=0x9f3a2b1c4d5e6f70
2026-08-14T04:01:50.950000Z DEBUG actor{actor="emo-text"}: areka_emo_present::presenter::timing: perf(apply_show): 段階別計時 target_id=TargetId(0) surface_id=1000 cache_hit=true t_cache_us=80 t_compose_us=0 t_resample_us=0 t_mask_us=0 t_upload_us=40 t_total_us=120 alloc_compose_dst=0 alloc_resample_dst=0 alloc_xmap=0 alloc_mask=0 key_hash=0x9f3a2b1c4d5e6f70
2026-08-14T04:01:50.972000Z DEBUG actor{actor="emo-text"}: areka_emo_present::presenter::timing: perf(apply_show): 段階別計時 target_id=TargetId(0) surface_id=1000 cache_hit=true t_cache_us=80 t_compose_us=0 t_resample_us=0 t_mask_us=0 t_upload_us=40 t_total_us=120 alloc_compose_dst=0 alloc_resample_dst=0 alloc_xmap=0 alloc_mask=0 key_hash=0x9f3a2b1c4d5e6f70
2026-08-14T04:01:51.000000Z INFO actor{actor=seriko}: areka_seriko::looper: seriko: loop 抽選発火（再生開始・先頭コマから・要件 2.1/2.2） scope="0" slot=Shell animation_id=1400 k=4
2026-08-14T04:01:51.000000Z DEBUG actor{actor="emo-text"}: areka_emo_present::presenter::timing: perf(apply_show): 段階別計時 target_id=TargetId(0) surface_id=1000 cache_hit=true t_cache_us=80 t_compose_us=0 t_resample_us=0 t_mask_us=0 t_upload_us=40 t_total_us=120 alloc_compose_dst=0 alloc_resample_dst=0 alloc_xmap=0 alloc_mask=0 key_hash=0x9f3a2b1c4d5e6f70
2026-08-14T04:01:51.150000Z DEBUG actor{actor="emo-text"}: areka_emo_present::presenter::timing: perf(apply_show): 段階別計時 target_id=TargetId(0) surface_id=1000 cache_hit=true t_cache_us=80 t_compose_us=0 t_resample_us=0 t_mask_us=0 t_upload_us=40 t_total_us=120 alloc_compose_dst=0 alloc_resample_dst=0 alloc_xmap=0 alloc_mask=0 key_hash=0x9f3a2b1c4d5e6f70
2026-08-14T04:01:51.172000Z DEBUG actor{actor="emo-text"}: areka_emo_present::presenter::timing: perf(apply_show): 段階別計時 target_id=TargetId(0) surface_id=1000 cache_hit=true t_cache_us=80 t_compose_us=0 t_resample_us=0 t_mask_us=0 t_upload_us=40 t_total_us=120 alloc_compose_dst=0 alloc_resample_dst=0 alloc_xmap=0 alloc_mask=0 key_hash=0x9f3a2b1c4d5e6f70
2026-08-14T04:01:51.200000Z INFO actor{actor=seriko}: areka_seriko::looper: seriko: loop 抽選発火（再生開始・先頭コマから・要件 2.1/2.2） scope="0" slot=Shell animation_id=1400 k=4
2026-08-14T04:01:51.200000Z DEBUG actor{actor="emo-text"}: areka_emo_present::presenter::timing: perf(apply_show): 段階別計時 target_id=TargetId(0) surface_id=1000 cache_hit=true t_cache_us=80 t_compose_us=0 t_resample_us=0 t_mask_us=0 t_upload_us=40 t_total_us=120 alloc_compose_dst=0 alloc_resample_dst=0 alloc_xmap=0 alloc_mask=0 key_hash=0x9f3a2b1c4d5e6f70
2026-08-14T04:01:51.300000Z INFO actor{actor=seriko}: areka_seriko::looper: seriko: loop 抽選発火（再生開始・先頭コマから・要件 2.1/2.2） scope="0" slot=Shell animation_id=1402 k=4
2026-08-14T04:01:51.300000Z DEBUG actor{actor="emo-text"}: areka_emo_present::presenter::timing: perf(apply_show): 段階別計時 target_id=TargetId(0) surface_id=1000 cache_hit=true t_cache_us=80 t_compose_us=0 t_resample_us=0 t_mask_us=0 t_upload_us=40 t_total_us=120 alloc_compose_dst=0 alloc_resample_dst=0 alloc_xmap=0 alloc_mask=0 key_hash=0x9f3a2b1c4d5e6f70
2026-08-14T04:01:51.350000Z DEBUG actor{actor="emo-text"}: areka_emo_present::presenter::timing: perf(apply_show): 段階別計時 target_id=TargetId(0) surface_id=1000 cache_hit=true t_cache_us=80 t_compose_us=0 t_resample_us=0 t_mask_us=0 t_upload_us=40 t_total_us=120 alloc_compose_dst=0 alloc_resample_dst=0 alloc_xmap=0 alloc_mask=0 key_hash=0x9f3a2b1c4d5e6f70
2026-08-14T04:01:51.372000Z DEBUG actor{actor="emo-text"}: areka_emo_present::presenter::timing: perf(apply_show): 段階別計時 target_id=TargetId(0) surface_id=1000 cache_hit=true t_cache_us=80 t_compose_us=0 t_resample_us=0 t_mask_us=0 t_upload_us=40 t_total_us=120 alloc_compose_dst=0 alloc_resample_dst=0 alloc_xmap=0 alloc_mask=0 key_hash=0x9f3a2b1c4d5e6f70
2026-08-14T04:01:51.400000Z INFO actor{actor=seriko}: areka_seriko::looper: seriko: loop 抽選発火（再生開始・先頭コマから・要件 2.1/2.2） scope="0" slot=Shell animation_id=1400 k=4
2026-08-14T04:01:51.400000Z DEBUG actor{actor="emo-text"}: areka_emo_present::presenter::timing: perf(apply_show): 段階別計時 target_id=TargetId(0) surface_id=1000 cache_hit=true t_cache_us=80 t_compose_us=0 t_resample_us=0 t_mask_us=0 t_upload_us=40 t_total_us=120 alloc_compose_dst=0 alloc_resample_dst=0 alloc_xmap=0 alloc_mask=0 key_hash=0x9f3a2b1c4d5e6f70
2026-08-14T04:01:51.550000Z DEBUG actor{actor="emo-text"}: areka_emo_present::presenter::timing: perf(apply_show): 段階別計時 target_id=TargetId(0) surface_id=1000 cache_hit=true t_cache_us=80 t_compose_us=0 t_resample_us=0 t_mask_us=0 t_upload_us=40 t_total_us=120 alloc_compose_dst=0 alloc_resample_dst=0 alloc_xmap=0 alloc_mask=0 key_hash=0x9f3a2b1c4d5e6f70
2026-08-14T04:01:51.572000Z DEBUG actor{actor="emo-text"}: areka_emo_present::presenter::timing: perf(apply_show): 段階別計時 target_id=TargetId(0) surface_id=1000 cache_hit=true t_cache_us=80 t_compose_us=0 t_resample_us=0 t_mask_us=0 t_upload_us=40 t_total_us=120 alloc_compose_dst=0 alloc_resample_dst=0 alloc_xmap=0 alloc_mask=0 key_hash=0x9f3a2b1c4d5e6f70
2026-08-14T04:01:51.600000Z INFO actor{actor=seriko}: areka_seriko::looper: seriko: loop 抽選発火（再生開始・先頭コマから・要件 2.1/2.2） scope="0" slot=Shell animation_id=1400 k=4
2026-08-14T04:01:51.600000Z DEBUG actor{actor="emo-text"}: areka_emo_present::presenter::timing: perf(apply_show): 段階別計時 target_id=TargetId(0) surface_id=1000 cache_hit=true t_cache_us=80 t_compose_us=0 t_resample_us=0 t_mask_us=0 t_upload_us=40 t_total_us=120 alloc_compose_dst=0 alloc_resample_dst=0 alloc_xmap=0 alloc_mask=0 key_hash=0x9f3a2b1c4d5e6f70
2026-08-14T04:01:51.750000Z DEBUG actor{actor="emo-text"}: areka_emo_present::presenter::timing: perf(apply_show): 段階別計時 target_id=TargetId(0) surface_id=1000 cache_hit=true t_cache_us=80 t_compose_us=0 t_resample_us=0 t_mask_us=0 t_upload_us=40 t_total_us=120 alloc_compose_dst=0 alloc_resample_dst=0 alloc_xmap=0 alloc_mask=0 key_hash=0x9f3a2b1c4d5e6f70
2026-08-14T04:01:51.772000Z DEBUG actor{actor="emo-text"}: areka_emo_present::presenter::timing: perf(apply_show): 段階別計時 target_id=TargetId(0) surface_id=1000 cache_hit=true t_cache_us=80 t_compose_us=0 t_resample_us=0 t_mask_us=0 t_upload_us=40 t_total_us=120 alloc_compose_dst=0 alloc_resample_dst=0 alloc_xmap=0 alloc_mask=0 key_hash=0x9f3a2b1c4d5e6f70
2026-08-14T04:01:51.800000Z INFO actor{actor=seriko}: areka_seriko::looper: seriko: loop 抽選発火（再生開始・先頭コマから・要件 2.1/2.2） scope="0" slot=Shell animation_id=1400 k=4
2026-08-14T04:01:51.800000Z DEBUG actor{actor="emo-text"}: areka_emo_present::presenter::timing: perf(apply_show): 段階別計時 target_id=TargetId(0) surface_id=1000 cache_hit=true t_cache_us=80 t_compose_us=0 t_resample_us=0 t_mask_us=0 t_upload_us=40 t_total_us=120 alloc_compose_dst=0 alloc_resample_dst=0 alloc_xmap=0 alloc_mask=0 key_hash=0x9f3a2b1c4d5e6f70
2026-08-14T04:01:51.950000Z DEBUG actor{actor="emo-text"}: areka_emo_present::presenter::timing: perf(apply_show): 段階別計時 target_id=TargetId(0) surface_id=1000 cache_hit=true t_cache_us=80 t_compose_us=0 t_resample_us=0 t_mask_us=0 t_upload_us=40 t_total_us=120 alloc_compose_dst=0 alloc_resample_dst=0 alloc_xmap=0 alloc_mask=0 key_hash=0x9f3a2b1c4d5e6f70
2026-08-14T04:01:51.972000Z DEBUG actor{actor="emo-text"}: areka_emo_present::presenter::timing: perf(apply_show): 段階別計時 target_id=TargetId(0) surface_id=1000 cache_hit=true t_cache_us=80 t_compose_us=0 t_resample_us=0 t_mask_us=0 t_upload_us=40 t_total_us=120 alloc_compose_dst=0 alloc_resample_dst=0 alloc_xmap=0 alloc_mask=0 key_hash=0x9f3a2b1c4d5e6f70
2026-08-14T04:01:52.000000Z INFO actor{actor=seriko}: areka_seriko::looper: seriko: loop 抽選発火（再生開始・先頭コマから・要件 2.1/2.2） scope="0" slot=Shell animation_id=1400 k=4
2026-08-14T04:01:52.000000Z DEBUG actor{actor="emo-text"}: areka_emo_present::presenter::timing: perf(apply_show): 段階別計時 target_id=TargetId(0) surface_id=1000 cache_hit=true t_cache_us=80 t_compose_us=0 t_resample_us=0 t_mask_us=0 t_upload_us=40 t_total_us=120 alloc_compose_dst=0 alloc_resample_dst=0 alloc_xmap=0 alloc_mask=0 key_hash=0x9f3a2b1c4d5e6f70
2026-08-14T04:01:52.000000Z INFO actor{actor=seriko}: areka_seriko::looper: seriko: loop 抽選発火（再生開始・先頭コマから・要件 2.1/2.2） scope="0" slot=Shell animation_id=1402 k=4
2026-08-14T04:01:52.000000Z DEBUG actor{actor="emo-text"}: areka_emo_present::presenter::timing: perf(apply_show): 段階別計時 target_id=TargetId(0) surface_id=1000 cache_hit=true t_cache_us=80 t_compose_us=0 t_resample_us=0 t_mask_us=0 t_upload_us=40 t_total_us=120 alloc_compose_dst=0 alloc_resample_dst=0 alloc_xmap=0 alloc_mask=0 key_hash=0x9f3a2b1c4d5e6f70
2026-08-14T04:01:52.150000Z DEBUG actor{actor="emo-text"}: areka_emo_present::presenter::timing: perf(apply_show): 段階別計時 target_id=TargetId(0) surface_id=1000 cache_hit=true t_cache_us=80 t_compose_us=0 t_resample_us=0 t_mask_us=0 t_upload_us=40 t_total_us=120 alloc_compose_dst=0 alloc_resample_dst=0 alloc_xmap=0 alloc_mask=0 key_hash=0x9f3a2b1c4d5e6f70
2026-08-14T04:01:52.172000Z DEBUG actor{actor="emo-text"}: areka_emo_present::presenter::timing: perf(apply_show): 段階別計時 target_id=TargetId(0) surface_id=1000 cache_hit=true t_cache_us=80 t_compose_us=0 t_resample_us=0 t_mask_us=0 t_upload_us=40 t_total_us=120 alloc_compose_dst=0 alloc_resample_dst=0 alloc_xmap=0 alloc_mask=0 key_hash=0x9f3a2b1c4d5e6f70
2026-08-14T04:01:52.200000Z INFO actor{actor=seriko}: areka_seriko::looper: seriko: loop 抽選発火（再生開始・先頭コマから・要件 2.1/2.2） scope="0" slot=Shell animation_id=1400 k=4
2026-08-14T04:01:52.200000Z DEBUG actor{actor="emo-text"}: areka_emo_present::presenter::timing: perf(apply_show): 段階別計時 target_id=TargetId(0) surface_id=1000 cache_hit=true t_cache_us=80 t_compose_us=0 t_resample_us=0 t_mask_us=0 t_upload_us=40 t_total_us=120 alloc_compose_dst=0 alloc_resample_dst=0 alloc_xmap=0 alloc_mask=0 key_hash=0x9f3a2b1c4d5e6f70
2026-08-14T04:01:52.350000Z DEBUG actor{actor="emo-text"}: areka_emo_present::presenter::timing: perf(apply_show): 段階別計時 target_id=TargetId(0) surface_id=1000 cache_hit=true t_cache_us=80 t_compose_us=0 t_resample_us=0 t_mask_us=0 t_upload_us=40 t_total_us=120 alloc_compose_dst=0 alloc_resample_dst=0 alloc_xmap=0 alloc_mask=0 key_hash=0x9f3a2b1c4d5e6f70
2026-08-14T04:01:52.372000Z DEBUG actor{actor="emo-text"}: areka_emo_present::presenter::timing: perf(apply_show): 段階別計時 target_id=TargetId(0) surface_id=1000 cache_hit=true t_cache_us=80 t_compose_us=0 t_resample_us=0 t_mask_us=0 t_upload_us=40 t_total_us=120 alloc_compose_dst=0 alloc_resample_dst=0 alloc_xmap=0 alloc_mask=0 key_hash=0x9f3a2b1c4d5e6f70
2026-08-14T04:01:52.400000Z INFO actor{actor=seriko}: areka_seriko::looper: seriko: loop 抽選発火（再生開始・先頭コマから・要件 2.1/2.2） scope="0" slot=Shell animation_id=1400 k=4
2026-08-14T04:01:52.400000Z DEBUG actor{actor="emo-text"}: areka_emo_present::presenter::timing: perf(apply_show): 段階別計時 target_id=TargetId(0) surface_id=1000 cache_hit=true t_cache_us=80 t_compose_us=0 t_resample_us=0 t_mask_us=0 t_upload_us=40 t_total_us=120 alloc_compose_dst=0 alloc_resample_dst=0 alloc_xmap=0 alloc_mask=0 key_hash=0x9f3a2b1c4d5e6f70
2026-08-14T04:01:52.550000Z DEBUG actor{actor="emo-text"}: areka_emo_present::presenter::timing: perf(apply_show): 段階別計時 target_id=TargetId(0) surface_id=1000 cache_hit=true t_cache_us=80 t_compose_us=0 t_resample_us=0 t_mask_us=0 t_upload_us=40 t_total_us=120 alloc_compose_dst=0 alloc_resample_dst=0 alloc_xmap=0 alloc_mask=0 key_hash=0x9f3a2b1c4d5e6f70
2026-08-14T04:01:52.572000Z DEBUG actor{actor="emo-text"}: areka_emo_present::presenter::timing: perf(apply_show): 段階別計時 target_id=TargetId(0) surface_id=1000 cache_hit=true t_cache_us=80 t_compose_us=0 t_resample_us=0 t_mask_us=0 t_upload_us=40 t_total_us=120 alloc_compose_dst=0 alloc_resample_dst=0 alloc_xmap=0 alloc_mask=0 key_hash=0x9f3a2b1c4d5e6f70
2026-08-14T04:01:52.600000Z INFO actor{actor=seriko}: areka_seriko::looper: seriko: loop 抽選発火（再生開始・先頭コマから・要件 2.1/2.2） scope="0" slot=Shell animation_id=1400 k=4
2026-08-14T04:01:52.600000Z DEBUG actor{actor="emo-text"}: areka_emo_present::presenter::timing: perf(apply_show): 段階別計時 target_id=TargetId(0) surface_id=1000 cache_hit=true t_cache_us=80 t_compose_us=0 t_resample_us=0 t_mask_us=0 t_upload_us=40 t_total_us=120 alloc_compose_dst=0 alloc_resample_dst=0 alloc_xmap=0 alloc_mask=0 key_hash=0x9f3a2b1c4d5e6f70
2026-08-14T04:01:52.700000Z INFO actor{actor=seriko}: areka_seriko::looper: seriko: loop 抽選発火（再生開始・先頭コマから・要件 2.1/2.2） scope="0" slot=Shell animation_id=1402 k=4
2026-08-14T04:01:52.700000Z DEBUG actor{actor="emo-text"}: areka_emo_present::presenter::timing: perf(apply_show): 段階別計時 target_id=TargetId(0) surface_id=1000 cache_hit=true t_cache_us=80 t_compose_us=0 t_resample_us=0 t_mask_us=0 t_upload_us=40 t_total_us=120 alloc_compose_dst=0 alloc_resample_dst=0 alloc_xmap=0 alloc_mask=0 key_hash=0x9f3a2b1c4d5e6f70
2026-08-14T04:01:52.750000Z DEBUG actor{actor="emo-text"}: areka_emo_present::presenter::timing: perf(apply_show): 段階別計時 target_id=TargetId(0) surface_id=1000 cache_hit=true t_cache_us=80 t_compose_us=0 t_resample_us=0 t_mask_us=0 t_upload_us=40 t_total_us=120 alloc_compose_dst=0 alloc_resample_dst=0 alloc_xmap=0 alloc_mask=0 key_hash=0x9f3a2b1c4d5e6f70
2026-08-14T04:01:52.772000Z DEBUG actor{actor="emo-text"}: areka_emo_present::presenter::timing: perf(apply_show): 段階別計時 target_id=TargetId(0) surface_id=1000 cache_hit=true t_cache_us=80 t_compose_us=0 t_resample_us=0 t_mask_us=0 t_upload_us=40 t_total_us=120 alloc_compose_dst=0 alloc_resample_dst=0 alloc_xmap=0 alloc_mask=0 key_hash=0x9f3a2b1c4d5e6f70
2026-08-14T04:01:52.800000Z INFO actor{actor=seriko}: areka_seriko::looper: seriko: loop 抽選発火（再生開始・先頭コマから・要件 2.1/2.2） scope="0" slot=Shell animation_id=1400 k=4
2026-08-14T04:01:52.800000Z DEBUG actor{actor="emo-text"}: areka_emo_present::presenter::timing: perf(apply_show): 段階別計時 target_id=TargetId(0) surface_id=1000 cache_hit=true t_cache_us=80 t_compose_us=0 t_resample_us=0 t_mask_us=0 t_upload_us=40 t_total_us=120 alloc_compose_dst=0 alloc_resample_dst=0 alloc_xmap=0 alloc_mask=0 key_hash=0x9f3a2b1c4d5e6f70
2026-08-14T04:01:52.950000Z DEBUG actor{actor="emo-text"}: areka_emo_present::presenter::timing: perf(apply_show): 段階別計時 target_id=TargetId(0) surface_id=1000 cache_hit=true t_cache_us=80 t_compose_us=0 t_resample_us=0 t_mask_us=0 t_upload_us=40 t_total_us=120 alloc_compose_dst=0 alloc_resample_dst=0 alloc_xmap=0 alloc_mask=0 key_hash=0x9f3a2b1c4d5e6f70
2026-08-14T04:01:52.972000Z DEBUG actor{actor="emo-text"}: areka_emo_present::presenter::timing: perf(apply_show): 段階別計時 target_id=TargetId(0) surface_id=1000 cache_hit=true t_cache_us=80 t_compose_us=0 t_resample_us=0 t_mask_us=0 t_upload_us=40 t_total_us=120 alloc_compose_dst=0 alloc_resample_dst=0 alloc_xmap=0 alloc_mask=0 key_hash=0x9f3a2b1c4d5e6f70
2026-08-14T04:01:53.000000Z INFO actor{actor=seriko}: areka_seriko::looper: seriko: loop 抽選発火（再生開始・先頭コマから・要件 2.1/2.2） scope="0" slot=Shell animation_id=1400 k=4
2026-08-14T04:01:53.000000Z DEBUG actor{actor="emo-text"}: areka_emo_present::presenter::timing: perf(apply_show): 段階別計時 target_id=TargetId(0) surface_id=1000 cache_hit=true t_cache_us=80 t_compose_us=0 t_resample_us=0 t_mask_us=0 t_upload_us=40 t_total_us=120 alloc_compose_dst=0 alloc_resample_dst=0 alloc_xmap=0 alloc_mask=0 key_hash=0x9f3a2b1c4d5e6f70
2026-08-14T04:01:53.150000Z DEBUG actor{actor="emo-text"}: areka_emo_present::presenter::timing: perf(apply_show): 段階別計時 target_id=TargetId(0) surface_id=1000 cache_hit=true t_cache_us=80 t_compose_us=0 t_resample_us=0 t_mask_us=0 t_upload_us=40 t_total_us=120 alloc_compose_dst=0 alloc_resample_dst=0 alloc_xmap=0 alloc_mask=0 key_hash=0x9f3a2b1c4d5e6f70
2026-08-14T04:01:53.172000Z DEBUG actor{actor="emo-text"}: areka_emo_present::presenter::timing: perf(apply_show): 段階別計時 target_id=TargetId(0) surface_id=1000 cache_hit=true t_cache_us=80 t_compose_us=0 t_resample_us=0 t_mask_us=0 t_upload_us=40 t_total_us=120 alloc_compose_dst=0 alloc_resample_dst=0 alloc_xmap=0 alloc_mask=0 key_hash=0x9f3a2b1c4d5e6f70
2026-08-14T04:01:53.200000Z INFO actor{actor=seriko}: areka_seriko::looper: seriko: loop 抽選発火（再生開始・先頭コマから・要件 2.1/2.2） scope="0" slot=Shell animation_id=1400 k=4
2026-08-14T04:01:53.200000Z DEBUG actor{actor="emo-text"}: areka_emo_present::presenter::timing: perf(apply_show): 段階別計時 target_id=TargetId(0) surface_id=1000 cache_hit=true t_cache_us=80 t_compose_us=0 t_resample_us=0 t_mask_us=0 t_upload_us=40 t_total_us=120 alloc_compose_dst=0 alloc_resample_dst=0 alloc_xmap=0 alloc_mask=0 key_hash=0x9f3a2b1c4d5e6f70
2026-08-14T04:01:53.350000Z DEBUG actor{actor="emo-text"}: areka_emo_present::presenter::timing: perf(apply_show): 段階別計時 target_id=TargetId(0) surface_id=1000 cache_hit=true t_cache_us=80 t_compose_us=0 t_resample_us=0 t_mask_us=0 t_upload_us=40 t_total_us=120 alloc_compose_dst=0 alloc_resample_dst=0 alloc_xmap=0 alloc_mask=0 key_hash=0x9f3a2b1c4d5e6f70
2026-08-14T04:01:53.372000Z DEBUG actor{actor="emo-text"}: areka_emo_present::presenter::timing: perf(apply_show): 段階別計時 target_id=TargetId(0) surface_id=1000 cache_hit=true t_cache_us=80 t_compose_us=0 t_resample_us=0 t_mask_us=0 t_upload_us=40 t_total_us=120 alloc_compose_dst=0 alloc_resample_dst=0 alloc_xmap=0 alloc_mask=0 key_hash=0x9f3a2b1c4d5e6f70
2026-08-14T04:01:53.400000Z INFO actor{actor=seriko}: areka_seriko::looper: seriko: loop 抽選発火（再生開始・先頭コマから・要件 2.1/2.2） scope="0" slot=Shell animation_id=1400 k=4
2026-08-14T04:01:53.400000Z DEBUG actor{actor="emo-text"}: areka_emo_present::presenter::timing: perf(apply_show): 段階別計時 target_id=TargetId(0) surface_id=1000 cache_hit=true t_cache_us=80 t_compose_us=0 t_resample_us=0 t_mask_us=0 t_upload_us=40 t_total_us=120 alloc_compose_dst=0 alloc_resample_dst=0 alloc_xmap=0 alloc_mask=0 key_hash=0x9f3a2b1c4d5e6f70
2026-08-14T04:01:53.400000Z INFO actor{actor=seriko}: areka_seriko::looper: seriko: loop 抽選発火（再生開始・先頭コマから・要件 2.1/2.2） scope="0" slot=Shell animation_id=1402 k=4
2026-08-14T04:01:53.400000Z DEBUG actor{actor="emo-text"}: areka_emo_present::presenter::timing: perf(apply_show): 段階別計時 target_id=TargetId(0) surface_id=1000 cache_hit=true t_cache_us=80 t_compose_us=0 t_resample_us=0 t_mask_us=0 t_upload_us=40 t_total_us=120 alloc_compose_dst=0 alloc_resample_dst=0 alloc_xmap=0 alloc_mask=0 key_hash=0x9f3a2b1c4d5e6f70
2026-08-14T04:01:53.550000Z DEBUG actor{actor="emo-text"}: areka_emo_present::presenter::timing: perf(apply_show): 段階別計時 target_id=TargetId(0) surface_id=1000 cache_hit=true t_cache_us=80 t_compose_us=0 t_resample_us=0 t_mask_us=0 t_upload_us=40 t_total_us=120 alloc_compose_dst=0 alloc_resample_dst=0 alloc_xmap=0 alloc_mask=0 key_hash=0x9f3a2b1c4d5e6f70
2026-08-14T04:01:53.572000Z DEBUG actor{actor="emo-text"}: areka_emo_present::presenter::timing: perf(apply_show): 段階別計時 target_id=TargetId(0) surface_id=1000 cache_hit=true t_cache_us=80 t_compose_us=0 t_resample_us=0 t_mask_us=0 t_upload_us=40 t_total_us=120 alloc_compose_dst=0 alloc_resample_dst=0 alloc_xmap=0 alloc_mask=0 key_hash=0x9f3a2b1c4d5e6f70
2026-08-14T04:01:53.600000Z INFO actor{actor=seriko}: areka_seriko::looper: seriko: loop 抽選発火（再生開始・先頭コマから・要件 2.1/2.2） scope="0" slot=Shell animation_id=1400 k=4
2026-08-14T04:01:53.600000Z DEBUG actor{actor="emo-text"}: areka_emo_present::presenter::timing: perf(apply_show): 段階別計時 target_id=TargetId(0) surface_id=1000 cache_hit=true t_cache_us=80 t_compose_us=0 t_resample_us=0 t_mask_us=0 t_upload_us=40 t_total_us=120 alloc_compose_dst=0 alloc_resample_dst=0 alloc_xmap=0 alloc_mask=0 key_hash=0x9f3a2b1c4d5e6f70
2026-08-14T04:01:53.750000Z DEBUG actor{actor="emo-text"}: areka_emo_present::presenter::timing: perf(apply_show): 段階別計時 target_id=TargetId(0) surface_id=1000 cache_hit=true t_cache_us=80 t_compose_us=0 t_resample_us=0 t_mask_us=0 t_upload_us=40 t_total_us=120 alloc_compose_dst=0 alloc_resample_dst=0 alloc_xmap=0 alloc_mask=0 key_hash=0x9f3a2b1c4d5e6f70
2026-08-14T04:01:53.772000Z DEBUG actor{actor="emo-text"}: areka_emo_present::presenter::timing: perf(apply_show): 段階別計時 target_id=TargetId(0) surface_id=1000 cache_hit=true t_cache_us=80 t_compose_us=0 t_resample_us=0 t_mask_us=0 t_upload_us=40 t_total_us=120 alloc_compose_dst=0 alloc_resample_dst=0 alloc_xmap=0 alloc_mask=0 key_hash=0x9f3a2b1c4d5e6f70
2026-08-14T04:01:53.800000Z INFO actor{actor=seriko}: areka_seriko::looper: seriko: loop 抽選発火（再生開始・先頭コマから・要件 2.1/2.2） scope="0" slot=Shell animation_id=1400 k=4
2026-08-14T04:01:53.800000Z DEBUG actor{actor="emo-text"}: areka_emo_present::presenter::timing: perf(apply_show): 段階別計時 target_id=TargetId(0) surface_id=1000 cache_hit=true t_cache_us=80 t_compose_us=0 t_resample_us=0 t_mask_us=0 t_upload_us=40 t_total_us=120 alloc_compose_dst=0 alloc_resample_dst=0 alloc_xmap=0 alloc_mask=0 key_hash=0x9f3a2b1c4d5e6f70
2026-08-14T04:01:53.950000Z DEBUG actor{actor="emo-text"}: areka_emo_present::presenter::timing: perf(apply_show): 段階別計時 target_id=TargetId(0) surface_id=1000 cache_hit=true t_cache_us=80 t_compose_us=0 t_resample_us=0 t_mask_us=0 t_upload_us=40 t_total_us=120 alloc_compose_dst=0 alloc_resample_dst=0 alloc_xmap=0 alloc_mask=0 key_hash=0x9f3a2b1c4d5e6f70
2026-08-14T04:01:53.972000Z DEBUG actor{actor="emo-text"}: areka_emo_present::presenter::timing: perf(apply_show): 段階別計時 target_id=TargetId(0) surface_id=1000 cache_hit=true t_cache_us=80 t_compose_us=0 t_resample_us=0 t_mask_us=0 t_upload_us=40 t_total_us=120 alloc_compose_dst=0 alloc_resample_dst=0 alloc_xmap=0 alloc_mask=0 key_hash=0x9f3a2b1c4d5e6f70
2026-08-14T04:01:54.000000Z INFO actor{actor=seriko}: areka_seriko::looper: seriko: loop 抽選発火（再生開始・先頭コマから・要件 2.1/2.2） scope="0" slot=Shell animation_id=1400 k=4
2026-08-14T04:01:54.000000Z DEBUG actor{actor="emo-text"}: areka_emo_present::presenter::timing: perf(apply_show): 段階別計時 target_id=TargetId(0) surface_id=1000 cache_hit=true t_cache_us=80 t_compose_us=0 t_resample_us=0 t_mask_us=0 t_upload_us=40 t_total_us=120 alloc_compose_dst=0 alloc_resample_dst=0 alloc_xmap=0 alloc_mask=0 key_hash=0x9f3a2b1c4d5e6f70
2026-08-14T04:01:54.100000Z INFO actor{actor=seriko}: areka_seriko::looper: seriko: loop 抽選発火（再生開始・先頭コマから・要件 2.1/2.2） scope="0" slot=Shell animation_id=1402 k=4
2026-08-14T04:01:54.100000Z DEBUG actor{actor="emo-text"}: areka_emo_present::presenter::timing: perf(apply_show): 段階別計時 target_id=TargetId(0) surface_id=1000 cache_hit=true t_cache_us=80 t_compose_us=0 t_resample_us=0 t_mask_us=0 t_upload_us=40 t_total_us=120 alloc_compose_dst=0 alloc_resample_dst=0 alloc_xmap=0 alloc_mask=0 key_hash=0x9f3a2b1c4d5e6f70
2026-08-14T04:01:54.150000Z DEBUG actor{actor="emo-text"}: areka_emo_present::presenter::timing: perf(apply_show): 段階別計時 target_id=TargetId(0) surface_id=1000 cache_hit=true t_cache_us=80 t_compose_us=0 t_resample_us=0 t_mask_us=0 t_upload_us=40 t_total_us=120 alloc_compose_dst=0 alloc_resample_dst=0 alloc_xmap=0 alloc_mask=0 key_hash=0x9f3a2b1c4d5e6f70
2026-08-14T04:01:54.172000Z DEBUG actor{actor="emo-text"}: areka_emo_present::presenter::timing: perf(apply_show): 段階別計時 target_id=TargetId(0) surface_id=1000 cache_hit=true t_cache_us=80 t_compose_us=0 t_resample_us=0 t_mask_us=0 t_upload_us=40 t_total_us=120 alloc_compose_dst=0 alloc_resample_dst=0 alloc_xmap=0 alloc_mask=0 key_hash=0x9f3a2b1c4d5e6f70
2026-08-14T04:01:54.200000Z INFO actor{actor=seriko}: areka_seriko::looper: seriko: loop 抽選発火（再生開始・先頭コマから・要件 2.1/2.2） scope="0" slot=Shell animation_id=1400 k=4
2026-08-14T04:01:54.200000Z DEBUG actor{actor="emo-text"}: areka_emo_present::presenter::timing: perf(apply_show): 段階別計時 target_id=TargetId(0) surface_id=1000 cache_hit=true t_cache_us=80 t_compose_us=0 t_resample_us=0 t_mask_us=0 t_upload_us=40 t_total_us=120 alloc_compose_dst=0 alloc_resample_dst=0 alloc_xmap=0 alloc_mask=0 key_hash=0x9f3a2b1c4d5e6f70
2026-08-14T04:01:54.350000Z DEBUG actor{actor="emo-text"}: areka_emo_present::presenter::timing: perf(apply_show): 段階別計時 target_id=TargetId(0) surface_id=1000 cache_hit=true t_cache_us=80 t_compose_us=0 t_resample_us=0 t_mask_us=0 t_upload_us=40 t_total_us=120 alloc_compose_dst=0 alloc_resample_dst=0 alloc_xmap=0 alloc_mask=0 key_hash=0x9f3a2b1c4d5e6f70
2026-08-14T04:01:54.372000Z DEBUG actor{actor="emo-text"}: areka_emo_present::presenter::timing: perf(apply_show): 段階別計時 target_id=TargetId(0) surface_id=1000 cache_hit=true t_cache_us=80 t_compose_us=0 t_resample_us=0 t_mask_us=0 t_upload_us=40 t_total_us=120 alloc_compose_dst=0 alloc_resample_dst=0 alloc_xmap=0 alloc_mask=0 key_hash=0x9f3a2b1c4d5e6f70
2026-08-14T04:01:54.400000Z INFO actor{actor=seriko}: areka_seriko::looper: seriko: loop 抽選発火（再生開始・先頭コマから・要件 2.1/2.2） scope="0" slot=Shell animation_id=1400 k=4
2026-08-14T04:01:54.400000Z DEBUG actor{actor="emo-text"}: areka_emo_present::presenter::timing: perf(apply_show): 段階別計時 target_id=TargetId(0) surface_id=1000 cache_hit=true t_cache_us=80 t_compose_us=0 t_resample_us=0 t_mask_us=0 t_upload_us=40 t_total_us=120 alloc_compose_dst=0 alloc_resample_dst=0 alloc_xmap=0 alloc_mask=0 key_hash=0x9f3a2b1c4d5e6f70
2026-08-14T04:01:54.550000Z DEBUG actor{actor="emo-text"}: areka_emo_present::presenter::timing: perf(apply_show): 段階別計時 target_id=TargetId(0) surface_id=1000 cache_hit=true t_cache_us=80 t_compose_us=0 t_resample_us=0 t_mask_us=0 t_upload_us=40 t_total_us=120 alloc_compose_dst=0 alloc_resample_dst=0 alloc_xmap=0 alloc_mask=0 key_hash=0x9f3a2b1c4d5e6f70
2026-08-14T04:01:54.572000Z DEBUG actor{actor="emo-text"}: areka_emo_present::presenter::timing: perf(apply_show): 段階別計時 target_id=TargetId(0) surface_id=1000 cache_hit=true t_cache_us=80 t_compose_us=0 t_resample_us=0 t_mask_us=0 t_upload_us=40 t_total_us=120 alloc_compose_dst=0 alloc_resample_dst=0 alloc_xmap=0 alloc_mask=0 key_hash=0x9f3a2b1c4d5e6f70
2026-08-14T04:01:54.600000Z INFO actor{actor=seriko}: areka_seriko::looper: seriko: loop 抽選発火（再生開始・先頭コマから・要件 2.1/2.2） scope="0" slot=Shell animation_id=1400 k=4
2026-08-14T04:01:54.600000Z DEBUG actor{actor="emo-text"}: areka_emo_present::presenter::timing: perf(apply_show): 段階別計時 target_id=TargetId(0) surface_id=1000 cache_hit=true t_cache_us=80 t_compose_us=0 t_resample_us=0 t_mask_us=0 t_upload_us=40 t_total_us=120 alloc_compose_dst=0 alloc_resample_dst=0 alloc_xmap=0 alloc_mask=0 key_hash=0x9f3a2b1c4d5e6f70
2026-08-14T04:01:54.750000Z DEBUG actor{actor="emo-text"}: areka_emo_present::presenter::timing: perf(apply_show): 段階別計時 target_id=TargetId(0) surface_id=1000 cache_hit=true t_cache_us=80 t_compose_us=0 t_resample_us=0 t_mask_us=0 t_upload_us=40 t_total_us=120 alloc_compose_dst=0 alloc_resample_dst=0 alloc_xmap=0 alloc_mask=0 key_hash=0x9f3a2b1c4d5e6f70
2026-08-14T04:01:54.772000Z DEBUG actor{actor="emo-text"}: areka_emo_present::presenter::timing: perf(apply_show): 段階別計時 target_id=TargetId(0) surface_id=1000 cache_hit=true t_cache_us=80 t_compose_us=0 t_resample_us=0 t_mask_us=0 t_upload_us=40 t_total_us=120 alloc_compose_dst=0 alloc_resample_dst=0 alloc_xmap=0 alloc_mask=0 key_hash=0x9f3a2b1c4d5e6f70
2026-08-14T04:01:54.800000Z INFO actor{actor=seriko}: areka_seriko::looper: seriko: loop 抽選発火（再生開始・先頭コマから・要件 2.1/2.2） scope="0" slot=Shell animation_id=1400 k=4
2026-08-14T04:01:54.800000Z DEBUG actor{actor="emo-text"}: areka_emo_present::presenter::timing: perf(apply_show): 段階別計時 target_id=TargetId(0) surface_id=1000 cache_hit=true t_cache_us=80 t_compose_us=0 t_resample_us=0 t_mask_us=0 t_upload_us=40 t_total_us=120 alloc_compose_dst=0 alloc_resample_dst=0 alloc_xmap=0 alloc_mask=0 key_hash=0x9f3a2b1c4d5e6f70
2026-08-14T04:01:54.800000Z INFO actor{actor=seriko}: areka_seriko::looper: seriko: loop 抽選発火（再生開始・先頭コマから・要件 2.1/2.2） scope="0" slot=Shell animation_id=1402 k=4
2026-08-14T04:01:54.800000Z DEBUG actor{actor="emo-text"}: areka_emo_present::presenter::timing: perf(apply_show): 段階別計時 target_id=TargetId(0) surface_id=1000 cache_hit=true t_cache_us=80 t_compose_us=0 t_resample_us=0 t_mask_us=0 t_upload_us=40 t_total_us=120 alloc_compose_dst=0 alloc_resample_dst=0 alloc_xmap=0 alloc_mask=0 key_hash=0x9f3a2b1c4d5e6f70
2026-08-14T04:01:54.950000Z DEBUG actor{actor="emo-text"}: areka_emo_present::presenter::timing: perf(apply_show): 段階別計時 target_id=TargetId(0) surface_id=1000 cache_hit=true t_cache_us=80 t_compose_us=0 t_resample_us=0 t_mask_us=0 t_upload_us=40 t_total_us=120 alloc_compose_dst=0 alloc_resample_dst=0 alloc_xmap=0 alloc_mask=0 key_hash=0x9f3a2b1c4d5e6f70
2026-08-14T04:01:54.972000Z DEBUG actor{actor="emo-text"}: areka_emo_present::presenter::timing: perf(apply_show): 段階別計時 target_id=TargetId(0) surface_id=1000 cache_hit=true t_cache_us=80 t_compose_us=0 t_resample_us=0 t_mask_us=0 t_upload_us=40 t_total_us=120 alloc_compose_dst=0 alloc_resample_dst=0 alloc_xmap=0 alloc_mask=0 key_hash=0x9f3a2b1c4d5e6f70
2026-08-14T04:01:55.000000Z INFO actor{actor=seriko}: areka_seriko::looper: seriko: loop 抽選発火（再生開始・先頭コマから・要件 2.1/2.2） scope="0" slot=Shell animation_id=1400 k=4
2026-08-14T04:01:55.000000Z DEBUG actor{actor="emo-text"}: areka_emo_present::presenter::timing: perf(apply_show): 段階別計時 target_id=TargetId(0) surface_id=1000 cache_hit=true t_cache_us=80 t_compose_us=0 t_resample_us=0 t_mask_us=0 t_upload_us=40 t_total_us=120 alloc_compose_dst=0 alloc_resample_dst=0 alloc_xmap=0 alloc_mask=0 key_hash=0x9f3a2b1c4d5e6f70
2026-08-14T04:01:55.150000Z DEBUG actor{actor="emo-text"}: areka_emo_present::presenter::timing: perf(apply_show): 段階別計時 target_id=TargetId(0) surface_id=1000 cache_hit=true t_cache_us=80 t_compose_us=0 t_resample_us=0 t_mask_us=0 t_upload_us=40 t_total_us=120 alloc_compose_dst=0 alloc_resample_dst=0 alloc_xmap=0 alloc_mask=0 key_hash=0x9f3a2b1c4d5e6f70
2026-08-14T04:01:55.172000Z DEBUG actor{actor="emo-text"}: areka_emo_present::presenter::timing: perf(apply_show): 段階別計時 target_id=TargetId(0) surface_id=1000 cache_hit=true t_cache_us=80 t_compose_us=0 t_resample_us=0 t_mask_us=0 t_upload_us=40 t_total_us=120 alloc_compose_dst=0 alloc_resample_dst=0 alloc_xmap=0 alloc_mask=0 key_hash=0x9f3a2b1c4d5e6f70
2026-08-14T04:01:55.200000Z INFO actor{actor=seriko}: areka_seriko::looper: seriko: loop 抽選発火（再生開始・先頭コマから・要件 2.1/2.2） scope="0" slot=Shell animation_id=1400 k=4
2026-08-14T04:01:55.200000Z DEBUG actor{actor="emo-text"}: areka_emo_present::presenter::timing: perf(apply_show): 段階別計時 target_id=TargetId(0) surface_id=1000 cache_hit=true t_cache_us=80 t_compose_us=0 t_resample_us=0 t_mask_us=0 t_upload_us=40 t_total_us=120 alloc_compose_dst=0 alloc_resample_dst=0 alloc_xmap=0 alloc_mask=0 key_hash=0x9f3a2b1c4d5e6f70
2026-08-14T04:01:55.350000Z DEBUG actor{actor="emo-text"}: areka_emo_present::presenter::timing: perf(apply_show): 段階別計時 target_id=TargetId(0) surface_id=1000 cache_hit=true t_cache_us=80 t_compose_us=0 t_resample_us=0 t_mask_us=0 t_upload_us=40 t_total_us=120 alloc_compose_dst=0 alloc_resample_dst=0 alloc_xmap=0 alloc_mask=0 key_hash=0x9f3a2b1c4d5e6f70
2026-08-14T04:01:55.372000Z DEBUG actor{actor="emo-text"}: areka_emo_present::presenter::timing: perf(apply_show): 段階別計時 target_id=TargetId(0) surface_id=1000 cache_hit=true t_cache_us=80 t_compose_us=0 t_resample_us=0 t_mask_us=0 t_upload_us=40 t_total_us=120 alloc_compose_dst=0 alloc_resample_dst=0 alloc_xmap=0 alloc_mask=0 key_hash=0x9f3a2b1c4d5e6f70
2026-08-14T04:01:55.400000Z INFO actor{actor=seriko}: areka_seriko::looper: seriko: loop 抽選発火（再生開始・先頭コマから・要件 2.1/2.2） scope="0" slot=Shell animation_id=1400 k=4
2026-08-14T04:01:55.400000Z DEBUG actor{actor="emo-text"}: areka_emo_present::presenter::timing: perf(apply_show): 段階別計時 target_id=TargetId(0) surface_id=1000 cache_hit=true t_cache_us=80 t_compose_us=0 t_resample_us=0 t_mask_us=0 t_upload_us=40 t_total_us=120 alloc_compose_dst=0 alloc_resample_dst=0 alloc_xmap=0 alloc_mask=0 key_hash=0x9f3a2b1c4d5e6f70
2026-08-14T04:01:55.500000Z INFO actor{actor=seriko}: areka_seriko::looper: seriko: loop 抽選発火（再生開始・先頭コマから・要件 2.1/2.2） scope="0" slot=Shell animation_id=1402 k=4
2026-08-14T04:01:55.500000Z DEBUG actor{actor="emo-text"}: areka_emo_present::presenter::timing: perf(apply_show): 段階別計時 target_id=TargetId(0) surface_id=1000 cache_hit=true t_cache_us=80 t_compose_us=0 t_resample_us=0 t_mask_us=0 t_upload_us=40 t_total_us=120 alloc_compose_dst=0 alloc_resample_dst=0 alloc_xmap=0 alloc_mask=0 key_hash=0x9f3a2b1c4d5e6f70
2026-08-14T04:01:55.550000Z DEBUG actor{actor="emo-text"}: areka_emo_present::presenter::timing: perf(apply_show): 段階別計時 target_id=TargetId(0) surface_id=1000 cache_hit=true t_cache_us=80 t_compose_us=0 t_resample_us=0 t_mask_us=0 t_upload_us=40 t_total_us=120 alloc_compose_dst=0 alloc_resample_dst=0 alloc_xmap=0 alloc_mask=0 key_hash=0x9f3a2b1c4d5e6f70
2026-08-14T04:01:55.572000Z DEBUG actor{actor="emo-text"}: areka_emo_present::presenter::timing: perf(apply_show): 段階別計時 target_id=TargetId(0) surface_id=1000 cache_hit=true t_cache_us=80 t_compose_us=0 t_resample_us=0 t_mask_us=0 t_upload_us=40 t_total_us=120 alloc_compose_dst=0 alloc_resample_dst=0 alloc_xmap=0 alloc_mask=0 key_hash=0x9f3a2b1c4d5e6f70
2026-08-14T04:01:55.600000Z INFO actor{actor=seriko}: areka_seriko::looper: seriko: loop 抽選発火（再生開始・先頭コマから・要件 2.1/2.2） scope="0" slot=Shell animation_id=1400 k=4
2026-08-14T04:01:55.600000Z DEBUG actor{actor="emo-text"}: areka_emo_present::presenter::timing: perf(apply_show): 段階別計時 target_id=TargetId(0) surface_id=1000 cache_hit=true t_cache_us=80 t_compose_us=0 t_resample_us=0 t_mask_us=0 t_upload_us=40 t_total_us=120 alloc_compose_dst=0 alloc_resample_dst=0 alloc_xmap=0 alloc_mask=0 key_hash=0x9f3a2b1c4d5e6f70
2026-08-14T04:01:55.750000Z DEBUG actor{actor="emo-text"}: areka_emo_present::presenter::timing: perf(apply_show): 段階別計時 target_id=TargetId(0) surface_id=1000 cache_hit=true t_cache_us=80 t_compose_us=0 t_resample_us=0 t_mask_us=0 t_upload_us=40 t_total_us=120 alloc_compose_dst=0 alloc_resample_dst=0 alloc_xmap=0 alloc_mask=0 key_hash=0x9f3a2b1c4d5e6f70
2026-08-14T04:01:55.772000Z DEBUG actor{actor="emo-text"}: areka_emo_present::presenter::timing: perf(apply_show): 段階別計時 target_id=TargetId(0) surface_id=1000 cache_hit=true t_cache_us=80 t_compose_us=0 t_resample_us=0 t_mask_us=0 t_upload_us=40 t_total_us=120 alloc_compose_dst=0 alloc_resample_dst=0 alloc_xmap=0 alloc_mask=0 key_hash=0x9f3a2b1c4d5e6f70
2026-08-14T04:01:55.800000Z INFO actor{actor=seriko}: areka_seriko::looper: seriko: loop 抽選発火（再生開始・先頭コマから・要件 2.1/2.2） scope="0" slot=Shell animation_id=1400 k=4
2026-08-14T04:01:55.800000Z DEBUG actor{actor="emo-text"}: areka_emo_present::presenter::timing: perf(apply_show): 段階別計時 target_id=TargetId(0) surface_id=1000 cache_hit=true t_cache_us=80 t_compose_us=0 t_resample_us=0 t_mask_us=0 t_upload_us=40 t_total_us=120 alloc_compose_dst=0 alloc_resample_dst=0 alloc_xmap=0 alloc_mask=0 key_hash=0x9f3a2b1c4d5e6f70
2026-08-14T04:01:55.950000Z DEBUG actor{actor="emo-text"}: areka_emo_present::presenter::timing: perf(apply_show): 段階別計時 target_id=TargetId(0) surface_id=1000 cache_hit=true t_cache_us=80 t_compose_us=0 t_resample_us=0 t_mask_us=0 t_upload_us=40 t_total_us=120 alloc_compose_dst=0 alloc_resample_dst=0 alloc_xmap=0 alloc_mask=0 key_hash=0x9f3a2b1c4d5e6f70
2026-08-14T04:01:55.972000Z DEBUG actor{actor="emo-text"}: areka_emo_present::presenter::timing: perf(apply_show): 段階別計時 target_id=TargetId(0) surface_id=1000 cache_hit=true t_cache_us=80 t_compose_us=0 t_resample_us=0 t_mask_us=0 t_upload_us=40 t_total_us=120 alloc_compose_dst=0 alloc_resample_dst=0 alloc_xmap=0 alloc_mask=0 key_hash=0x9f3a2b1c4d5e6f70
2026-08-14T04:01:56.000000Z INFO actor{actor=seriko}: areka_seriko::looper: seriko: loop 抽選発火（再生開始・先頭コマから・要件 2.1/2.2） scope="0" slot=Shell animation_id=1400 k=4
2026-08-14T04:01:56.000000Z DEBUG actor{actor="emo-text"}: areka_emo_present::presenter::timing: perf(apply_show): 段階別計時 target_id=TargetId(0) surface_id=1000 cache_hit=true t_cache_us=80 t_compose_us=0 t_resample_us=0 t_mask_us=0 t_upload_us=40 t_total_us=120 alloc_compose_dst=0 alloc_resample_dst=0 alloc_xmap=0 alloc_mask=0 key_hash=0x9f3a2b1c4d5e6f70
2026-08-14T04:01:56.150000Z DEBUG actor{actor="emo-text"}: areka_emo_present::presenter::timing: perf(apply_show): 段階別計時 target_id=TargetId(0) surface_id=1000 cache_hit=true t_cache_us=80 t_compose_us=0 t_resample_us=0 t_mask_us=0 t_upload_us=40 t_total_us=120 alloc_compose_dst=0 alloc_resample_dst=0 alloc_xmap=0 alloc_mask=0 key_hash=0x9f3a2b1c4d5e6f70
2026-08-14T04:01:56.172000Z DEBUG actor{actor="emo-text"}: areka_emo_present::presenter::timing: perf(apply_show): 段階別計時 target_id=TargetId(0) surface_id=1000 cache_hit=true t_cache_us=80 t_compose_us=0 t_resample_us=0 t_mask_us=0 t_upload_us=40 t_total_us=120 alloc_compose_dst=0 alloc_resample_dst=0 alloc_xmap=0 alloc_mask=0 key_hash=0x9f3a2b1c4d5e6f70
2026-08-14T04:01:56.200000Z INFO actor{actor=seriko}: areka_seriko::looper: seriko: loop 抽選発火（再生開始・先頭コマから・要件 2.1/2.2） scope="0" slot=Shell animation_id=1400 k=4
2026-08-14T04:01:56.200000Z DEBUG actor{actor="emo-text"}: areka_emo_present::presenter::timing: perf(apply_show): 段階別計時 target_id=TargetId(0) surface_id=1000 cache_hit=true t_cache_us=80 t_compose_us=0 t_resample_us=0 t_mask_us=0 t_upload_us=40 t_total_us=120 alloc_compose_dst=0 alloc_resample_dst=0 alloc_xmap=0 alloc_mask=0 key_hash=0x9f3a2b1c4d5e6f70
2026-08-14T04:01:56.200000Z INFO actor{actor=seriko}: areka_seriko::looper: seriko: loop 抽選発火（再生開始・先頭コマから・要件 2.1/2.2） scope="0" slot=Shell animation_id=1402 k=4
2026-08-14T04:01:56.200000Z DEBUG actor{actor="emo-text"}: areka_emo_present::presenter::timing: perf(apply_show): 段階別計時 target_id=TargetId(0) surface_id=1000 cache_hit=true t_cache_us=80 t_compose_us=0 t_resample_us=0 t_mask_us=0 t_upload_us=40 t_total_us=120 alloc_compose_dst=0 alloc_resample_dst=0 alloc_xmap=0 alloc_mask=0 key_hash=0x9f3a2b1c4d5e6f70
2026-08-14T04:01:56.350000Z DEBUG actor{actor="emo-text"}: areka_emo_present::presenter::timing: perf(apply_show): 段階別計時 target_id=TargetId(0) surface_id=1000 cache_hit=true t_cache_us=80 t_compose_us=0 t_resample_us=0 t_mask_us=0 t_upload_us=40 t_total_us=120 alloc_compose_dst=0 alloc_resample_dst=0 alloc_xmap=0 alloc_mask=0 key_hash=0x9f3a2b1c4d5e6f70
2026-08-14T04:01:56.372000Z DEBUG actor{actor="emo-text"}: areka_emo_present::presenter::timing: perf(apply_show): 段階別計時 target_id=TargetId(0) surface_id=1000 cache_hit=true t_cache_us=80 t_compose_us=0 t_resample_us=0 t_mask_us=0 t_upload_us=40 t_total_us=120 alloc_compose_dst=0 alloc_resample_dst=0 alloc_xmap=0 alloc_mask=0 key_hash=0x9f3a2b1c4d5e6f70
2026-08-14T04:01:56.400000Z INFO actor{actor=seriko}: areka_seriko::looper: seriko: loop 抽選発火（再生開始・先頭コマから・要件 2.1/2.2） scope="0" slot=Shell animation_id=1400 k=4
2026-08-14T04:01:56.400000Z DEBUG actor{actor="emo-text"}: areka_emo_present::presenter::timing: perf(apply_show): 段階別計時 target_id=TargetId(0) surface_id=1000 cache_hit=true t_cache_us=80 t_compose_us=0 t_resample_us=0 t_mask_us=0 t_upload_us=40 t_total_us=120 alloc_compose_dst=0 alloc_resample_dst=0 alloc_xmap=0 alloc_mask=0 key_hash=0x9f3a2b1c4d5e6f70
2026-08-14T04:01:56.550000Z DEBUG actor{actor="emo-text"}: areka_emo_present::presenter::timing: perf(apply_show): 段階別計時 target_id=TargetId(0) surface_id=1000 cache_hit=true t_cache_us=80 t_compose_us=0 t_resample_us=0 t_mask_us=0 t_upload_us=40 t_total_us=120 alloc_compose_dst=0 alloc_resample_dst=0 alloc_xmap=0 alloc_mask=0 key_hash=0x9f3a2b1c4d5e6f70
2026-08-14T04:01:56.572000Z DEBUG actor{actor="emo-text"}: areka_emo_present::presenter::timing: perf(apply_show): 段階別計時 target_id=TargetId(0) surface_id=1000 cache_hit=true t_cache_us=80 t_compose_us=0 t_resample_us=0 t_mask_us=0 t_upload_us=40 t_total_us=120 alloc_compose_dst=0 alloc_resample_dst=0 alloc_xmap=0 alloc_mask=0 key_hash=0x9f3a2b1c4d5e6f70
2026-08-14T04:01:56.600000Z INFO actor{actor=seriko}: areka_seriko::looper: seriko: loop 抽選発火（再生開始・先頭コマから・要件 2.1/2.2） scope="0" slot=Shell animation_id=1400 k=4
2026-08-14T04:01:56.600000Z DEBUG actor{actor="emo-text"}: areka_emo_present::presenter::timing: perf(apply_show): 段階別計時 target_id=TargetId(0) surface_id=1000 cache_hit=true t_cache_us=80 t_compose_us=0 t_resample_us=0 t_mask_us=0 t_upload_us=40 t_total_us=120 alloc_compose_dst=0 alloc_resample_dst=0 alloc_xmap=0 alloc_mask=0 key_hash=0x9f3a2b1c4d5e6f70
2026-08-14T04:01:56.750000Z DEBUG actor{actor="emo-text"}: areka_emo_present::presenter::timing: perf(apply_show): 段階別計時 target_id=TargetId(0) surface_id=1000 cache_hit=true t_cache_us=80 t_compose_us=0 t_resample_us=0 t_mask_us=0 t_upload_us=40 t_total_us=120 alloc_compose_dst=0 alloc_resample_dst=0 alloc_xmap=0 alloc_mask=0 key_hash=0x9f3a2b1c4d5e6f70
2026-08-14T04:01:56.772000Z DEBUG actor{actor="emo-text"}: areka_emo_present::presenter::timing: perf(apply_show): 段階別計時 target_id=TargetId(0) surface_id=1000 cache_hit=true t_cache_us=80 t_compose_us=0 t_resample_us=0 t_mask_us=0 t_upload_us=40 t_total_us=120 alloc_compose_dst=0 alloc_resample_dst=0 alloc_xmap=0 alloc_mask=0 key_hash=0x9f3a2b1c4d5e6f70
2026-08-14T04:01:56.800000Z INFO actor{actor=seriko}: areka_seriko::looper: seriko: loop 抽選発火（再生開始・先頭コマから・要件 2.1/2.2） scope="0" slot=Shell animation_id=1400 k=4
2026-08-14T04:01:56.800000Z DEBUG actor{actor="emo-text"}: areka_emo_present::presenter::timing: perf(apply_show): 段階別計時 target_id=TargetId(0) surface_id=1000 cache_hit=true t_cache_us=80 t_compose_us=0 t_resample_us=0 t_mask_us=0 t_upload_us=40 t_total_us=120 alloc_compose_dst=0 alloc_resample_dst=0 alloc_xmap=0 alloc_mask=0 key_hash=0x9f3a2b1c4d5e6f70
2026-08-14T04:01:56.900000Z INFO actor{actor=seriko}: areka_seriko::looper: seriko: loop 抽選発火（再生開始・先頭コマから・要件 2.1/2.2） scope="0" slot=Shell animation_id=1402 k=4
2026-08-14T04:01:56.900000Z DEBUG actor{actor="emo-text"}: areka_emo_present::presenter::timing: perf(apply_show): 段階別計時 target_id=TargetId(0) surface_id=1000 cache_hit=true t_cache_us=80 t_compose_us=0 t_resample_us=0 t_mask_us=0 t_upload_us=40 t_total_us=120 alloc_compose_dst=0 alloc_resample_dst=0 alloc_xmap=0 alloc_mask=0 key_hash=0x9f3a2b1c4d5e6f70
2026-08-14T04:01:56.950000Z DEBUG actor{actor="emo-text"}: areka_emo_present::presenter::timing: perf(apply_show): 段階別計時 target_id=TargetId(0) surface_id=1000 cache_hit=true t_cache_us=80 t_compose_us=0 t_resample_us=0 t_mask_us=0 t_upload_us=40 t_total_us=120 alloc_compose_dst=0 alloc_resample_dst=0 alloc_xmap=0 alloc_mask=0 key_hash=0x9f3a2b1c4d5e6f70
2026-08-14T04:01:56.972000Z DEBUG actor{actor="emo-text"}: areka_emo_present::presenter::timing: perf(apply_show): 段階別計時 target_id=TargetId(0) surface_id=1000 cache_hit=true t_cache_us=80 t_compose_us=0 t_resample_us=0 t_mask_us=0 t_upload_us=40 t_total_us=120 alloc_compose_dst=0 alloc_resample_dst=0 alloc_xmap=0 alloc_mask=0 key_hash=0x9f3a2b1c4d5e6f70
2026-08-14T04:01:57.000000Z INFO actor{actor=seriko}: areka_seriko::looper: seriko: loop 抽選発火（再生開始・先頭コマから・要件 2.1/2.2） scope="0" slot=Shell animation_id=1400 k=4
2026-08-14T04:01:57.000000Z DEBUG actor{actor="emo-text"}: areka_emo_present::presenter::timing: perf(apply_show): 段階別計時 target_id=TargetId(0) surface_id=1000 cache_hit=true t_cache_us=80 t_compose_us=0 t_resample_us=0 t_mask_us=0 t_upload_us=40 t_total_us=120 alloc_compose_dst=0 alloc_resample_dst=0 alloc_xmap=0 alloc_mask=0 key_hash=0x9f3a2b1c4d5e6f70
2026-08-14T04:01:57.150000Z DEBUG actor{actor="emo-text"}: areka_emo_present::presenter::timing: perf(apply_show): 段階別計時 target_id=TargetId(0) surface_id=1000 cache_hit=true t_cache_us=80 t_compose_us=0 t_resample_us=0 t_mask_us=0 t_upload_us=40 t_total_us=120 alloc_compose_dst=0 alloc_resample_dst=0 alloc_xmap=0 alloc_mask=0 key_hash=0x9f3a2b1c4d5e6f70
2026-08-14T04:01:57.172000Z DEBUG actor{actor="emo-text"}: areka_emo_present::presenter::timing: perf(apply_show): 段階別計時 target_id=TargetId(0) surface_id=1000 cache_hit=true t_cache_us=80 t_compose_us=0 t_resample_us=0 t_mask_us=0 t_upload_us=40 t_total_us=120 alloc_compose_dst=0 alloc_resample_dst=0 alloc_xmap=0 alloc_mask=0 key_hash=0x9f3a2b1c4d5e6f70
2026-08-14T04:01:57.200000Z INFO actor{actor=seriko}: areka_seriko::looper: seriko: loop 抽選発火（再生開始・先頭コマから・要件 2.1/2.2） scope="0" slot=Shell animation_id=1400 k=4
2026-08-14T04:01:57.200000Z DEBUG actor{actor="emo-text"}: areka_emo_present::presenter::timing: perf(apply_show): 段階別計時 target_id=TargetId(0) surface_id=1000 cache_hit=true t_cache_us=80 t_compose_us=0 t_resample_us=0 t_mask_us=0 t_upload_us=40 t_total_us=120 alloc_compose_dst=0 alloc_resample_dst=0 alloc_xmap=0 alloc_mask=0 key_hash=0x9f3a2b1c4d5e6f70
2026-08-14T04:01:57.350000Z DEBUG actor{actor="emo-text"}: areka_emo_present::presenter::timing: perf(apply_show): 段階別計時 target_id=TargetId(0) surface_id=1000 cache_hit=true t_cache_us=80 t_compose_us=0 t_resample_us=0 t_mask_us=0 t_upload_us=40 t_total_us=120 alloc_compose_dst=0 alloc_resample_dst=0 alloc_xmap=0 alloc_mask=0 key_hash=0x9f3a2b1c4d5e6f70
2026-08-14T04:01:57.372000Z DEBUG actor{actor="emo-text"}: areka_emo_present::presenter::timing: perf(apply_show): 段階別計時 target_id=TargetId(0) surface_id=1000 cache_hit=true t_cache_us=80 t_compose_us=0 t_resample_us=0 t_mask_us=0 t_upload_us=40 t_total_us=120 alloc_compose_dst=0 alloc_resample_dst=0 alloc_xmap=0 alloc_mask=0 key_hash=0x9f3a2b1c4d5e6f70
2026-08-14T04:01:57.400000Z INFO actor{actor=seriko}: areka_seriko::looper: seriko: loop 抽選発火（再生開始・先頭コマから・要件 2.1/2.2） scope="0" slot=Shell animation_id=1400 k=4
2026-08-14T04:01:57.400000Z DEBUG actor{actor="emo-text"}: areka_emo_present::presenter::timing: perf(apply_show): 段階別計時 target_id=TargetId(0) surface_id=1000 cache_hit=true t_cache_us=80 t_compose_us=0 t_resample_us=0 t_mask_us=0 t_upload_us=40 t_total_us=120 alloc_compose_dst=0 alloc_resample_dst=0 alloc_xmap=0 alloc_mask=0 key_hash=0x9f3a2b1c4d5e6f70
2026-08-14T04:01:57.550000Z DEBUG actor{actor="emo-text"}: areka_emo_present::presenter::timing: perf(apply_show): 段階別計時 target_id=TargetId(0) surface_id=1000 cache_hit=true t_cache_us=80 t_compose_us=0 t_resample_us=0 t_mask_us=0 t_upload_us=40 t_total_us=120 alloc_compose_dst=0 alloc_resample_dst=0 alloc_xmap=0 alloc_mask=0 key_hash=0x9f3a2b1c4d5e6f70
2026-08-14T04:01:57.572000Z DEBUG actor{actor="emo-text"}: areka_emo_present::presenter::timing: perf(apply_show): 段階別計時 target_id=TargetId(0) surface_id=1000 cache_hit=true t_cache_us=80 t_compose_us=0 t_resample_us=0 t_mask_us=0 t_upload_us=40 t_total_us=120 alloc_compose_dst=0 alloc_resample_dst=0 alloc_xmap=0 alloc_mask=0 key_hash=0x9f3a2b1c4d5e6f70
2026-08-14T04:01:57.600000Z INFO actor{actor=seriko}: areka_seriko::looper: seriko: loop 抽選発火（再生開始・先頭コマから・要件 2.1/2.2） scope="0" slot=Shell animation_id=1400 k=4
2026-08-14T04:01:57.600000Z DEBUG actor{actor="emo-text"}: areka_emo_present::presenter::timing: perf(apply_show): 段階別計時 target_id=TargetId(0) surface_id=1000 cache_hit=true t_cache_us=80 t_compose_us=0 t_resample_us=0 t_mask_us=0 t_upload_us=40 t_total_us=120 alloc_compose_dst=0 alloc_resample_dst=0 alloc_xmap=0 alloc_mask=0 key_hash=0x9f3a2b1c4d5e6f70
2026-08-14T04:01:57.600000Z INFO actor{actor=seriko}: areka_seriko::looper: seriko: loop 抽選発火（再生開始・先頭コマから・要件 2.1/2.2） scope="0" slot=Shell animation_id=1402 k=4
2026-08-14T04:01:57.600000Z DEBUG actor{actor="emo-text"}: areka_emo_present::presenter::timing: perf(apply_show): 段階別計時 target_id=TargetId(0) surface_id=1000 cache_hit=true t_cache_us=80 t_compose_us=0 t_resample_us=0 t_mask_us=0 t_upload_us=40 t_total_us=120 alloc_compose_dst=0 alloc_resample_dst=0 alloc_xmap=0 alloc_mask=0 key_hash=0x9f3a2b1c4d5e6f70
2026-08-14T04:01:57.750000Z DEBUG actor{actor="emo-text"}: areka_emo_present::presenter::timing: perf(apply_show): 段階別計時 target_id=TargetId(0) surface_id=1000 cache_hit=true t_cache_us=80 t_compose_us=0 t_resample_us=0 t_mask_us=0 t_upload_us=40 t_total_us=120 alloc_compose_dst=0 alloc_resample_dst=0 alloc_xmap=0 alloc_mask=0 key_hash=0x9f3a2b1c4d5e6f70
2026-08-14T04:01:57.772000Z DEBUG actor{actor="emo-text"}: areka_emo_present::presenter::timing: perf(apply_show): 段階別計時 target_id=TargetId(0) surface_id=1000 cache_hit=true t_cache_us=80 t_compose_us=0 t_resample_us=0 t_mask_us=0 t_upload_us=40 t_total_us=120 alloc_compose_dst=0 alloc_resample_dst=0 alloc_xmap=0 alloc_mask=0 key_hash=0x9f3a2b1c4d5e6f70
2026-08-14T04:01:57.800000Z INFO actor{actor=seriko}: areka_seriko::looper: seriko: loop 抽選発火（再生開始・先頭コマから・要件 2.1/2.2） scope="0" slot=Shell animation_id=1400 k=4
2026-08-14T04:01:57.800000Z DEBUG actor{actor="emo-text"}: areka_emo_present::presenter::timing: perf(apply_show): 段階別計時 target_id=TargetId(0) surface_id=1000 cache_hit=true t_cache_us=80 t_compose_us=0 t_resample_us=0 t_mask_us=0 t_upload_us=40 t_total_us=120 alloc_compose_dst=0 alloc_resample_dst=0 alloc_xmap=0 alloc_mask=0 key_hash=0x9f3a2b1c4d5e6f70
2026-08-14T04:01:57.950000Z DEBUG actor{actor="emo-text"}: areka_emo_present::presenter::timing: perf(apply_show): 段階別計時 target_id=TargetId(0) surface_id=1000 cache_hit=true t_cache_us=80 t_compose_us=0 t_resample_us=0 t_mask_us=0 t_upload_us=40 t_total_us=120 alloc_compose_dst=0 alloc_resample_dst=0 alloc_xmap=0 alloc_mask=0 key_hash=0x9f3a2b1c4d5e6f70
2026-08-14T04:01:57.972000Z DEBUG actor{actor="emo-text"}: areka_emo_present::presenter::timing: perf(apply_show): 段階別計時 target_id=TargetId(0) surface_id=1000 cache_hit=true t_cache_us=80 t_compose_us=0 t_resample_us=0 t_mask_us=0 t_upload_us=40 t_total_us=120 alloc_compose_dst=0 alloc_resample_dst=0 alloc_xmap=0 alloc_mask=0 key_hash=0x9f3a2b1c4d5e6f70
2026-08-14T04:01:58.000000Z INFO actor{actor=seriko}: areka_seriko::looper: seriko: loop 抽選発火（再生開始・先頭コマから・要件 2.1/2.2） scope="0" slot=Shell animation_id=1400 k=4
2026-08-14T04:01:58.000000Z DEBUG actor{actor="emo-text"}: areka_emo_present::presenter::timing: perf(apply_show): 段階別計時 target_id=TargetId(0) surface_id=1000 cache_hit=true t_cache_us=80 t_compose_us=0 t_resample_us=0 t_mask_us=0 t_upload_us=40 t_total_us=120 alloc_compose_dst=0 alloc_resample_dst=0 alloc_xmap=0 alloc_mask=0 key_hash=0x9f3a2b1c4d5e6f70
2026-08-14T04:01:58.150000Z DEBUG actor{actor="emo-text"}: areka_emo_present::presenter::timing: perf(apply_show): 段階別計時 target_id=TargetId(0) surface_id=1000 cache_hit=true t_cache_us=80 t_compose_us=0 t_resample_us=0 t_mask_us=0 t_upload_us=40 t_total_us=120 alloc_compose_dst=0 alloc_resample_dst=0 alloc_xmap=0 alloc_mask=0 key_hash=0x9f3a2b1c4d5e6f70
2026-08-14T04:01:58.172000Z DEBUG actor{actor="emo-text"}: areka_emo_present::presenter::timing: perf(apply_show): 段階別計時 target_id=TargetId(0) surface_id=1000 cache_hit=true t_cache_us=80 t_compose_us=0 t_resample_us=0 t_mask_us=0 t_upload_us=40 t_total_us=120 alloc_compose_dst=0 alloc_resample_dst=0 alloc_xmap=0 alloc_mask=0 key_hash=0x9f3a2b1c4d5e6f70
2026-08-14T04:01:58.200000Z INFO actor{actor=seriko}: areka_seriko::looper: seriko: loop 抽選発火（再生開始・先頭コマから・要件 2.1/2.2） scope="0" slot=Shell animation_id=1400 k=4
2026-08-14T04:01:58.200000Z DEBUG actor{actor="emo-text"}: areka_emo_present::presenter::timing: perf(apply_show): 段階別計時 target_id=TargetId(0) surface_id=1000 cache_hit=true t_cache_us=80 t_compose_us=0 t_resample_us=0 t_mask_us=0 t_upload_us=40 t_total_us=120 alloc_compose_dst=0 alloc_resample_dst=0 alloc_xmap=0 alloc_mask=0 key_hash=0x9f3a2b1c4d5e6f70
2026-08-14T04:01:58.300000Z INFO actor{actor=seriko}: areka_seriko::looper: seriko: loop 抽選発火（再生開始・先頭コマから・要件 2.1/2.2） scope="0" slot=Shell animation_id=1402 k=4
2026-08-14T04:01:58.300000Z DEBUG actor{actor="emo-text"}: areka_emo_present::presenter::timing: perf(apply_show): 段階別計時 target_id=TargetId(0) surface_id=1000 cache_hit=true t_cache_us=80 t_compose_us=0 t_resample_us=0 t_mask_us=0 t_upload_us=40 t_total_us=120 alloc_compose_dst=0 alloc_resample_dst=0 alloc_xmap=0 alloc_mask=0 key_hash=0x9f3a2b1c4d5e6f70
2026-08-14T04:01:58.350000Z DEBUG actor{actor="emo-text"}: areka_emo_present::presenter::timing: perf(apply_show): 段階別計時 target_id=TargetId(0) surface_id=1000 cache_hit=true t_cache_us=80 t_compose_us=0 t_resample_us=0 t_mask_us=0 t_upload_us=40 t_total_us=120 alloc_compose_dst=0 alloc_resample_dst=0 alloc_xmap=0 alloc_mask=0 key_hash=0x9f3a2b1c4d5e6f70
2026-08-14T04:01:58.372000Z DEBUG actor{actor="emo-text"}: areka_emo_present::presenter::timing: perf(apply_show): 段階別計時 target_id=TargetId(0) surface_id=1000 cache_hit=true t_cache_us=80 t_compose_us=0 t_resample_us=0 t_mask_us=0 t_upload_us=40 t_total_us=120 alloc_compose_dst=0 alloc_resample_dst=0 alloc_xmap=0 alloc_mask=0 key_hash=0x9f3a2b1c4d5e6f70
2026-08-14T04:01:58.400000Z INFO actor{actor=seriko}: areka_seriko::looper: seriko: loop 抽選発火（再生開始・先頭コマから・要件 2.1/2.2） scope="0" slot=Shell animation_id=1400 k=4
2026-08-14T04:01:58.400000Z DEBUG actor{actor="emo-text"}: areka_emo_present::presenter::timing: perf(apply_show): 段階別計時 target_id=TargetId(0) surface_id=1000 cache_hit=true t_cache_us=80 t_compose_us=0 t_resample_us=0 t_mask_us=0 t_upload_us=40 t_total_us=120 alloc_compose_dst=0 alloc_resample_dst=0 alloc_xmap=0 alloc_mask=0 key_hash=0x9f3a2b1c4d5e6f70
2026-08-14T04:01:58.550000Z DEBUG actor{actor="emo-text"}: areka_emo_present::presenter::timing: perf(apply_show): 段階別計時 target_id=TargetId(0) surface_id=1000 cache_hit=true t_cache_us=80 t_compose_us=0 t_resample_us=0 t_mask_us=0 t_upload_us=40 t_total_us=120 alloc_compose_dst=0 alloc_resample_dst=0 alloc_xmap=0 alloc_mask=0 key_hash=0x9f3a2b1c4d5e6f70
2026-08-14T04:01:58.572000Z DEBUG actor{actor="emo-text"}: areka_emo_present::presenter::timing: perf(apply_show): 段階別計時 target_id=TargetId(0) surface_id=1000 cache_hit=true t_cache_us=80 t_compose_us=0 t_resample_us=0 t_mask_us=0 t_upload_us=40 t_total_us=120 alloc_compose_dst=0 alloc_resample_dst=0 alloc_xmap=0 alloc_mask=0 key_hash=0x9f3a2b1c4d5e6f70
2026-08-14T04:01:58.600000Z INFO actor{actor=seriko}: areka_seriko::looper: seriko: loop 抽選発火（再生開始・先頭コマから・要件 2.1/2.2） scope="0" slot=Shell animation_id=1400 k=4
2026-08-14T04:01:58.600000Z DEBUG actor{actor="emo-text"}: areka_emo_present::presenter::timing: perf(apply_show): 段階別計時 target_id=TargetId(0) surface_id=1000 cache_hit=true t_cache_us=80 t_compose_us=0 t_resample_us=0 t_mask_us=0 t_upload_us=40 t_total_us=120 alloc_compose_dst=0 alloc_resample_dst=0 alloc_xmap=0 alloc_mask=0 key_hash=0x9f3a2b1c4d5e6f70
2026-08-14T04:01:58.750000Z DEBUG actor{actor="emo-text"}: areka_emo_present::presenter::timing: perf(apply_show): 段階別計時 target_id=TargetId(0) surface_id=1000 cache_hit=true t_cache_us=80 t_compose_us=0 t_resample_us=0 t_mask_us=0 t_upload_us=40 t_total_us=120 alloc_compose_dst=0 alloc_resample_dst=0 alloc_xmap=0 alloc_mask=0 key_hash=0x9f3a2b1c4d5e6f70
2026-08-14T04:01:58.772000Z DEBUG actor{actor="emo-text"}: areka_emo_present::presenter::timing: perf(apply_show): 段階別計時 target_id=TargetId(0) surface_id=1000 cache_hit=true t_cache_us=80 t_compose_us=0 t_resample_us=0 t_mask_us=0 t_upload_us=40 t_total_us=120 alloc_compose_dst=0 alloc_resample_dst=0 alloc_xmap=0 alloc_mask=0 key_hash=0x9f3a2b1c4d5e6f70
2026-08-14T04:01:58.800000Z INFO actor{actor=seriko}: areka_seriko::looper: seriko: loop 抽選発火（再生開始・先頭コマから・要件 2.1/2.2） scope="0" slot=Shell animation_id=1400 k=4
2026-08-14T04:01:58.800000Z DEBUG actor{actor="emo-text"}: areka_emo_present::presenter::timing: perf(apply_show): 段階別計時 target_id=TargetId(0) surface_id=1000 cache_hit=true t_cache_us=80 t_compose_us=0 t_resample_us=0 t_mask_us=0 t_upload_us=40 t_total_us=120 alloc_compose_dst=0 alloc_resample_dst=0 alloc_xmap=0 alloc_mask=0 key_hash=0x9f3a2b1c4d5e6f70
2026-08-14T04:01:58.950000Z DEBUG actor{actor="emo-text"}: areka_emo_present::presenter::timing: perf(apply_show): 段階別計時 target_id=TargetId(0) surface_id=1000 cache_hit=true t_cache_us=80 t_compose_us=0 t_resample_us=0 t_mask_us=0 t_upload_us=40 t_total_us=120 alloc_compose_dst=0 alloc_resample_dst=0 alloc_xmap=0 alloc_mask=0 key_hash=0x9f3a2b1c4d5e6f70
2026-08-14T04:01:58.972000Z DEBUG actor{actor="emo-text"}: areka_emo_present::presenter::timing: perf(apply_show): 段階別計時 target_id=TargetId(0) surface_id=1000 cache_hit=true t_cache_us=80 t_compose_us=0 t_resample_us=0 t_mask_us=0 t_upload_us=40 t_total_us=120 alloc_compose_dst=0 alloc_resample_dst=0 alloc_xmap=0 alloc_mask=0 key_hash=0x9f3a2b1c4d5e6f70
2026-08-14T04:01:59.000000Z INFO actor{actor=seriko}: areka_seriko::looper: seriko: loop 抽選発火（再生開始・先頭コマから・要件 2.1/2.2） scope="0" slot=Shell animation_id=1400 k=4
2026-08-14T04:01:59.000000Z DEBUG actor{actor="emo-text"}: areka_emo_present::presenter::timing: perf(apply_show): 段階別計時 target_id=TargetId(0) surface_id=1000 cache_hit=true t_cache_us=80 t_compose_us=0 t_resample_us=0 t_mask_us=0 t_upload_us=40 t_total_us=120 alloc_compose_dst=0 alloc_resample_dst=0 alloc_xmap=0 alloc_mask=0 key_hash=0x9f3a2b1c4d5e6f70
2026-08-14T04:01:59.000000Z INFO actor{actor=seriko}: areka_seriko::looper: seriko: loop 抽選発火（再生開始・先頭コマから・要件 2.1/2.2） scope="0" slot=Shell animation_id=1402 k=4
2026-08-14T04:01:59.000000Z DEBUG actor{actor="emo-text"}: areka_emo_present::presenter::timing: perf(apply_show): 段階別計時 target_id=TargetId(0) surface_id=1000 cache_hit=true t_cache_us=80 t_compose_us=0 t_resample_us=0 t_mask_us=0 t_upload_us=40 t_total_us=120 alloc_compose_dst=0 alloc_resample_dst=0 alloc_xmap=0 alloc_mask=0 key_hash=0x9f3a2b1c4d5e6f70
2026-08-14T04:01:59.150000Z DEBUG actor{actor="emo-text"}: areka_emo_present::presenter::timing: perf(apply_show): 段階別計時 target_id=TargetId(0) surface_id=1000 cache_hit=true t_cache_us=80 t_compose_us=0 t_resample_us=0 t_mask_us=0 t_upload_us=40 t_total_us=120 alloc_compose_dst=0 alloc_resample_dst=0 alloc_xmap=0 alloc_mask=0 key_hash=0x9f3a2b1c4d5e6f70
2026-08-14T04:01:59.172000Z DEBUG actor{actor="emo-text"}: areka_emo_present::presenter::timing: perf(apply_show): 段階別計時 target_id=TargetId(0) surface_id=1000 cache_hit=true t_cache_us=80 t_compose_us=0 t_resample_us=0 t_mask_us=0 t_upload_us=40 t_total_us=120 alloc_compose_dst=0 alloc_resample_dst=0 alloc_xmap=0 alloc_mask=0 key_hash=0x9f3a2b1c4d5e6f70
2026-08-14T04:01:59.200000Z INFO actor{actor=seriko}: areka_seriko::looper: seriko: loop 抽選発火（再生開始・先頭コマから・要件 2.1/2.2） scope="0" slot=Shell animation_id=1400 k=4
2026-08-14T04:01:59.200000Z DEBUG actor{actor="emo-text"}: areka_emo_present::presenter::timing: perf(apply_show): 段階別計時 target_id=TargetId(0) surface_id=1000 cache_hit=true t_cache_us=80 t_compose_us=0 t_resample_us=0 t_mask_us=0 t_upload_us=40 t_total_us=120 alloc_compose_dst=0 alloc_resample_dst=0 alloc_xmap=0 alloc_mask=0 key_hash=0x9f3a2b1c4d5e6f70
2026-08-14T04:01:59.350000Z DEBUG actor{actor="emo-text"}: areka_emo_present::presenter::timing: perf(apply_show): 段階別計時 target_id=TargetId(0) surface_id=1000 cache_hit=true t_cache_us=80 t_compose_us=0 t_resample_us=0 t_mask_us=0 t_upload_us=40 t_total_us=120 alloc_compose_dst=0 alloc_resample_dst=0 alloc_xmap=0 alloc_mask=0 key_hash=0x9f3a2b1c4d5e6f70
2026-08-14T04:01:59.372000Z DEBUG actor{actor="emo-text"}: areka_emo_present::presenter::timing: perf(apply_show): 段階別計時 target_id=TargetId(0) surface_id=1000 cache_hit=true t_cache_us=80 t_compose_us=0 t_resample_us=0 t_mask_us=0 t_upload_us=40 t_total_us=120 alloc_compose_dst=0 alloc_resample_dst=0 alloc_xmap=0 alloc_mask=0 key_hash=0x9f3a2b1c4d5e6f70
2026-08-14T04:01:59.400000Z INFO actor{actor=seriko}: areka_seriko::looper: seriko: loop 抽選発火（再生開始・先頭コマから・要件 2.1/2.2） scope="0" slot=Shell animation_id=1400 k=4
2026-08-14T04:01:59.400000Z DEBUG actor{actor="emo-text"}: areka_emo_present::presenter::timing: perf(apply_show): 段階別計時 target_id=TargetId(0) surface_id=1000 cache_hit=true t_cache_us=80 t_compose_us=0 t_resample_us=0 t_mask_us=0 t_upload_us=40 t_total_us=120 alloc_compose_dst=0 alloc_resample_dst=0 alloc_xmap=0 alloc_mask=0 key_hash=0x9f3a2b1c4d5e6f70
2026-08-14T04:01:59.550000Z DEBUG actor{actor="emo-text"}: areka_emo_present::presenter::timing: perf(apply_show): 段階別計時 target_id=TargetId(0) surface_id=1000 cache_hit=true t_cache_us=80 t_compose_us=0 t_resample_us=0 t_mask_us=0 t_upload_us=40 t_total_us=120 alloc_compose_dst=0 alloc_resample_dst=0 alloc_xmap=0 alloc_mask=0 key_hash=0x9f3a2b1c4d5e6f70
2026-08-14T04:01:59.572000Z DEBUG actor{actor="emo-text"}: areka_emo_present::presenter::timing: perf(apply_show): 段階別計時 target_id=TargetId(0) surface_id=1000 cache_hit=true t_cache_us=80 t_compose_us=0 t_resample_us=0 t_mask_us=0 t_upload_us=40 t_total_us=120 alloc_compose_dst=0 alloc_resample_dst=0 alloc_xmap=0 alloc_mask=0 key_hash=0x9f3a2b1c4d5e6f70
2026-08-14T04:01:59.600000Z INFO actor{actor=seriko}: areka_seriko::looper: seriko: loop 抽選発火（再生開始・先頭コマから・要件 2.1/2.2） scope="0" slot=Shell animation_id=1400 k=4
2026-08-14T04:01:59.600000Z DEBUG actor{actor="emo-text"}: areka_emo_present::presenter::timing: perf(apply_show): 段階別計時 target_id=TargetId(0) surface_id=1000 cache_hit=true t_cache_us=80 t_compose_us=0 t_resample_us=0 t_mask_us=0 t_upload_us=40 t_total_us=120 alloc_compose_dst=0 alloc_resample_dst=0 alloc_xmap=0 alloc_mask=0 key_hash=0x9f3a2b1c4d5e6f70
2026-08-14T04:01:59.700000Z INFO actor{actor=seriko}: areka_seriko::looper: seriko: loop 抽選発火（再生開始・先頭コマから・要件 2.1/2.2） scope="0" slot=Shell animation_id=1402 k=4
2026-08-14T04:01:59.700000Z DEBUG actor{actor="emo-text"}: areka_emo_present::presenter::timing: perf(apply_show): 段階別計時 target_id=TargetId(0) surface_id=1000 cache_hit=true t_cache_us=80 t_compose_us=0 t_resample_us=0 t_mask_us=0 t_upload_us=40 t_total_us=120 alloc_compose_dst=0 alloc_resample_dst=0 alloc_xmap=0 alloc_mask=0 key_hash=0x9f3a2b1c4d5e6f70
2026-08-14T04:01:59.750000Z DEBUG actor{actor="emo-text"}: areka_emo_present::presenter::timing: perf(apply_show): 段階別計時 target_id=TargetId(0) surface_id=1000 cache_hit=true t_cache_us=80 t_compose_us=0 t_resample_us=0 t_mask_us=0 t_upload_us=40 t_total_us=120 alloc_compose_dst=0 alloc_resample_dst=0 alloc_xmap=0 alloc_mask=0 key_hash=0x9f3a2b1c4d5e6f70
2026-08-14T04:01:59.772000Z DEBUG actor{actor="emo-text"}: areka_emo_present::presenter::timing: perf(apply_show): 段階別計時 target_id=TargetId(0) surface_id=1000 cache_hit=true t_cache_us=80 t_compose_us=0 t_resample_us=0 t_mask_us=0 t_upload_us=40 t_total_us=120 alloc_compose_dst=0 alloc_resample_dst=0 alloc_xmap=0 alloc_mask=0 key_hash=0x9f3a2b1c4d5e6f70
2026-08-14T04:01:59.800000Z INFO actor{actor=seriko}: areka_seriko::looper: seriko: loop 抽選発火（再生開始・先頭コマから・要件 2.1/2.2） scope="0" slot=Shell animation_id=1400 k=4
2026-08-14T04:01:59.800000Z DEBUG actor{actor="emo-text"}: areka_emo_present::presenter::timing: perf(apply_show): 段階別計時 target_id=TargetId(0) surface_id=1000 cache_hit=true t_cache_us=80 t_compose_us=0 t_resample_us=0 t_mask_us=0 t_upload_us=40 t_total_us=120 alloc_compose_dst=0 alloc_resample_dst=0 alloc_xmap=0 alloc_mask=0 key_hash=0x9f3a2b1c4d5e6f70
2026-08-14T04:01:59.950000Z DEBUG actor{actor="emo-text"}: areka_emo_present::presenter::timing: perf(apply_show): 段階別計時 target_id=TargetId(0) surface_id=1000 cache_hit=true t_cache_us=80 t_compose_us=0 t_resample_us=0 t_mask_us=0 t_upload_us=40 t_total_us=120 alloc_compose_dst=0 alloc_resample_dst=0 alloc_xmap=0 alloc_mask=0 key_hash=0x9f3a2b1c4d5e6f70
2026-08-14T04:01:59.972000Z DEBUG actor{actor="emo-text"}: areka_emo_present::presenter::timing: perf(apply_show): 段階別計時 target_id=TargetId(0) surface_id=1000 cache_hit=true t_cache_us=80 t_compose_us=0 t_resample_us=0 t_mask_us=0 t_upload_us=40 t_total_us=120 alloc_compose_dst=0 alloc_resample_dst=0 alloc_xmap=0 alloc_mask=0 key_hash=0x9f3a2b1c4d5e6f70
2026-08-14T04:02:00.000000Z INFO actor{actor=seriko}: areka_seriko::looper: seriko: loop 抽選発火（再生開始・先頭コマから・要件 2.1/2.2） scope="0" slot=Shell animation_id=1400 k=4
2026-08-14T04:02:00.000000Z DEBUG actor{actor="emo-text"}: areka_emo_present::presenter::timing: perf(apply_show): 段階別計時 target_id=TargetId(0) surface_id=1000 cache_hit=true t_cache_us=80 t_compose_us=0 t_resample_us=0 t_mask_us=0 t_upload_us=40 t_total_us=120 alloc_compose_dst=0 alloc_resample_dst=0 alloc_xmap=0 alloc_mask=0 key_hash=0x9f3a2b1c4d5e6f70
2026-08-14T04:02:00.150000Z DEBUG actor{actor="emo-text"}: areka_emo_present::presenter::timing: perf(apply_show): 段階別計時 target_id=TargetId(0) surface_id=1000 cache_hit=true t_cache_us=80 t_compose_us=0 t_resample_us=0 t_mask_us=0 t_upload_us=40 t_total_us=120 alloc_compose_dst=0 alloc_resample_dst=0 alloc_xmap=0 alloc_mask=0 key_hash=0x9f3a2b1c4d5e6f70
2026-08-14T04:02:00.172000Z DEBUG actor{actor="emo-text"}: areka_emo_present::presenter::timing: perf(apply_show): 段階別計時 target_id=TargetId(0) surface_id=1000 cache_hit=true t_cache_us=80 t_compose_us=0 t_resample_us=0 t_mask_us=0 t_upload_us=40 t_total_us=120 alloc_compose_dst=0 alloc_resample_dst=0 alloc_xmap=0 alloc_mask=0 key_hash=0x9f3a2b1c4d5e6f70
2026-08-14T04:02:00.200000Z INFO actor{actor=seriko}: areka_seriko::looper: seriko: loop 抽選発火（再生開始・先頭コマから・要件 2.1/2.2） scope="0" slot=Shell animation_id=1400 k=4
2026-08-14T04:02:00.200000Z DEBUG actor{actor="emo-text"}: areka_emo_present::presenter::timing: perf(apply_show): 段階別計時 target_id=TargetId(0) surface_id=1000 cache_hit=true t_cache_us=80 t_compose_us=0 t_resample_us=0 t_mask_us=0 t_upload_us=40 t_total_us=120 alloc_compose_dst=0 alloc_resample_dst=0 alloc_xmap=0 alloc_mask=0 key_hash=0x9f3a2b1c4d5e6f70
2026-08-14T04:02:00.350000Z DEBUG actor{actor="emo-text"}: areka_emo_present::presenter::timing: perf(apply_show): 段階別計時 target_id=TargetId(0) surface_id=1000 cache_hit=true t_cache_us=80 t_compose_us=0 t_resample_us=0 t_mask_us=0 t_upload_us=40 t_total_us=120 alloc_compose_dst=0 alloc_resample_dst=0 alloc_xmap=0 alloc_mask=0 key_hash=0x9f3a2b1c4d5e6f70
2026-08-14T04:02:00.372000Z DEBUG actor{actor="emo-text"}: areka_emo_present::presenter::timing: perf(apply_show): 段階別計時 target_id=TargetId(0) surface_id=1000 cache_hit=true t_cache_us=80 t_compose_us=0 t_resample_us=0 t_mask_us=0 t_upload_us=40 t_total_us=120 alloc_compose_dst=0 alloc_resample_dst=0 alloc_xmap=0 alloc_mask=0 key_hash=0x9f3a2b1c4d5e6f70
2026-08-14T04:02:00.400000Z INFO actor{actor=seriko}: areka_seriko::looper: seriko: loop 抽選発火（再生開始・先頭コマから・要件 2.1/2.2） scope="0" slot=Shell animation_id=1400 k=4
2026-08-14T04:02:00.400000Z DEBUG actor{actor="emo-text"}: areka_emo_present::presenter::timing: perf(apply_show): 段階別計時 target_id=TargetId(0) surface_id=1000 cache_hit=true t_cache_us=80 t_compose_us=0 t_resample_us=0 t_mask_us=0 t_upload_us=40 t_total_us=120 alloc_compose_dst=0 alloc_resample_dst=0 alloc_xmap=0 alloc_mask=0 key_hash=0x9f3a2b1c4d5e6f70
2026-08-14T04:02:00.400000Z INFO actor{actor=seriko}: areka_seriko::looper: seriko: loop 抽選発火（再生開始・先頭コマから・要件 2.1/2.2） scope="0" slot=Shell animation_id=1402 k=4
2026-08-14T04:02:00.400000Z DEBUG actor{actor="emo-text"}: areka_emo_present::presenter::timing: perf(apply_show): 段階別計時 target_id=TargetId(0) surface_id=1000 cache_hit=true t_cache_us=80 t_compose_us=0 t_resample_us=0 t_mask_us=0 t_upload_us=40 t_total_us=120 alloc_compose_dst=0 alloc_resample_dst=0 alloc_xmap=0 alloc_mask=0 key_hash=0x9f3a2b1c4d5e6f70
2026-08-14T04:02:00.550000Z DEBUG actor{actor="emo-text"}: areka_emo_present::presenter::timing: perf(apply_show): 段階別計時 target_id=TargetId(0) surface_id=1000 cache_hit=true t_cache_us=80 t_compose_us=0 t_resample_us=0 t_mask_us=0 t_upload_us=40 t_total_us=120 alloc_compose_dst=0 alloc_resample_dst=0 alloc_xmap=0 alloc_mask=0 key_hash=0x9f3a2b1c4d5e6f70
2026-08-14T04:02:00.572000Z DEBUG actor{actor="emo-text"}: areka_emo_present::presenter::timing: perf(apply_show): 段階別計時 target_id=TargetId(0) surface_id=1000 cache_hit=true t_cache_us=80 t_compose_us=0 t_resample_us=0 t_mask_us=0 t_upload_us=40 t_total_us=120 alloc_compose_dst=0 alloc_resample_dst=0 alloc_xmap=0 alloc_mask=0 key_hash=0x9f3a2b1c4d5e6f70
2026-08-14T04:02:00.600000Z INFO actor{actor=seriko}: areka_seriko::looper: seriko: loop 抽選発火（再生開始・先頭コマから・要件 2.1/2.2） scope="0" slot=Shell animation_id=1400 k=4
2026-08-14T04:02:00.600000Z DEBUG actor{actor="emo-text"}: areka_emo_present::presenter::timing: perf(apply_show): 段階別計時 target_id=TargetId(0) surface_id=1000 cache_hit=true t_cache_us=80 t_compose_us=0 t_resample_us=0 t_mask_us=0 t_upload_us=40 t_total_us=120 alloc_compose_dst=0 alloc_resample_dst=0 alloc_xmap=0 alloc_mask=0 key_hash=0x9f3a2b1c4d5e6f70
2026-08-14T04:02:00.750000Z DEBUG actor{actor="emo-text"}: areka_emo_present::presenter::timing: perf(apply_show): 段階別計時 target_id=TargetId(0) surface_id=1000 cache_hit=true t_cache_us=80 t_compose_us=0 t_resample_us=0 t_mask_us=0 t_upload_us=40 t_total_us=120 alloc_compose_dst=0 alloc_resample_dst=0 alloc_xmap=0 alloc_mask=0 key_hash=0x9f3a2b1c4d5e6f70
2026-08-14T04:02:00.772000Z DEBUG actor{actor="emo-text"}: areka_emo_present::presenter::timing: perf(apply_show): 段階別計時 target_id=TargetId(0) surface_id=1000 cache_hit=true t_cache_us=80 t_compose_us=0 t_resample_us=0 t_mask_us=0 t_upload_us=40 t_total_us=120 alloc_compose_dst=0 alloc_resample_dst=0 alloc_xmap=0 alloc_mask=0 key_hash=0x9f3a2b1c4d5e6f70
2026-08-14T04:02:00.800000Z INFO actor{actor=seriko}: areka_seriko::looper: seriko: loop 抽選発火（再生開始・先頭コマから・要件 2.1/2.2） scope="0" slot=Shell animation_id=1400 k=4
2026-08-14T04:02:00.800000Z DEBUG actor{actor="emo-text"}: areka_emo_present::presenter::timing: perf(apply_show): 段階別計時 target_id=TargetId(0) surface_id=1000 cache_hit=true t_cache_us=80 t_compose_us=0 t_resample_us=0 t_mask_us=0 t_upload_us=40 t_total_us=120 alloc_compose_dst=0 alloc_resample_dst=0 alloc_xmap=0 alloc_mask=0 key_hash=0x9f3a2b1c4d5e6f70
2026-08-14T04:02:00.950000Z DEBUG actor{actor="emo-text"}: areka_emo_present::presenter::timing: perf(apply_show): 段階別計時 target_id=TargetId(0) surface_id=1000 cache_hit=true t_cache_us=80 t_compose_us=0 t_resample_us=0 t_mask_us=0 t_upload_us=40 t_total_us=120 alloc_compose_dst=0 alloc_resample_dst=0 alloc_xmap=0 alloc_mask=0 key_hash=0x9f3a2b1c4d5e6f70
2026-08-14T04:02:00.972000Z DEBUG actor{actor="emo-text"}: areka_emo_present::presenter::timing: perf(apply_show): 段階別計時 target_id=TargetId(0) surface_id=1000 cache_hit=true t_cache_us=80 t_compose_us=0 t_resample_us=0 t_mask_us=0 t_upload_us=40 t_total_us=120 alloc_compose_dst=0 alloc_resample_dst=0 alloc_xmap=0 alloc_mask=0 key_hash=0x9f3a2b1c4d5e6f70
2026-08-14T04:02:01.000000Z INFO actor{actor=seriko}: areka_seriko::looper: seriko: loop 抽選発火（再生開始・先頭コマから・要件 2.1/2.2） scope="0" slot=Shell animation_id=1400 k=4
2026-08-14T04:02:01.000000Z DEBUG actor{actor="emo-text"}: areka_emo_present::presenter::timing: perf(apply_show): 段階別計時 target_id=TargetId(0) surface_id=1000 cache_hit=true t_cache_us=80 t_compose_us=0 t_resample_us=0 t_mask_us=0 t_upload_us=40 t_total_us=120 alloc_compose_dst=0 alloc_resample_dst=0 alloc_xmap=0 alloc_mask=0 key_hash=0x9f3a2b1c4d5e6f70
2026-08-14T04:02:01.100000Z INFO actor{actor=seriko}: areka_seriko::looper: seriko: loop 抽選発火（再生開始・先頭コマから・要件 2.1/2.2） scope="0" slot=Shell animation_id=1402 k=4
2026-08-14T04:02:01.100000Z DEBUG actor{actor="emo-text"}: areka_emo_present::presenter::timing: perf(apply_show): 段階別計時 target_id=TargetId(0) surface_id=1000 cache_hit=true t_cache_us=80 t_compose_us=0 t_resample_us=0 t_mask_us=0 t_upload_us=40 t_total_us=120 alloc_compose_dst=0 alloc_resample_dst=0 alloc_xmap=0 alloc_mask=0 key_hash=0x9f3a2b1c4d5e6f70
2026-08-14T04:02:01.150000Z DEBUG actor{actor="emo-text"}: areka_emo_present::presenter::timing: perf(apply_show): 段階別計時 target_id=TargetId(0) surface_id=1000 cache_hit=true t_cache_us=80 t_compose_us=0 t_resample_us=0 t_mask_us=0 t_upload_us=40 t_total_us=120 alloc_compose_dst=0 alloc_resample_dst=0 alloc_xmap=0 alloc_mask=0 key_hash=0x9f3a2b1c4d5e6f70
2026-08-14T04:02:01.172000Z DEBUG actor{actor="emo-text"}: areka_emo_present::presenter::timing: perf(apply_show): 段階別計時 target_id=TargetId(0) surface_id=1000 cache_hit=true t_cache_us=80 t_compose_us=0 t_resample_us=0 t_mask_us=0 t_upload_us=40 t_total_us=120 alloc_compose_dst=0 alloc_resample_dst=0 alloc_xmap=0 alloc_mask=0 key_hash=0x9f3a2b1c4d5e6f70
2026-08-14T04:02:01.200000Z INFO actor{actor=seriko}: areka_seriko::looper: seriko: loop 抽選発火（再生開始・先頭コマから・要件 2.1/2.2） scope="0" slot=Shell animation_id=1400 k=4
2026-08-14T04:02:01.200000Z DEBUG actor{actor="emo-text"}: areka_emo_present::presenter::timing: perf(apply_show): 段階別計時 target_id=TargetId(0) surface_id=1000 cache_hit=true t_cache_us=80 t_compose_us=0 t_resample_us=0 t_mask_us=0 t_upload_us=40 t_total_us=120 alloc_compose_dst=0 alloc_resample_dst=0 alloc_xmap=0 alloc_mask=0 key_hash=0x9f3a2b1c4d5e6f70
2026-08-14T04:02:01.350000Z DEBUG actor{actor="emo-text"}: areka_emo_present::presenter::timing: perf(apply_show): 段階別計時 target_id=TargetId(0) surface_id=1000 cache_hit=true t_cache_us=80 t_compose_us=0 t_resample_us=0 t_mask_us=0 t_upload_us=40 t_total_us=120 alloc_compose_dst=0 alloc_resample_dst=0 alloc_xmap=0 alloc_mask=0 key_hash=0x9f3a2b1c4d5e6f70
2026-08-14T04:02:01.372000Z DEBUG actor{actor="emo-text"}: areka_emo_present::presenter::timing: perf(apply_show): 段階別計時 target_id=TargetId(0) surface_id=1000 cache_hit=true t_cache_us=80 t_compose_us=0 t_resample_us=0 t_mask_us=0 t_upload_us=40 t_total_us=120 alloc_compose_dst=0 alloc_resample_dst=0 alloc_xmap=0 alloc_mask=0 key_hash=0x9f3a2b1c4d5e6f70
2026-08-14T04:02:01.400000Z INFO actor{actor=seriko}: areka_seriko::looper: seriko: loop 抽選発火（再生開始・先頭コマから・要件 2.1/2.2） scope="0" slot=Shell animation_id=1400 k=4
2026-08-14T04:02:01.400000Z DEBUG actor{actor="emo-text"}: areka_emo_present::presenter::timing: perf(apply_show): 段階別計時 target_id=TargetId(0) surface_id=1000 cache_hit=true t_cache_us=80 t_compose_us=0 t_resample_us=0 t_mask_us=0 t_upload_us=40 t_total_us=120 alloc_compose_dst=0 alloc_resample_dst=0 alloc_xmap=0 alloc_mask=0 key_hash=0x9f3a2b1c4d5e6f70
2026-08-14T04:02:01.550000Z DEBUG actor{actor="emo-text"}: areka_emo_present::presenter::timing: perf(apply_show): 段階別計時 target_id=TargetId(0) surface_id=1000 cache_hit=true t_cache_us=80 t_compose_us=0 t_resample_us=0 t_mask_us=0 t_upload_us=40 t_total_us=120 alloc_compose_dst=0 alloc_resample_dst=0 alloc_xmap=0 alloc_mask=0 key_hash=0x9f3a2b1c4d5e6f70
2026-08-14T04:02:01.572000Z DEBUG actor{actor="emo-text"}: areka_emo_present::presenter::timing: perf(apply_show): 段階別計時 target_id=TargetId(0) surface_id=1000 cache_hit=true t_cache_us=80 t_compose_us=0 t_resample_us=0 t_mask_us=0 t_upload_us=40 t_total_us=120 alloc_compose_dst=0 alloc_resample_dst=0 alloc_xmap=0 alloc_mask=0 key_hash=0x9f3a2b1c4d5e6f70
2026-08-14T04:02:01.600000Z INFO actor{actor=seriko}: areka_seriko::looper: seriko: loop 抽選発火（再生開始・先頭コマから・要件 2.1/2.2） scope="0" slot=Shell animation_id=1400 k=4
2026-08-14T04:02:01.600000Z DEBUG actor{actor="emo-text"}: areka_emo_present::presenter::timing: perf(apply_show): 段階別計時 target_id=TargetId(0) surface_id=1000 cache_hit=true t_cache_us=80 t_compose_us=0 t_resample_us=0 t_mask_us=0 t_upload_us=40 t_total_us=120 alloc_compose_dst=0 alloc_resample_dst=0 alloc_xmap=0 alloc_mask=0 key_hash=0x9f3a2b1c4d5e6f70
2026-08-14T04:02:01.750000Z DEBUG actor{actor="emo-text"}: areka_emo_present::presenter::timing: perf(apply_show): 段階別計時 target_id=TargetId(0) surface_id=1000 cache_hit=true t_cache_us=80 t_compose_us=0 t_resample_us=0 t_mask_us=0 t_upload_us=40 t_total_us=120 alloc_compose_dst=0 alloc_resample_dst=0 alloc_xmap=0 alloc_mask=0 key_hash=0x9f3a2b1c4d5e6f70
2026-08-14T04:02:01.772000Z DEBUG actor{actor="emo-text"}: areka_emo_present::presenter::timing: perf(apply_show): 段階別計時 target_id=TargetId(0) surface_id=1000 cache_hit=true t_cache_us=80 t_compose_us=0 t_resample_us=0 t_mask_us=0 t_upload_us=40 t_total_us=120 alloc_compose_dst=0 alloc_resample_dst=0 alloc_xmap=0 alloc_mask=0 key_hash=0x9f3a2b1c4d5e6f70
2026-08-14T04:02:01.800000Z INFO actor{actor=seriko}: areka_seriko::looper: seriko: loop 抽選発火（再生開始・先頭コマから・要件 2.1/2.2） scope="0" slot=Shell animation_id=1400 k=4
2026-08-14T04:02:01.800000Z DEBUG actor{actor="emo-text"}: areka_emo_present::presenter::timing: perf(apply_show): 段階別計時 target_id=TargetId(0) surface_id=1000 cache_hit=true t_cache_us=80 t_compose_us=0 t_resample_us=0 t_mask_us=0 t_upload_us=40 t_total_us=120 alloc_compose_dst=0 alloc_resample_dst=0 alloc_xmap=0 alloc_mask=0 key_hash=0x9f3a2b1c4d5e6f70
2026-08-14T04:02:01.800000Z INFO actor{actor=seriko}: areka_seriko::looper: seriko: loop 抽選発火（再生開始・先頭コマから・要件 2.1/2.2） scope="0" slot=Shell animation_id=1402 k=4
2026-08-14T04:02:01.800000Z DEBUG actor{actor="emo-text"}: areka_emo_present::presenter::timing: perf(apply_show): 段階別計時 target_id=TargetId(0) surface_id=1000 cache_hit=true t_cache_us=80 t_compose_us=0 t_resample_us=0 t_mask_us=0 t_upload_us=40 t_total_us=120 alloc_compose_dst=0 alloc_resample_dst=0 alloc_xmap=0 alloc_mask=0 key_hash=0x9f3a2b1c4d5e6f70
2026-08-14T04:02:01.950000Z DEBUG actor{actor="emo-text"}: areka_emo_present::presenter::timing: perf(apply_show): 段階別計時 target_id=TargetId(0) surface_id=1000 cache_hit=true t_cache_us=80 t_compose_us=0 t_resample_us=0 t_mask_us=0 t_upload_us=40 t_total_us=120 alloc_compose_dst=0 alloc_resample_dst=0 alloc_xmap=0 alloc_mask=0 key_hash=0x9f3a2b1c4d5e6f70
2026-08-14T04:02:01.972000Z DEBUG actor{actor="emo-text"}: areka_emo_present::presenter::timing: perf(apply_show): 段階別計時 target_id=TargetId(0) surface_id=1000 cache_hit=true t_cache_us=80 t_compose_us=0 t_resample_us=0 t_mask_us=0 t_upload_us=40 t_total_us=120 alloc_compose_dst=0 alloc_resample_dst=0 alloc_xmap=0 alloc_mask=0 key_hash=0x9f3a2b1c4d5e6f70
2026-08-14T04:02:02.000000Z INFO actor{actor=seriko}: areka_seriko::looper: seriko: loop 抽選発火（再生開始・先頭コマから・要件 2.1/2.2） scope="0" slot=Shell animation_id=1400 k=4
2026-08-14T04:02:02.000000Z DEBUG actor{actor="emo-text"}: areka_emo_present::presenter::timing: perf(apply_show): 段階別計時 target_id=TargetId(0) surface_id=1000 cache_hit=true t_cache_us=80 t_compose_us=0 t_resample_us=0 t_mask_us=0 t_upload_us=40 t_total_us=120 alloc_compose_dst=0 alloc_resample_dst=0 alloc_xmap=0 alloc_mask=0 key_hash=0x9f3a2b1c4d5e6f70
2026-08-14T04:02:02.150000Z DEBUG actor{actor="emo-text"}: areka_emo_present::presenter::timing: perf(apply_show): 段階別計時 target_id=TargetId(0) surface_id=1000 cache_hit=true t_cache_us=80 t_compose_us=0 t_resample_us=0 t_mask_us=0 t_upload_us=40 t_total_us=120 alloc_compose_dst=0 alloc_resample_dst=0 alloc_xmap=0 alloc_mask=0 key_hash=0x9f3a2b1c4d5e6f70
2026-08-14T04:02:02.172000Z DEBUG actor{actor="emo-text"}: areka_emo_present::presenter::timing: perf(apply_show): 段階別計時 target_id=TargetId(0) surface_id=1000 cache_hit=true t_cache_us=80 t_compose_us=0 t_resample_us=0 t_mask_us=0 t_upload_us=40 t_total_us=120 alloc_compose_dst=0 alloc_resample_dst=0 alloc_xmap=0 alloc_mask=0 key_hash=0x9f3a2b1c4d5e6f70
2026-08-14T04:02:02.200000Z INFO actor{actor=seriko}: areka_seriko::looper: seriko: loop 抽選発火（再生開始・先頭コマから・要件 2.1/2.2） scope="0" slot=Shell animation_id=1400 k=4
2026-08-14T04:02:02.200000Z DEBUG actor{actor="emo-text"}: areka_emo_present::presenter::timing: perf(apply_show): 段階別計時 target_id=TargetId(0) surface_id=1000 cache_hit=true t_cache_us=80 t_compose_us=0 t_resample_us=0 t_mask_us=0 t_upload_us=40 t_total_us=120 alloc_compose_dst=0 alloc_resample_dst=0 alloc_xmap=0 alloc_mask=0 key_hash=0x9f3a2b1c4d5e6f70
2026-08-14T04:02:02.350000Z DEBUG actor{actor="emo-text"}: areka_emo_present::presenter::timing: perf(apply_show): 段階別計時 target_id=TargetId(0) surface_id=1000 cache_hit=true t_cache_us=80 t_compose_us=0 t_resample_us=0 t_mask_us=0 t_upload_us=40 t_total_us=120 alloc_compose_dst=0 alloc_resample_dst=0 alloc_xmap=0 alloc_mask=0 key_hash=0x9f3a2b1c4d5e6f70
2026-08-14T04:02:02.372000Z DEBUG actor{actor="emo-text"}: areka_emo_present::presenter::timing: perf(apply_show): 段階別計時 target_id=TargetId(0) surface_id=1000 cache_hit=true t_cache_us=80 t_compose_us=0 t_resample_us=0 t_mask_us=0 t_upload_us=40 t_total_us=120 alloc_compose_dst=0 alloc_resample_dst=0 alloc_xmap=0 alloc_mask=0 key_hash=0x9f3a2b1c4d5e6f70
2026-08-14T04:02:02.400000Z INFO actor{actor=seriko}: areka_seriko::looper: seriko: loop 抽選発火（再生開始・先頭コマから・要件 2.1/2.2） scope="0" slot=Shell animation_id=1400 k=4
2026-08-14T04:02:02.400000Z DEBUG actor{actor="emo-text"}: areka_emo_present::presenter::timing: perf(apply_show): 段階別計時 target_id=TargetId(0) surface_id=1000 cache_hit=true t_cache_us=80 t_compose_us=0 t_resample_us=0 t_mask_us=0 t_upload_us=40 t_total_us=120 alloc_compose_dst=0 alloc_resample_dst=0 alloc_xmap=0 alloc_mask=0 key_hash=0x9f3a2b1c4d5e6f70
2026-08-14T04:02:02.500000Z INFO actor{actor=seriko}: areka_seriko::looper: seriko: loop 抽選発火（再生開始・先頭コマから・要件 2.1/2.2） scope="0" slot=Shell animation_id=1402 k=4
2026-08-14T04:02:02.500000Z DEBUG actor{actor="emo-text"}: areka_emo_present::presenter::timing: perf(apply_show): 段階別計時 target_id=TargetId(0) surface_id=1000 cache_hit=true t_cache_us=80 t_compose_us=0 t_resample_us=0 t_mask_us=0 t_upload_us=40 t_total_us=120 alloc_compose_dst=0 alloc_resample_dst=0 alloc_xmap=0 alloc_mask=0 key_hash=0x9f3a2b1c4d5e6f70
2026-08-14T04:02:02.550000Z DEBUG actor{actor="emo-text"}: areka_emo_present::presenter::timing: perf(apply_show): 段階別計時 target_id=TargetId(0) surface_id=1000 cache_hit=true t_cache_us=80 t_compose_us=0 t_resample_us=0 t_mask_us=0 t_upload_us=40 t_total_us=120 alloc_compose_dst=0 alloc_resample_dst=0 alloc_xmap=0 alloc_mask=0 key_hash=0x9f3a2b1c4d5e6f70
2026-08-14T04:02:02.572000Z DEBUG actor{actor="emo-text"}: areka_emo_present::presenter::timing: perf(apply_show): 段階別計時 target_id=TargetId(0) surface_id=1000 cache_hit=true t_cache_us=80 t_compose_us=0 t_resample_us=0 t_mask_us=0 t_upload_us=40 t_total_us=120 alloc_compose_dst=0 alloc_resample_dst=0 alloc_xmap=0 alloc_mask=0 key_hash=0x9f3a2b1c4d5e6f70
2026-08-14T04:02:02.600000Z INFO actor{actor=seriko}: areka_seriko::looper: seriko: loop 抽選発火（再生開始・先頭コマから・要件 2.1/2.2） scope="0" slot=Shell animation_id=1400 k=4
2026-08-14T04:02:02.600000Z DEBUG actor{actor="emo-text"}: areka_emo_present::presenter::timing: perf(apply_show): 段階別計時 target_id=TargetId(0) surface_id=1000 cache_hit=true t_cache_us=80 t_compose_us=0 t_resample_us=0 t_mask_us=0 t_upload_us=40 t_total_us=120 alloc_compose_dst=0 alloc_resample_dst=0 alloc_xmap=0 alloc_mask=0 key_hash=0x9f3a2b1c4d5e6f70
2026-08-14T04:02:02.750000Z DEBUG actor{actor="emo-text"}: areka_emo_present::presenter::timing: perf(apply_show): 段階別計時 target_id=TargetId(0) surface_id=1000 cache_hit=true t_cache_us=80 t_compose_us=0 t_resample_us=0 t_mask_us=0 t_upload_us=40 t_total_us=120 alloc_compose_dst=0 alloc_resample_dst=0 alloc_xmap=0 alloc_mask=0 key_hash=0x9f3a2b1c4d5e6f70
2026-08-14T04:02:02.772000Z DEBUG actor{actor="emo-text"}: areka_emo_present::presenter::timing: perf(apply_show): 段階別計時 target_id=TargetId(0) surface_id=1000 cache_hit=true t_cache_us=80 t_compose_us=0 t_resample_us=0 t_mask_us=0 t_upload_us=40 t_total_us=120 alloc_compose_dst=0 alloc_resample_dst=0 alloc_xmap=0 alloc_mask=0 key_hash=0x9f3a2b1c4d5e6f70
2026-08-14T04:02:02.800000Z INFO actor{actor=seriko}: areka_seriko::looper: seriko: loop 抽選発火（再生開始・先頭コマから・要件 2.1/2.2） scope="0" slot=Shell animation_id=1400 k=4
2026-08-14T04:02:02.800000Z DEBUG actor{actor="emo-text"}: areka_emo_present::presenter::timing: perf(apply_show): 段階別計時 target_id=TargetId(0) surface_id=1000 cache_hit=true t_cache_us=80 t_compose_us=0 t_resample_us=0 t_mask_us=0 t_upload_us=40 t_total_us=120 alloc_compose_dst=0 alloc_resample_dst=0 alloc_xmap=0 alloc_mask=0 key_hash=0x9f3a2b1c4d5e6f70
2026-08-14T04:02:02.950000Z DEBUG actor{actor="emo-text"}: areka_emo_present::presenter::timing: perf(apply_show): 段階別計時 target_id=TargetId(0) surface_id=1000 cache_hit=true t_cache_us=80 t_compose_us=0 t_resample_us=0 t_mask_us=0 t_upload_us=40 t_total_us=120 alloc_compose_dst=0 alloc_resample_dst=0 alloc_xmap=0 alloc_mask=0 key_hash=0x9f3a2b1c4d5e6f70
2026-08-14T04:02:02.972000Z DEBUG actor{actor="emo-text"}: areka_emo_present::presenter::timing: perf(apply_show): 段階別計時 target_id=TargetId(0) surface_id=1000 cache_hit=true t_cache_us=80 t_compose_us=0 t_resample_us=0 t_mask_us=0 t_upload_us=40 t_total_us=120 alloc_compose_dst=0 alloc_resample_dst=0 alloc_xmap=0 alloc_mask=0 key_hash=0x9f3a2b1c4d5e6f70
2026-08-14T04:02:03.000000Z INFO actor{actor=seriko}: areka_seriko::looper: seriko: loop 抽選発火（再生開始・先頭コマから・要件 2.1/2.2） scope="0" slot=Shell animation_id=1400 k=4
2026-08-14T04:02:03.000000Z DEBUG actor{actor="emo-text"}: areka_emo_present::presenter::timing: perf(apply_show): 段階別計時 target_id=TargetId(0) surface_id=1000 cache_hit=true t_cache_us=80 t_compose_us=0 t_resample_us=0 t_mask_us=0 t_upload_us=40 t_total_us=120 alloc_compose_dst=0 alloc_resample_dst=0 alloc_xmap=0 alloc_mask=0 key_hash=0x9f3a2b1c4d5e6f70
2026-08-14T04:02:03.150000Z DEBUG actor{actor="emo-text"}: areka_emo_present::presenter::timing: perf(apply_show): 段階別計時 target_id=TargetId(0) surface_id=1000 cache_hit=true t_cache_us=80 t_compose_us=0 t_resample_us=0 t_mask_us=0 t_upload_us=40 t_total_us=120 alloc_compose_dst=0 alloc_resample_dst=0 alloc_xmap=0 alloc_mask=0 key_hash=0x9f3a2b1c4d5e6f70
2026-08-14T04:02:03.172000Z DEBUG actor{actor="emo-text"}: areka_emo_present::presenter::timing: perf(apply_show): 段階別計時 target_id=TargetId(0) surface_id=1000 cache_hit=true t_cache_us=80 t_compose_us=0 t_resample_us=0 t_mask_us=0 t_upload_us=40 t_total_us=120 alloc_compose_dst=0 alloc_resample_dst=0 alloc_xmap=0 alloc_mask=0 key_hash=0x9f3a2b1c4d5e6f70
2026-08-14T04:02:03.200000Z INFO actor{actor=seriko}: areka_seriko::looper: seriko: loop 抽選発火（再生開始・先頭コマから・要件 2.1/2.2） scope="0" slot=Shell animation_id=1400 k=4
2026-08-14T04:02:03.200000Z DEBUG actor{actor="emo-text"}: areka_emo_present::presenter::timing: perf(apply_show): 段階別計時 target_id=TargetId(0) surface_id=1000 cache_hit=true t_cache_us=80 t_compose_us=0 t_resample_us=0 t_mask_us=0 t_upload_us=40 t_total_us=120 alloc_compose_dst=0 alloc_resample_dst=0 alloc_xmap=0 alloc_mask=0 key_hash=0x9f3a2b1c4d5e6f70
2026-08-14T04:02:03.200000Z INFO actor{actor=seriko}: areka_seriko::looper: seriko: loop 抽選発火（再生開始・先頭コマから・要件 2.1/2.2） scope="0" slot=Shell animation_id=1402 k=4
2026-08-14T04:02:03.200000Z DEBUG actor{actor="emo-text"}: areka_emo_present::presenter::timing: perf(apply_show): 段階別計時 target_id=TargetId(0) surface_id=1000 cache_hit=true t_cache_us=80 t_compose_us=0 t_resample_us=0 t_mask_us=0 t_upload_us=40 t_total_us=120 alloc_compose_dst=0 alloc_resample_dst=0 alloc_xmap=0 alloc_mask=0 key_hash=0x9f3a2b1c4d5e6f70
2026-08-14T04:02:03.350000Z DEBUG actor{actor="emo-text"}: areka_emo_present::presenter::timing: perf(apply_show): 段階別計時 target_id=TargetId(0) surface_id=1000 cache_hit=true t_cache_us=80 t_compose_us=0 t_resample_us=0 t_mask_us=0 t_upload_us=40 t_total_us=120 alloc_compose_dst=0 alloc_resample_dst=0 alloc_xmap=0 alloc_mask=0 key_hash=0x9f3a2b1c4d5e6f70
2026-08-14T04:02:03.372000Z DEBUG actor{actor="emo-text"}: areka_emo_present::presenter::timing: perf(apply_show): 段階別計時 target_id=TargetId(0) surface_id=1000 cache_hit=true t_cache_us=80 t_compose_us=0 t_resample_us=0 t_mask_us=0 t_upload_us=40 t_total_us=120 alloc_compose_dst=0 alloc_resample_dst=0 alloc_xmap=0 alloc_mask=0 key_hash=0x9f3a2b1c4d5e6f70
2026-08-14T04:02:03.400000Z INFO actor{actor=seriko}: areka_seriko::looper: seriko: loop 抽選発火（再生開始・先頭コマから・要件 2.1/2.2） scope="0" slot=Shell animation_id=1400 k=4
2026-08-14T04:02:03.400000Z DEBUG actor{actor="emo-text"}: areka_emo_present::presenter::timing: perf(apply_show): 段階別計時 target_id=TargetId(0) surface_id=1000 cache_hit=true t_cache_us=80 t_compose_us=0 t_resample_us=0 t_mask_us=0 t_upload_us=40 t_total_us=120 alloc_compose_dst=0 alloc_resample_dst=0 alloc_xmap=0 alloc_mask=0 key_hash=0x9f3a2b1c4d5e6f70
2026-08-14T04:02:03.550000Z DEBUG actor{actor="emo-text"}: areka_emo_present::presenter::timing: perf(apply_show): 段階別計時 target_id=TargetId(0) surface_id=1000 cache_hit=true t_cache_us=80 t_compose_us=0 t_resample_us=0 t_mask_us=0 t_upload_us=40 t_total_us=120 alloc_compose_dst=0 alloc_resample_dst=0 alloc_xmap=0 alloc_mask=0 key_hash=0x9f3a2b1c4d5e6f70
2026-08-14T04:02:03.572000Z DEBUG actor{actor="emo-text"}: areka_emo_present::presenter::timing: perf(apply_show): 段階別計時 target_id=TargetId(0) surface_id=1000 cache_hit=true t_cache_us=80 t_compose_us=0 t_resample_us=0 t_mask_us=0 t_upload_us=40 t_total_us=120 alloc_compose_dst=0 alloc_resample_dst=0 alloc_xmap=0 alloc_mask=0 key_hash=0x9f3a2b1c4d5e6f70
2026-08-14T04:02:03.600000Z INFO actor{actor=seriko}: areka_seriko::looper: seriko: loop 抽選発火（再生開始・先頭コマから・要件 2.1/2.2） scope="0" slot=Shell animation_id=1400 k=4
2026-08-14T04:02:03.600000Z DEBUG actor{actor="emo-text"}: areka_emo_present::presenter::timing: perf(apply_show): 段階別計時 target_id=TargetId(0) surface_id=1000 cache_hit=true t_cache_us=80 t_compose_us=0 t_resample_us=0 t_mask_us=0 t_upload_us=40 t_total_us=120 alloc_compose_dst=0 alloc_resample_dst=0 alloc_xmap=0 alloc_mask=0 key_hash=0x9f3a2b1c4d5e6f70
2026-08-14T04:02:03.750000Z DEBUG actor{actor="emo-text"}: areka_emo_present::presenter::timing: perf(apply_show): 段階別計時 target_id=TargetId(0) surface_id=1000 cache_hit=true t_cache_us=80 t_compose_us=0 t_resample_us=0 t_mask_us=0 t_upload_us=40 t_total_us=120 alloc_compose_dst=0 alloc_resample_dst=0 alloc_xmap=0 alloc_mask=0 key_hash=0x9f3a2b1c4d5e6f70
2026-08-14T04:02:03.772000Z DEBUG actor{actor="emo-text"}: areka_emo_present::presenter::timing: perf(apply_show): 段階別計時 target_id=TargetId(0) surface_id=1000 cache_hit=true t_cache_us=80 t_compose_us=0 t_resample_us=0 t_mask_us=0 t_upload_us=40 t_total_us=120 alloc_compose_dst=0 alloc_resample_dst=0 alloc_xmap=0 alloc_mask=0 key_hash=0x9f3a2b1c4d5e6f70
2026-08-14T04:02:03.800000Z INFO actor{actor=seriko}: areka_seriko::looper: seriko: loop 抽選発火（再生開始・先頭コマから・要件 2.1/2.2） scope="0" slot=Shell animation_id=1400 k=4
2026-08-14T04:02:03.800000Z DEBUG actor{actor="emo-text"}: areka_emo_present::presenter::timing: perf(apply_show): 段階別計時 target_id=TargetId(0) surface_id=1000 cache_hit=true t_cache_us=80 t_compose_us=0 t_resample_us=0 t_mask_us=0 t_upload_us=40 t_total_us=120 alloc_compose_dst=0 alloc_resample_dst=0 alloc_xmap=0 alloc_mask=0 key_hash=0x9f3a2b1c4d5e6f70
2026-08-14T04:02:03.900000Z INFO actor{actor=seriko}: areka_seriko::looper: seriko: loop 抽選発火（再生開始・先頭コマから・要件 2.1/2.2） scope="0" slot=Shell animation_id=1402 k=4
2026-08-14T04:02:03.900000Z DEBUG actor{actor="emo-text"}: areka_emo_present::presenter::timing: perf(apply_show): 段階別計時 target_id=TargetId(0) surface_id=1000 cache_hit=true t_cache_us=80 t_compose_us=0 t_resample_us=0 t_mask_us=0 t_upload_us=40 t_total_us=120 alloc_compose_dst=0 alloc_resample_dst=0 alloc_xmap=0 alloc_mask=0 key_hash=0x9f3a2b1c4d5e6f70
2026-08-14T04:02:03.950000Z DEBUG actor{actor="emo-text"}: areka_emo_present::presenter::timing: perf(apply_show): 段階別計時 target_id=TargetId(0) surface_id=1000 cache_hit=true t_cache_us=80 t_compose_us=0 t_resample_us=0 t_mask_us=0 t_upload_us=40 t_total_us=120 alloc_compose_dst=0 alloc_resample_dst=0 alloc_xmap=0 alloc_mask=0 key_hash=0x9f3a2b1c4d5e6f70
2026-08-14T04:02:03.972000Z DEBUG actor{actor="emo-text"}: areka_emo_present::presenter::timing: perf(apply_show): 段階別計時 target_id=TargetId(0) surface_id=1000 cache_hit=true t_cache_us=80 t_compose_us=0 t_resample_us=0 t_mask_us=0 t_upload_us=40 t_total_us=120 alloc_compose_dst=0 alloc_resample_dst=0 alloc_xmap=0 alloc_mask=0 key_hash=0x9f3a2b1c4d5e6f70
2026-08-14T04:02:04.000000Z INFO actor{actor=seriko}: areka_seriko::looper: seriko: loop 抽選発火（再生開始・先頭コマから・要件 2.1/2.2） scope="0" slot=Shell animation_id=1400 k=4
2026-08-14T04:02:04.000000Z DEBUG actor{actor="emo-text"}: areka_emo_present::presenter::timing: perf(apply_show): 段階別計時 target_id=TargetId(0) surface_id=1000 cache_hit=true t_cache_us=80 t_compose_us=0 t_resample_us=0 t_mask_us=0 t_upload_us=40 t_total_us=120 alloc_compose_dst=0 alloc_resample_dst=0 alloc_xmap=0 alloc_mask=0 key_hash=0x9f3a2b1c4d5e6f70
2026-08-14T04:02:04.150000Z DEBUG actor{actor="emo-text"}: areka_emo_present::presenter::timing: perf(apply_show): 段階別計時 target_id=TargetId(0) surface_id=1000 cache_hit=true t_cache_us=80 t_compose_us=0 t_resample_us=0 t_mask_us=0 t_upload_us=40 t_total_us=120 alloc_compose_dst=0 alloc_resample_dst=0 alloc_xmap=0 alloc_mask=0 key_hash=0x9f3a2b1c4d5e6f70
2026-08-14T04:02:04.172000Z DEBUG actor{actor="emo-text"}: areka_emo_present::presenter::timing: perf(apply_show): 段階別計時 target_id=TargetId(0) surface_id=1000 cache_hit=true t_cache_us=80 t_compose_us=0 t_resample_us=0 t_mask_us=0 t_upload_us=40 t_total_us=120 alloc_compose_dst=0 alloc_resample_dst=0 alloc_xmap=0 alloc_mask=0 key_hash=0x9f3a2b1c4d5e6f70
2026-08-14T04:02:04.200000Z INFO actor{actor=seriko}: areka_seriko::looper: seriko: loop 抽選発火（再生開始・先頭コマから・要件 2.1/2.2） scope="0" slot=Shell animation_id=1400 k=4
2026-08-14T04:02:04.200000Z DEBUG actor{actor="emo-text"}: areka_emo_present::presenter::timing: perf(apply_show): 段階別計時 target_id=TargetId(0) surface_id=1000 cache_hit=true t_cache_us=80 t_compose_us=0 t_resample_us=0 t_mask_us=0 t_upload_us=40 t_total_us=120 alloc_compose_dst=0 alloc_resample_dst=0 alloc_xmap=0 alloc_mask=0 key_hash=0x9f3a2b1c4d5e6f70
2026-08-14T04:02:04.350000Z DEBUG actor{actor="emo-text"}: areka_emo_present::presenter::timing: perf(apply_show): 段階別計時 target_id=TargetId(0) surface_id=1000 cache_hit=true t_cache_us=80 t_compose_us=0 t_resample_us=0 t_mask_us=0 t_upload_us=40 t_total_us=120 alloc_compose_dst=0 alloc_resample_dst=0 alloc_xmap=0 alloc_mask=0 key_hash=0x9f3a2b1c4d5e6f70
2026-08-14T04:02:04.372000Z DEBUG actor{actor="emo-text"}: areka_emo_present::presenter::timing: perf(apply_show): 段階別計時 target_id=TargetId(0) surface_id=1000 cache_hit=true t_cache_us=80 t_compose_us=0 t_resample_us=0 t_mask_us=0 t_upload_us=40 t_total_us=120 alloc_compose_dst=0 alloc_resample_dst=0 alloc_xmap=0 alloc_mask=0 key_hash=0x9f3a2b1c4d5e6f70
2026-08-14T04:02:04.400000Z INFO actor{actor=seriko}: areka_seriko::looper: seriko: loop 抽選発火（再生開始・先頭コマから・要件 2.1/2.2） scope="0" slot=Shell animation_id=1400 k=4
2026-08-14T04:02:04.400000Z DEBUG actor{actor="emo-text"}: areka_emo_present::presenter::timing: perf(apply_show): 段階別計時 target_id=TargetId(0) surface_id=1000 cache_hit=true t_cache_us=80 t_compose_us=0 t_resample_us=0 t_mask_us=0 t_upload_us=40 t_total_us=120 alloc_compose_dst=0 alloc_resample_dst=0 alloc_xmap=0 alloc_mask=0 key_hash=0x9f3a2b1c4d5e6f70
2026-08-14T04:02:04.550000Z DEBUG actor{actor="emo-text"}: areka_emo_present::presenter::timing: perf(apply_show): 段階別計時 target_id=TargetId(0) surface_id=1000 cache_hit=true t_cache_us=80 t_compose_us=0 t_resample_us=0 t_mask_us=0 t_upload_us=40 t_total_us=120 alloc_compose_dst=0 alloc_resample_dst=0 alloc_xmap=0 alloc_mask=0 key_hash=0x9f3a2b1c4d5e6f70
2026-08-14T04:02:04.572000Z DEBUG actor{actor="emo-text"}: areka_emo_present::presenter::timing: perf(apply_show): 段階別計時 target_id=TargetId(0) surface_id=1000 cache_hit=true t_cache_us=80 t_compose_us=0 t_resample_us=0 t_mask_us=0 t_upload_us=40 t_total_us=120 alloc_compose_dst=0 alloc_resample_dst=0 alloc_xmap=0 alloc_mask=0 key_hash=0x9f3a2b1c4d5e6f70
2026-08-14T04:02:04.600000Z INFO actor{actor=seriko}: areka_seriko::looper: seriko: loop 抽選発火（再生開始・先頭コマから・要件 2.1/2.2） scope="0" slot=Shell animation_id=1400 k=4
2026-08-14T04:02:04.600000Z DEBUG actor{actor="emo-text"}: areka_emo_present::presenter::timing: perf(apply_show): 段階別計時 target_id=TargetId(0) surface_id=1000 cache_hit=true t_cache_us=80 t_compose_us=0 t_resample_us=0 t_mask_us=0 t_upload_us=40 t_total_us=120 alloc_compose_dst=0 alloc_resample_dst=0 alloc_xmap=0 alloc_mask=0 key_hash=0x9f3a2b1c4d5e6f70
2026-08-14T04:02:04.600000Z INFO actor{actor=seriko}: areka_seriko::looper: seriko: loop 抽選発火（再生開始・先頭コマから・要件 2.1/2.2） scope="0" slot=Shell animation_id=1402 k=4
2026-08-14T04:02:04.600000Z DEBUG actor{actor="emo-text"}: areka_emo_present::presenter::timing: perf(apply_show): 段階別計時 target_id=TargetId(0) surface_id=1000 cache_hit=true t_cache_us=80 t_compose_us=0 t_resample_us=0 t_mask_us=0 t_upload_us=40 t_total_us=120 alloc_compose_dst=0 alloc_resample_dst=0 alloc_xmap=0 alloc_mask=0 key_hash=0x9f3a2b1c4d5e6f70
2026-08-14T04:02:04.750000Z DEBUG actor{actor="emo-text"}: areka_emo_present::presenter::timing: perf(apply_show): 段階別計時 target_id=TargetId(0) surface_id=1000 cache_hit=true t_cache_us=80 t_compose_us=0 t_resample_us=0 t_mask_us=0 t_upload_us=40 t_total_us=120 alloc_compose_dst=0 alloc_resample_dst=0 alloc_xmap=0 alloc_mask=0 key_hash=0x9f3a2b1c4d5e6f70
2026-08-14T04:02:04.772000Z DEBUG actor{actor="emo-text"}: areka_emo_present::presenter::timing: perf(apply_show): 段階別計時 target_id=TargetId(0) surface_id=1000 cache_hit=true t_cache_us=80 t_compose_us=0 t_resample_us=0 t_mask_us=0 t_upload_us=40 t_total_us=120 alloc_compose_dst=0 alloc_resample_dst=0 alloc_xmap=0 alloc_mask=0 key_hash=0x9f3a2b1c4d5e6f70
2026-08-14T04:02:04.800000Z INFO actor{actor=seriko}: areka_seriko::looper: seriko: loop 抽選発火（再生開始・先頭コマから・要件 2.1/2.2） scope="0" slot=Shell animation_id=1400 k=4
2026-08-14T04:02:04.800000Z DEBUG actor{actor="emo-text"}: areka_emo_present::presenter::timing: perf(apply_show): 段階別計時 target_id=TargetId(0) surface_id=1000 cache_hit=true t_cache_us=80 t_compose_us=0 t_resample_us=0 t_mask_us=0 t_upload_us=40 t_total_us=120 alloc_compose_dst=0 alloc_resample_dst=0 alloc_xmap=0 alloc_mask=0 key_hash=0x9f3a2b1c4d5e6f70
2026-08-14T04:02:04.950000Z DEBUG actor{actor="emo-text"}: areka_emo_present::presenter::timing: perf(apply_show): 段階別計時 target_id=TargetId(0) surface_id=1000 cache_hit=true t_cache_us=80 t_compose_us=0 t_resample_us=0 t_mask_us=0 t_upload_us=40 t_total_us=120 alloc_compose_dst=0 alloc_resample_dst=0 alloc_xmap=0 alloc_mask=0 key_hash=0x9f3a2b1c4d5e6f70
2026-08-14T04:02:04.972000Z DEBUG actor{actor="emo-text"}: areka_emo_present::presenter::timing: perf(apply_show): 段階別計時 target_id=TargetId(0) surface_id=1000 cache_hit=true t_cache_us=80 t_compose_us=0 t_resample_us=0 t_mask_us=0 t_upload_us=40 t_total_us=120 alloc_compose_dst=0 alloc_resample_dst=0 alloc_xmap=0 alloc_mask=0 key_hash=0x9f3a2b1c4d5e6f70
2026-08-14T04:02:05.000000Z INFO actor{actor=seriko}: areka_seriko::looper: seriko: loop 抽選発火（再生開始・先頭コマから・要件 2.1/2.2） scope="0" slot=Shell animation_id=1400 k=4
2026-08-14T04:02:05.000000Z DEBUG actor{actor="emo-text"}: areka_emo_present::presenter::timing: perf(apply_show): 段階別計時 target_id=TargetId(0) surface_id=1000 cache_hit=true t_cache_us=80 t_compose_us=0 t_resample_us=0 t_mask_us=0 t_upload_us=40 t_total_us=120 alloc_compose_dst=0 alloc_resample_dst=0 alloc_xmap=0 alloc_mask=0 key_hash=0x9f3a2b1c4d5e6f70
2026-08-14T04:02:05.150000Z DEBUG actor{actor="emo-text"}: areka_emo_present::presenter::timing: perf(apply_show): 段階別計時 target_id=TargetId(0) surface_id=1000 cache_hit=true t_cache_us=80 t_compose_us=0 t_resample_us=0 t_mask_us=0 t_upload_us=40 t_total_us=120 alloc_compose_dst=0 alloc_resample_dst=0 alloc_xmap=0 alloc_mask=0 key_hash=0x9f3a2b1c4d5e6f70
2026-08-14T04:02:05.172000Z DEBUG actor{actor="emo-text"}: areka_emo_present::presenter::timing: perf(apply_show): 段階別計時 target_id=TargetId(0) surface_id=1000 cache_hit=true t_cache_us=80 t_compose_us=0 t_resample_us=0 t_mask_us=0 t_upload_us=40 t_total_us=120 alloc_compose_dst=0 alloc_resample_dst=0 alloc_xmap=0 alloc_mask=0 key_hash=0x9f3a2b1c4d5e6f70
2026-08-14T04:02:05.200000Z INFO actor{actor=seriko}: areka_seriko::looper: seriko: loop 抽選発火（再生開始・先頭コマから・要件 2.1/2.2） scope="0" slot=Shell animation_id=1400 k=4
2026-08-14T04:02:05.200000Z DEBUG actor{actor="emo-text"}: areka_emo_present::presenter::timing: perf(apply_show): 段階別計時 target_id=TargetId(0) surface_id=1000 cache_hit=true t_cache_us=80 t_compose_us=0 t_resample_us=0 t_mask_us=0 t_upload_us=40 t_total_us=120 alloc_compose_dst=0 alloc_resample_dst=0 alloc_xmap=0 alloc_mask=0 key_hash=0x9f3a2b1c4d5e6f70
2026-08-14T04:02:05.300000Z INFO actor{actor=seriko}: areka_seriko::looper: seriko: loop 抽選発火（再生開始・先頭コマから・要件 2.1/2.2） scope="0" slot=Shell animation_id=1402 k=4
2026-08-14T04:02:05.300000Z DEBUG actor{actor="emo-text"}: areka_emo_present::presenter::timing: perf(apply_show): 段階別計時 target_id=TargetId(0) surface_id=1000 cache_hit=true t_cache_us=80 t_compose_us=0 t_resample_us=0 t_mask_us=0 t_upload_us=40 t_total_us=120 alloc_compose_dst=0 alloc_resample_dst=0 alloc_xmap=0 alloc_mask=0 key_hash=0x9f3a2b1c4d5e6f70
2026-08-14T04:02:05.350000Z DEBUG actor{actor="emo-text"}: areka_emo_present::presenter::timing: perf(apply_show): 段階別計時 target_id=TargetId(0) surface_id=1000 cache_hit=true t_cache_us=80 t_compose_us=0 t_resample_us=0 t_mask_us=0 t_upload_us=40 t_total_us=120 alloc_compose_dst=0 alloc_resample_dst=0 alloc_xmap=0 alloc_mask=0 key_hash=0x9f3a2b1c4d5e6f70
2026-08-14T04:02:05.372000Z DEBUG actor{actor="emo-text"}: areka_emo_present::presenter::timing: perf(apply_show): 段階別計時 target_id=TargetId(0) surface_id=1000 cache_hit=true t_cache_us=80 t_compose_us=0 t_resample_us=0 t_mask_us=0 t_upload_us=40 t_total_us=120 alloc_compose_dst=0 alloc_resample_dst=0 alloc_xmap=0 alloc_mask=0 key_hash=0x9f3a2b1c4d5e6f70
2026-08-14T04:02:05.400000Z INFO actor{actor=seriko}: areka_seriko::looper: seriko: loop 抽選発火（再生開始・先頭コマから・要件 2.1/2.2） scope="0" slot=Shell animation_id=1400 k=4
2026-08-14T04:02:05.400000Z DEBUG actor{actor="emo-text"}: areka_emo_present::presenter::timing: perf(apply_show): 段階別計時 target_id=TargetId(0) surface_id=1000 cache_hit=true t_cache_us=80 t_compose_us=0 t_resample_us=0 t_mask_us=0 t_upload_us=40 t_total_us=120 alloc_compose_dst=0 alloc_resample_dst=0 alloc_xmap=0 alloc_mask=0 key_hash=0x9f3a2b1c4d5e6f70
2026-08-14T04:02:05.550000Z DEBUG actor{actor="emo-text"}: areka_emo_present::presenter::timing: perf(apply_show): 段階別計時 target_id=TargetId(0) surface_id=1000 cache_hit=true t_cache_us=80 t_compose_us=0 t_resample_us=0 t_mask_us=0 t_upload_us=40 t_total_us=120 alloc_compose_dst=0 alloc_resample_dst=0 alloc_xmap=0 alloc_mask=0 key_hash=0x9f3a2b1c4d5e6f70
2026-08-14T04:02:05.572000Z DEBUG actor{actor="emo-text"}: areka_emo_present::presenter::timing: perf(apply_show): 段階別計時 target_id=TargetId(0) surface_id=1000 cache_hit=true t_cache_us=80 t_compose_us=0 t_resample_us=0 t_mask_us=0 t_upload_us=40 t_total_us=120 alloc_compose_dst=0 alloc_resample_dst=0 alloc_xmap=0 alloc_mask=0 key_hash=0x9f3a2b1c4d5e6f70
2026-08-14T04:02:05.600000Z INFO actor{actor=seriko}: areka_seriko::looper: seriko: loop 抽選発火（再生開始・先頭コマから・要件 2.1/2.2） scope="0" slot=Shell animation_id=1400 k=4
2026-08-14T04:02:05.600000Z DEBUG actor{actor="emo-text"}: areka_emo_present::presenter::timing: perf(apply_show): 段階別計時 target_id=TargetId(0) surface_id=1000 cache_hit=true t_cache_us=80 t_compose_us=0 t_resample_us=0 t_mask_us=0 t_upload_us=40 t_total_us=120 alloc_compose_dst=0 alloc_resample_dst=0 alloc_xmap=0 alloc_mask=0 key_hash=0x9f3a2b1c4d5e6f70
2026-08-14T04:02:05.750000Z DEBUG actor{actor="emo-text"}: areka_emo_present::presenter::timing: perf(apply_show): 段階別計時 target_id=TargetId(0) surface_id=1000 cache_hit=true t_cache_us=80 t_compose_us=0 t_resample_us=0 t_mask_us=0 t_upload_us=40 t_total_us=120 alloc_compose_dst=0 alloc_resample_dst=0 alloc_xmap=0 alloc_mask=0 key_hash=0x9f3a2b1c4d5e6f70
2026-08-14T04:02:05.772000Z DEBUG actor{actor="emo-text"}: areka_emo_present::presenter::timing: perf(apply_show): 段階別計時 target_id=TargetId(0) surface_id=1000 cache_hit=true t_cache_us=80 t_compose_us=0 t_resample_us=0 t_mask_us=0 t_upload_us=40 t_total_us=120 alloc_compose_dst=0 alloc_resample_dst=0 alloc_xmap=0 alloc_mask=0 key_hash=0x9f3a2b1c4d5e6f70
2026-08-14T04:02:05.800000Z INFO actor{actor=seriko}: areka_seriko::looper: seriko: loop 抽選発火（再生開始・先頭コマから・要件 2.1/2.2） scope="0" slot=Shell animation_id=1400 k=4
2026-08-14T04:02:05.800000Z DEBUG actor{actor="emo-text"}: areka_emo_present::presenter::timing: perf(apply_show): 段階別計時 target_id=TargetId(0) surface_id=1000 cache_hit=true t_cache_us=80 t_compose_us=0 t_resample_us=0 t_mask_us=0 t_upload_us=40 t_total_us=120 alloc_compose_dst=0 alloc_resample_dst=0 alloc_xmap=0 alloc_mask=0 key_hash=0x9f3a2b1c4d5e6f70
2026-08-14T04:02:05.950000Z DEBUG actor{actor="emo-text"}: areka_emo_present::presenter::timing: perf(apply_show): 段階別計時 target_id=TargetId(0) surface_id=1000 cache_hit=true t_cache_us=80 t_compose_us=0 t_resample_us=0 t_mask_us=0 t_upload_us=40 t_total_us=120 alloc_compose_dst=0 alloc_resample_dst=0 alloc_xmap=0 alloc_mask=0 key_hash=0x9f3a2b1c4d5e6f70
2026-08-14T04:02:05.972000Z DEBUG actor{actor="emo-text"}: areka_emo_present::presenter::timing: perf(apply_show): 段階別計時 target_id=TargetId(0) surface_id=1000 cache_hit=true t_cache_us=80 t_compose_us=0 t_resample_us=0 t_mask_us=0 t_upload_us=40 t_total_us=120 alloc_compose_dst=0 alloc_resample_dst=0 alloc_xmap=0 alloc_mask=0 key_hash=0x9f3a2b1c4d5e6f70
2026-08-14T04:02:06.000000Z INFO actor{actor=seriko}: areka_seriko::looper: seriko: loop 抽選発火（再生開始・先頭コマから・要件 2.1/2.2） scope="0" slot=Shell animation_id=1400 k=4
2026-08-14T04:02:06.000000Z DEBUG actor{actor="emo-text"}: areka_emo_present::presenter::timing: perf(apply_show): 段階別計時 target_id=TargetId(0) surface_id=1000 cache_hit=true t_cache_us=80 t_compose_us=0 t_resample_us=0 t_mask_us=0 t_upload_us=40 t_total_us=120 alloc_compose_dst=0 alloc_resample_dst=0 alloc_xmap=0 alloc_mask=0 key_hash=0x9f3a2b1c4d5e6f70
2026-08-14T04:02:06.000000Z INFO actor{actor=seriko}: areka_seriko::looper: seriko: loop 抽選発火（再生開始・先頭コマから・要件 2.1/2.2） scope="0" slot=Shell animation_id=1402 k=4
2026-08-14T04:02:06.000000Z DEBUG actor{actor="emo-text"}: areka_emo_present::presenter::timing: perf(apply_show): 段階別計時 target_id=TargetId(0) surface_id=1000 cache_hit=true t_cache_us=80 t_compose_us=0 t_resample_us=0 t_mask_us=0 t_upload_us=40 t_total_us=120 alloc_compose_dst=0 alloc_resample_dst=0 alloc_xmap=0 alloc_mask=0 key_hash=0x9f3a2b1c4d5e6f70
2026-08-14T04:02:06.150000Z DEBUG actor{actor="emo-text"}: areka_emo_present::presenter::timing: perf(apply_show): 段階別計時 target_id=TargetId(0) surface_id=1000 cache_hit=true t_cache_us=80 t_compose_us=0 t_resample_us=0 t_mask_us=0 t_upload_us=40 t_total_us=120 alloc_compose_dst=0 alloc_resample_dst=0 alloc_xmap=0 alloc_mask=0 key_hash=0x9f3a2b1c4d5e6f70
2026-08-14T04:02:06.172000Z DEBUG actor{actor="emo-text"}: areka_emo_present::presenter::timing: perf(apply_show): 段階別計時 target_id=TargetId(0) surface_id=1000 cache_hit=true t_cache_us=80 t_compose_us=0 t_resample_us=0 t_mask_us=0 t_upload_us=40 t_total_us=120 alloc_compose_dst=0 alloc_resample_dst=0 alloc_xmap=0 alloc_mask=0 key_hash=0x9f3a2b1c4d5e6f70
2026-08-14T04:02:06.200000Z INFO actor{actor=seriko}: areka_seriko::looper: seriko: loop 抽選発火（再生開始・先頭コマから・要件 2.1/2.2） scope="0" slot=Shell animation_id=1400 k=4
2026-08-14T04:02:06.200000Z DEBUG actor{actor="emo-text"}: areka_emo_present::presenter::timing: perf(apply_show): 段階別計時 target_id=TargetId(0) surface_id=1000 cache_hit=true t_cache_us=80 t_compose_us=0 t_resample_us=0 t_mask_us=0 t_upload_us=40 t_total_us=120 alloc_compose_dst=0 alloc_resample_dst=0 alloc_xmap=0 alloc_mask=0 key_hash=0x9f3a2b1c4d5e6f70
2026-08-14T04:02:06.350000Z DEBUG actor{actor="emo-text"}: areka_emo_present::presenter::timing: perf(apply_show): 段階別計時 target_id=TargetId(0) surface_id=1000 cache_hit=true t_cache_us=80 t_compose_us=0 t_resample_us=0 t_mask_us=0 t_upload_us=40 t_total_us=120 alloc_compose_dst=0 alloc_resample_dst=0 alloc_xmap=0 alloc_mask=0 key_hash=0x9f3a2b1c4d5e6f70
2026-08-14T04:02:06.372000Z DEBUG actor{actor="emo-text"}: areka_emo_present::presenter::timing: perf(apply_show): 段階別計時 target_id=TargetId(0) surface_id=1000 cache_hit=true t_cache_us=80 t_compose_us=0 t_resample_us=0 t_mask_us=0 t_upload_us=40 t_total_us=120 alloc_compose_dst=0 alloc_resample_dst=0 alloc_xmap=0 alloc_mask=0 key_hash=0x9f3a2b1c4d5e6f70
2026-08-14T04:02:06.400000Z INFO actor{actor=seriko}: areka_seriko::looper: seriko: loop 抽選発火（再生開始・先頭コマから・要件 2.1/2.2） scope="0" slot=Shell animation_id=1400 k=4
2026-08-14T04:02:06.400000Z DEBUG actor{actor="emo-text"}: areka_emo_present::presenter::timing: perf(apply_show): 段階別計時 target_id=TargetId(0) surface_id=1000 cache_hit=true t_cache_us=80 t_compose_us=0 t_resample_us=0 t_mask_us=0 t_upload_us=40 t_total_us=120 alloc_compose_dst=0 alloc_resample_dst=0 alloc_xmap=0 alloc_mask=0 key_hash=0x9f3a2b1c4d5e6f70
2026-08-14T04:02:06.550000Z DEBUG actor{actor="emo-text"}: areka_emo_present::presenter::timing: perf(apply_show): 段階別計時 target_id=TargetId(0) surface_id=1000 cache_hit=true t_cache_us=80 t_compose_us=0 t_resample_us=0 t_mask_us=0 t_upload_us=40 t_total_us=120 alloc_compose_dst=0 alloc_resample_dst=0 alloc_xmap=0 alloc_mask=0 key_hash=0x9f3a2b1c4d5e6f70
2026-08-14T04:02:06.572000Z DEBUG actor{actor="emo-text"}: areka_emo_present::presenter::timing: perf(apply_show): 段階別計時 target_id=TargetId(0) surface_id=1000 cache_hit=true t_cache_us=80 t_compose_us=0 t_resample_us=0 t_mask_us=0 t_upload_us=40 t_total_us=120 alloc_compose_dst=0 alloc_resample_dst=0 alloc_xmap=0 alloc_mask=0 key_hash=0x9f3a2b1c4d5e6f70
2026-08-14T04:02:06.600000Z INFO actor{actor=seriko}: areka_seriko::looper: seriko: loop 抽選発火（再生開始・先頭コマから・要件 2.1/2.2） scope="0" slot=Shell animation_id=1400 k=4
2026-08-14T04:02:06.600000Z DEBUG actor{actor="emo-text"}: areka_emo_present::presenter::timing: perf(apply_show): 段階別計時 target_id=TargetId(0) surface_id=1000 cache_hit=true t_cache_us=80 t_compose_us=0 t_resample_us=0 t_mask_us=0 t_upload_us=40 t_total_us=120 alloc_compose_dst=0 alloc_resample_dst=0 alloc_xmap=0 alloc_mask=0 key_hash=0x9f3a2b1c4d5e6f70
2026-08-14T04:02:06.700000Z INFO actor{actor=seriko}: areka_seriko::looper: seriko: loop 抽選発火（再生開始・先頭コマから・要件 2.1/2.2） scope="0" slot=Shell animation_id=1402 k=4
2026-08-14T04:02:06.700000Z DEBUG actor{actor="emo-text"}: areka_emo_present::presenter::timing: perf(apply_show): 段階別計時 target_id=TargetId(0) surface_id=1000 cache_hit=true t_cache_us=80 t_compose_us=0 t_resample_us=0 t_mask_us=0 t_upload_us=40 t_total_us=120 alloc_compose_dst=0 alloc_resample_dst=0 alloc_xmap=0 alloc_mask=0 key_hash=0x9f3a2b1c4d5e6f70
2026-08-14T04:02:06.750000Z DEBUG actor{actor="emo-text"}: areka_emo_present::presenter::timing: perf(apply_show): 段階別計時 target_id=TargetId(0) surface_id=1000 cache_hit=true t_cache_us=80 t_compose_us=0 t_resample_us=0 t_mask_us=0 t_upload_us=40 t_total_us=120 alloc_compose_dst=0 alloc_resample_dst=0 alloc_xmap=0 alloc_mask=0 key_hash=0x9f3a2b1c4d5e6f70
2026-08-14T04:02:06.772000Z DEBUG actor{actor="emo-text"}: areka_emo_present::presenter::timing: perf(apply_show): 段階別計時 target_id=TargetId(0) surface_id=1000 cache_hit=true t_cache_us=80 t_compose_us=0 t_resample_us=0 t_mask_us=0 t_upload_us=40 t_total_us=120 alloc_compose_dst=0 alloc_resample_dst=0 alloc_xmap=0 alloc_mask=0 key_hash=0x9f3a2b1c4d5e6f70
2026-08-14T04:02:06.800000Z INFO actor{actor=seriko}: areka_seriko::looper: seriko: loop 抽選発火（再生開始・先頭コマから・要件 2.1/2.2） scope="0" slot=Shell animation_id=1400 k=4
2026-08-14T04:02:06.800000Z DEBUG actor{actor="emo-text"}: areka_emo_present::presenter::timing: perf(apply_show): 段階別計時 target_id=TargetId(0) surface_id=1000 cache_hit=true t_cache_us=80 t_compose_us=0 t_resample_us=0 t_mask_us=0 t_upload_us=40 t_total_us=120 alloc_compose_dst=0 alloc_resample_dst=0 alloc_xmap=0 alloc_mask=0 key_hash=0x9f3a2b1c4d5e6f70
2026-08-14T04:02:06.950000Z DEBUG actor{actor="emo-text"}: areka_emo_present::presenter::timing: perf(apply_show): 段階別計時 target_id=TargetId(0) surface_id=1000 cache_hit=true t_cache_us=80 t_compose_us=0 t_resample_us=0 t_mask_us=0 t_upload_us=40 t_total_us=120 alloc_compose_dst=0 alloc_resample_dst=0 alloc_xmap=0 alloc_mask=0 key_hash=0x9f3a2b1c4d5e6f70
2026-08-14T04:02:06.972000Z DEBUG actor{actor="emo-text"}: areka_emo_present::presenter::timing: perf(apply_show): 段階別計時 target_id=TargetId(0) surface_id=1000 cache_hit=true t_cache_us=80 t_compose_us=0 t_resample_us=0 t_mask_us=0 t_upload_us=40 t_total_us=120 alloc_compose_dst=0 alloc_resample_dst=0 alloc_xmap=0 alloc_mask=0 key_hash=0x9f3a2b1c4d5e6f70
2026-08-14T04:02:07.000000Z INFO actor{actor=seriko}: areka_seriko::looper: seriko: loop 抽選発火（再生開始・先頭コマから・要件 2.1/2.2） scope="0" slot=Shell animation_id=1400 k=4
2026-08-14T04:02:07.000000Z DEBUG actor{actor="emo-text"}: areka_emo_present::presenter::timing: perf(apply_show): 段階別計時 target_id=TargetId(0) surface_id=1000 cache_hit=true t_cache_us=80 t_compose_us=0 t_resample_us=0 t_mask_us=0 t_upload_us=40 t_total_us=120 alloc_compose_dst=0 alloc_resample_dst=0 alloc_xmap=0 alloc_mask=0 key_hash=0x9f3a2b1c4d5e6f70
2026-08-14T04:02:07.150000Z DEBUG actor{actor="emo-text"}: areka_emo_present::presenter::timing: perf(apply_show): 段階別計時 target_id=TargetId(0) surface_id=1000 cache_hit=true t_cache_us=80 t_compose_us=0 t_resample_us=0 t_mask_us=0 t_upload_us=40 t_total_us=120 alloc_compose_dst=0 alloc_resample_dst=0 alloc_xmap=0 alloc_mask=0 key_hash=0x9f3a2b1c4d5e6f70
2026-08-14T04:02:07.172000Z DEBUG actor{actor="emo-text"}: areka_emo_present::presenter::timing: perf(apply_show): 段階別計時 target_id=TargetId(0) surface_id=1000 cache_hit=true t_cache_us=80 t_compose_us=0 t_resample_us=0 t_mask_us=0 t_upload_us=40 t_total_us=120 alloc_compose_dst=0 alloc_resample_dst=0 alloc_xmap=0 alloc_mask=0 key_hash=0x9f3a2b1c4d5e6f70
2026-08-14T04:02:07.200000Z INFO actor{actor=seriko}: areka_seriko::looper: seriko: loop 抽選発火（再生開始・先頭コマから・要件 2.1/2.2） scope="0" slot=Shell animation_id=1400 k=4
2026-08-14T04:02:07.200000Z DEBUG actor{actor="emo-text"}: areka_emo_present::presenter::timing: perf(apply_show): 段階別計時 target_id=TargetId(0) surface_id=1000 cache_hit=true t_cache_us=80 t_compose_us=0 t_resample_us=0 t_mask_us=0 t_upload_us=40 t_total_us=120 alloc_compose_dst=0 alloc_resample_dst=0 alloc_xmap=0 alloc_mask=0 key_hash=0x9f3a2b1c4d5e6f70
2026-08-14T04:02:07.350000Z DEBUG actor{actor="emo-text"}: areka_emo_present::presenter::timing: perf(apply_show): 段階別計時 target_id=TargetId(0) surface_id=1000 cache_hit=true t_cache_us=80 t_compose_us=0 t_resample_us=0 t_mask_us=0 t_upload_us=40 t_total_us=120 alloc_compose_dst=0 alloc_resample_dst=0 alloc_xmap=0 alloc_mask=0 key_hash=0x9f3a2b1c4d5e6f70
2026-08-14T04:02:07.372000Z DEBUG actor{actor="emo-text"}: areka_emo_present::presenter::timing: perf(apply_show): 段階別計時 target_id=TargetId(0) surface_id=1000 cache_hit=true t_cache_us=80 t_compose_us=0 t_resample_us=0 t_mask_us=0 t_upload_us=40 t_total_us=120 alloc_compose_dst=0 alloc_resample_dst=0 alloc_xmap=0 alloc_mask=0 key_hash=0x9f3a2b1c4d5e6f70
2026-08-14T04:02:07.400000Z INFO actor{actor=seriko}: areka_seriko::looper: seriko: loop 抽選発火（再生開始・先頭コマから・要件 2.1/2.2） scope="0" slot=Shell animation_id=1400 k=4
2026-08-14T04:02:07.400000Z DEBUG actor{actor="emo-text"}: areka_emo_present::presenter::timing: perf(apply_show): 段階別計時 target_id=TargetId(0) surface_id=1000 cache_hit=true t_cache_us=80 t_compose_us=0 t_resample_us=0 t_mask_us=0 t_upload_us=40 t_total_us=120 alloc_compose_dst=0 alloc_resample_dst=0 alloc_xmap=0 alloc_mask=0 key_hash=0x9f3a2b1c4d5e6f70
2026-08-14T04:02:07.400000Z INFO actor{actor=seriko}: areka_seriko::looper: seriko: loop 抽選発火（再生開始・先頭コマから・要件 2.1/2.2） scope="0" slot=Shell animation_id=1402 k=4
2026-08-14T04:02:07.400000Z DEBUG actor{actor="emo-text"}: areka_emo_present::presenter::timing: perf(apply_show): 段階別計時 target_id=TargetId(0) surface_id=1000 cache_hit=true t_cache_us=80 t_compose_us=0 t_resample_us=0 t_mask_us=0 t_upload_us=40 t_total_us=120 alloc_compose_dst=0 alloc_resample_dst=0 alloc_xmap=0 alloc_mask=0 key_hash=0x9f3a2b1c4d5e6f70
2026-08-14T04:02:07.550000Z DEBUG actor{actor="emo-text"}: areka_emo_present::presenter::timing: perf(apply_show): 段階別計時 target_id=TargetId(0) surface_id=1000 cache_hit=true t_cache_us=80 t_compose_us=0 t_resample_us=0 t_mask_us=0 t_upload_us=40 t_total_us=120 alloc_compose_dst=0 alloc_resample_dst=0 alloc_xmap=0 alloc_mask=0 key_hash=0x9f3a2b1c4d5e6f70
2026-08-14T04:02:07.572000Z DEBUG actor{actor="emo-text"}: areka_emo_present::presenter::timing: perf(apply_show): 段階別計時 target_id=TargetId(0) surface_id=1000 cache_hit=true t_cache_us=80 t_compose_us=0 t_resample_us=0 t_mask_us=0 t_upload_us=40 t_total_us=120 alloc_compose_dst=0 alloc_resample_dst=0 alloc_xmap=0 alloc_mask=0 key_hash=0x9f3a2b1c4d5e6f70
2026-08-14T04:02:07.600000Z INFO actor{actor=seriko}: areka_seriko::looper: seriko: loop 抽選発火（再生開始・先頭コマから・要件 2.1/2.2） scope="0" slot=Shell animation_id=1400 k=4
2026-08-14T04:02:07.600000Z DEBUG actor{actor="emo-text"}: areka_emo_present::presenter::timing: perf(apply_show): 段階別計時 target_id=TargetId(0) surface_id=1000 cache_hit=true t_cache_us=80 t_compose_us=0 t_resample_us=0 t_mask_us=0 t_upload_us=40 t_total_us=120 alloc_compose_dst=0 alloc_resample_dst=0 alloc_xmap=0 alloc_mask=0 key_hash=0x9f3a2b1c4d5e6f70
2026-08-14T04:02:07.750000Z DEBUG actor{actor="emo-text"}: areka_emo_present::presenter::timing: perf(apply_show): 段階別計時 target_id=TargetId(0) surface_id=1000 cache_hit=true t_cache_us=80 t_compose_us=0 t_resample_us=0 t_mask_us=0 t_upload_us=40 t_total_us=120 alloc_compose_dst=0 alloc_resample_dst=0 alloc_xmap=0 alloc_mask=0 key_hash=0x9f3a2b1c4d5e6f70
2026-08-14T04:02:07.772000Z DEBUG actor{actor="emo-text"}: areka_emo_present::presenter::timing: perf(apply_show): 段階別計時 target_id=TargetId(0) surface_id=1000 cache_hit=true t_cache_us=80 t_compose_us=0 t_resample_us=0 t_mask_us=0 t_upload_us=40 t_total_us=120 alloc_compose_dst=0 alloc_resample_dst=0 alloc_xmap=0 alloc_mask=0 key_hash=0x9f3a2b1c4d5e6f70
2026-08-14T04:02:07.800000Z INFO actor{actor=seriko}: areka_seriko::looper: seriko: loop 抽選発火（再生開始・先頭コマから・要件 2.1/2.2） scope="0" slot=Shell animation_id=1400 k=4
2026-08-14T04:02:07.800000Z DEBUG actor{actor="emo-text"}: areka_emo_present::presenter::timing: perf(apply_show): 段階別計時 target_id=TargetId(0) surface_id=1000 cache_hit=true t_cache_us=80 t_compose_us=0 t_resample_us=0 t_mask_us=0 t_upload_us=40 t_total_us=120 alloc_compose_dst=0 alloc_resample_dst=0 alloc_xmap=0 alloc_mask=0 key_hash=0x9f3a2b1c4d5e6f70
2026-08-14T04:02:07.950000Z DEBUG actor{actor="emo-text"}: areka_emo_present::presenter::timing: perf(apply_show): 段階別計時 target_id=TargetId(0) surface_id=1000 cache_hit=true t_cache_us=80 t_compose_us=0 t_resample_us=0 t_mask_us=0 t_upload_us=40 t_total_us=120 alloc_compose_dst=0 alloc_resample_dst=0 alloc_xmap=0 alloc_mask=0 key_hash=0x9f3a2b1c4d5e6f70
2026-08-14T04:02:07.972000Z DEBUG actor{actor="emo-text"}: areka_emo_present::presenter::timing: perf(apply_show): 段階別計時 target_id=TargetId(0) surface_id=1000 cache_hit=true t_cache_us=80 t_compose_us=0 t_resample_us=0 t_mask_us=0 t_upload_us=40 t_total_us=120 alloc_compose_dst=0 alloc_resample_dst=0 alloc_xmap=0 alloc_mask=0 key_hash=0x9f3a2b1c4d5e6f70
2026-08-14T04:02:08.000000Z INFO actor{actor=seriko}: areka_seriko::looper: seriko: loop 抽選発火（再生開始・先頭コマから・要件 2.1/2.2） scope="0" slot=Shell animation_id=1400 k=4
2026-08-14T04:02:08.000000Z DEBUG actor{actor="emo-text"}: areka_emo_present::presenter::timing: perf(apply_show): 段階別計時 target_id=TargetId(0) surface_id=1000 cache_hit=true t_cache_us=80 t_compose_us=0 t_resample_us=0 t_mask_us=0 t_upload_us=40 t_total_us=120 alloc_compose_dst=0 alloc_resample_dst=0 alloc_xmap=0 alloc_mask=0 key_hash=0x9f3a2b1c4d5e6f70
2026-08-14T04:02:08.100000Z INFO actor{actor=seriko}: areka_seriko::looper: seriko: loop 抽選発火（再生開始・先頭コマから・要件 2.1/2.2） scope="0" slot=Shell animation_id=1402 k=4
2026-08-14T04:02:08.100000Z DEBUG actor{actor="emo-text"}: areka_emo_present::presenter::timing: perf(apply_show): 段階別計時 target_id=TargetId(0) surface_id=1000 cache_hit=true t_cache_us=80 t_compose_us=0 t_resample_us=0 t_mask_us=0 t_upload_us=40 t_total_us=120 alloc_compose_dst=0 alloc_resample_dst=0 alloc_xmap=0 alloc_mask=0 key_hash=0x9f3a2b1c4d5e6f70
2026-08-14T04:02:08.150000Z DEBUG actor{actor="emo-text"}: areka_emo_present::presenter::timing: perf(apply_show): 段階別計時 target_id=TargetId(0) surface_id=1000 cache_hit=true t_cache_us=80 t_compose_us=0 t_resample_us=0 t_mask_us=0 t_upload_us=40 t_total_us=120 alloc_compose_dst=0 alloc_resample_dst=0 alloc_xmap=0 alloc_mask=0 key_hash=0x9f3a2b1c4d5e6f70
2026-08-14T04:02:08.172000Z DEBUG actor{actor="emo-text"}: areka_emo_present::presenter::timing: perf(apply_show): 段階別計時 target_id=TargetId(0) surface_id=1000 cache_hit=true t_cache_us=80 t_compose_us=0 t_resample_us=0 t_mask_us=0 t_upload_us=40 t_total_us=120 alloc_compose_dst=0 alloc_resample_dst=0 alloc_xmap=0 alloc_mask=0 key_hash=0x9f3a2b1c4d5e6f70
2026-08-14T04:02:08.200000Z INFO actor{actor=seriko}: areka_seriko::looper: seriko: loop 抽選発火（再生開始・先頭コマから・要件 2.1/2.2） scope="0" slot=Shell animation_id=1400 k=4
2026-08-14T04:02:08.200000Z DEBUG actor{actor="emo-text"}: areka_emo_present::presenter::timing: perf(apply_show): 段階別計時 target_id=TargetId(0) surface_id=1000 cache_hit=true t_cache_us=80 t_compose_us=0 t_resample_us=0 t_mask_us=0 t_upload_us=40 t_total_us=120 alloc_compose_dst=0 alloc_resample_dst=0 alloc_xmap=0 alloc_mask=0 key_hash=0x9f3a2b1c4d5e6f70
2026-08-14T04:02:08.350000Z DEBUG actor{actor="emo-text"}: areka_emo_present::presenter::timing: perf(apply_show): 段階別計時 target_id=TargetId(0) surface_id=1000 cache_hit=true t_cache_us=80 t_compose_us=0 t_resample_us=0 t_mask_us=0 t_upload_us=40 t_total_us=120 alloc_compose_dst=0 alloc_resample_dst=0 alloc_xmap=0 alloc_mask=0 key_hash=0x9f3a2b1c4d5e6f70
2026-08-14T04:02:08.372000Z DEBUG actor{actor="emo-text"}: areka_emo_present::presenter::timing: perf(apply_show): 段階別計時 target_id=TargetId(0) surface_id=1000 cache_hit=true t_cache_us=80 t_compose_us=0 t_resample_us=0 t_mask_us=0 t_upload_us=40 t_total_us=120 alloc_compose_dst=0 alloc_resample_dst=0 alloc_xmap=0 alloc_mask=0 key_hash=0x9f3a2b1c4d5e6f70
2026-08-14T04:02:08.400000Z INFO actor{actor=seriko}: areka_seriko::looper: seriko: loop 抽選発火（再生開始・先頭コマから・要件 2.1/2.2） scope="0" slot=Shell animation_id=1400 k=4
2026-08-14T04:02:08.400000Z DEBUG actor{actor="emo-text"}: areka_emo_present::presenter::timing: perf(apply_show): 段階別計時 target_id=TargetId(0) surface_id=1000 cache_hit=true t_cache_us=80 t_compose_us=0 t_resample_us=0 t_mask_us=0 t_upload_us=40 t_total_us=120 alloc_compose_dst=0 alloc_resample_dst=0 alloc_xmap=0 alloc_mask=0 key_hash=0x9f3a2b1c4d5e6f70
2026-08-14T04:02:08.550000Z DEBUG actor{actor="emo-text"}: areka_emo_present::presenter::timing: perf(apply_show): 段階別計時 target_id=TargetId(0) surface_id=1000 cache_hit=true t_cache_us=80 t_compose_us=0 t_resample_us=0 t_mask_us=0 t_upload_us=40 t_total_us=120 alloc_compose_dst=0 alloc_resample_dst=0 alloc_xmap=0 alloc_mask=0 key_hash=0x9f3a2b1c4d5e6f70
2026-08-14T04:02:08.572000Z DEBUG actor{actor="emo-text"}: areka_emo_present::presenter::timing: perf(apply_show): 段階別計時 target_id=TargetId(0) surface_id=1000 cache_hit=true t_cache_us=80 t_compose_us=0 t_resample_us=0 t_mask_us=0 t_upload_us=40 t_total_us=120 alloc_compose_dst=0 alloc_resample_dst=0 alloc_xmap=0 alloc_mask=0 key_hash=0x9f3a2b1c4d5e6f70
2026-08-14T04:02:08.600000Z INFO actor{actor=seriko}: areka_seriko::looper: seriko: loop 抽選発火（再生開始・先頭コマから・要件 2.1/2.2） scope="0" slot=Shell animation_id=1400 k=4
2026-08-14T04:02:08.600000Z DEBUG actor{actor="emo-text"}: areka_emo_present::presenter::timing: perf(apply_show): 段階別計時 target_id=TargetId(0) surface_id=1000 cache_hit=true t_cache_us=80 t_compose_us=0 t_resample_us=0 t_mask_us=0 t_upload_us=40 t_total_us=120 alloc_compose_dst=0 alloc_resample_dst=0 alloc_xmap=0 alloc_mask=0 key_hash=0x9f3a2b1c4d5e6f70
2026-08-14T04:02:08.750000Z DEBUG actor{actor="emo-text"}: areka_emo_present::presenter::timing: perf(apply_show): 段階別計時 target_id=TargetId(0) surface_id=1000 cache_hit=true t_cache_us=80 t_compose_us=0 t_resample_us=0 t_mask_us=0 t_upload_us=40 t_total_us=120 alloc_compose_dst=0 alloc_resample_dst=0 alloc_xmap=0 alloc_mask=0 key_hash=0x9f3a2b1c4d5e6f70
2026-08-14T04:02:08.772000Z DEBUG actor{actor="emo-text"}: areka_emo_present::presenter::timing: perf(apply_show): 段階別計時 target_id=TargetId(0) surface_id=1000 cache_hit=true t_cache_us=80 t_compose_us=0 t_resample_us=0 t_mask_us=0 t_upload_us=40 t_total_us=120 alloc_compose_dst=0 alloc_resample_dst=0 alloc_xmap=0 alloc_mask=0 key_hash=0x9f3a2b1c4d5e6f70
2026-08-14T04:02:08.800000Z INFO actor{actor=seriko}: areka_seriko::looper: seriko: loop 抽選発火（再生開始・先頭コマから・要件 2.1/2.2） scope="0" slot=Shell animation_id=1400 k=4
2026-08-14T04:02:08.800000Z DEBUG actor{actor="emo-text"}: areka_emo_present::presenter::timing: perf(apply_show): 段階別計時 target_id=TargetId(0) surface_id=1000 cache_hit=true t_cache_us=80 t_compose_us=0 t_resample_us=0 t_mask_us=0 t_upload_us=40 t_total_us=120 alloc_compose_dst=0 alloc_resample_dst=0 alloc_xmap=0 alloc_mask=0 key_hash=0x9f3a2b1c4d5e6f70
2026-08-14T04:02:08.800000Z INFO actor{actor=seriko}: areka_seriko::looper: seriko: loop 抽選発火（再生開始・先頭コマから・要件 2.1/2.2） scope="0" slot=Shell animation_id=1402 k=4
2026-08-14T04:02:08.800000Z DEBUG actor{actor="emo-text"}: areka_emo_present::presenter::timing: perf(apply_show): 段階別計時 target_id=TargetId(0) surface_id=1000 cache_hit=true t_cache_us=80 t_compose_us=0 t_resample_us=0 t_mask_us=0 t_upload_us=40 t_total_us=120 alloc_compose_dst=0 alloc_resample_dst=0 alloc_xmap=0 alloc_mask=0 key_hash=0x9f3a2b1c4d5e6f70
2026-08-14T04:02:08.950000Z DEBUG actor{actor="emo-text"}: areka_emo_present::presenter::timing: perf(apply_show): 段階別計時 target_id=TargetId(0) surface_id=1000 cache_hit=true t_cache_us=80 t_compose_us=0 t_resample_us=0 t_mask_us=0 t_upload_us=40 t_total_us=120 alloc_compose_dst=0 alloc_resample_dst=0 alloc_xmap=0 alloc_mask=0 key_hash=0x9f3a2b1c4d5e6f70
2026-08-14T04:02:08.972000Z DEBUG actor{actor="emo-text"}: areka_emo_present::presenter::timing: perf(apply_show): 段階別計時 target_id=TargetId(0) surface_id=1000 cache_hit=true t_cache_us=80 t_compose_us=0 t_resample_us=0 t_mask_us=0 t_upload_us=40 t_total_us=120 alloc_compose_dst=0 alloc_resample_dst=0 alloc_xmap=0 alloc_mask=0 key_hash=0x9f3a2b1c4d5e6f70
2026-08-14T04:02:09.000000Z INFO actor{actor=seriko}: areka_seriko::looper: seriko: loop 抽選発火（再生開始・先頭コマから・要件 2.1/2.2） scope="0" slot=Shell animation_id=1400 k=4
2026-08-14T04:02:09.000000Z DEBUG actor{actor="emo-text"}: areka_emo_present::presenter::timing: perf(apply_show): 段階別計時 target_id=TargetId(0) surface_id=1000 cache_hit=true t_cache_us=80 t_compose_us=0 t_resample_us=0 t_mask_us=0 t_upload_us=40 t_total_us=120 alloc_compose_dst=0 alloc_resample_dst=0 alloc_xmap=0 alloc_mask=0 key_hash=0x9f3a2b1c4d5e6f70
2026-08-14T04:02:09.150000Z DEBUG actor{actor="emo-text"}: areka_emo_present::presenter::timing: perf(apply_show): 段階別計時 target_id=TargetId(0) surface_id=1000 cache_hit=true t_cache_us=80 t_compose_us=0 t_resample_us=0 t_mask_us=0 t_upload_us=40 t_total_us=120 alloc_compose_dst=0 alloc_resample_dst=0 alloc_xmap=0 alloc_mask=0 key_hash=0x9f3a2b1c4d5e6f70
2026-08-14T04:02:09.172000Z DEBUG actor{actor="emo-text"}: areka_emo_present::presenter::timing: perf(apply_show): 段階別計時 target_id=TargetId(0) surface_id=1000 cache_hit=true t_cache_us=80 t_compose_us=0 t_resample_us=0 t_mask_us=0 t_upload_us=40 t_total_us=120 alloc_compose_dst=0 alloc_resample_dst=0 alloc_xmap=0 alloc_mask=0 key_hash=0x9f3a2b1c4d5e6f70
2026-08-14T04:02:09.200000Z INFO actor{actor=seriko}: areka_seriko::looper: seriko: loop 抽選発火（再生開始・先頭コマから・要件 2.1/2.2） scope="0" slot=Shell animation_id=1400 k=4
2026-08-14T04:02:09.200000Z DEBUG actor{actor="emo-text"}: areka_emo_present::presenter::timing: perf(apply_show): 段階別計時 target_id=TargetId(0) surface_id=1000 cache_hit=true t_cache_us=80 t_compose_us=0 t_resample_us=0 t_mask_us=0 t_upload_us=40 t_total_us=120 alloc_compose_dst=0 alloc_resample_dst=0 alloc_xmap=0 alloc_mask=0 key_hash=0x9f3a2b1c4d5e6f70
2026-08-14T04:02:09.350000Z DEBUG actor{actor="emo-text"}: areka_emo_present::presenter::timing: perf(apply_show): 段階別計時 target_id=TargetId(0) surface_id=1000 cache_hit=true t_cache_us=80 t_compose_us=0 t_resample_us=0 t_mask_us=0 t_upload_us=40 t_total_us=120 alloc_compose_dst=0 alloc_resample_dst=0 alloc_xmap=0 alloc_mask=0 key_hash=0x9f3a2b1c4d5e6f70
2026-08-14T04:02:09.372000Z DEBUG actor{actor="emo-text"}: areka_emo_present::presenter::timing: perf(apply_show): 段階別計時 target_id=TargetId(0) surface_id=1000 cache_hit=true t_cache_us=80 t_compose_us=0 t_resample_us=0 t_mask_us=0 t_upload_us=40 t_total_us=120 alloc_compose_dst=0 alloc_resample_dst=0 alloc_xmap=0 alloc_mask=0 key_hash=0x9f3a2b1c4d5e6f70
2026-08-14T04:02:09.400000Z INFO actor{actor=seriko}: areka_seriko::looper: seriko: loop 抽選発火（再生開始・先頭コマから・要件 2.1/2.2） scope="0" slot=Shell animation_id=1400 k=4
2026-08-14T04:02:09.400000Z DEBUG actor{actor="emo-text"}: areka_emo_present::presenter::timing: perf(apply_show): 段階別計時 target_id=TargetId(0) surface_id=1000 cache_hit=true t_cache_us=80 t_compose_us=0 t_resample_us=0 t_mask_us=0 t_upload_us=40 t_total_us=120 alloc_compose_dst=0 alloc_resample_dst=0 alloc_xmap=0 alloc_mask=0 key_hash=0x9f3a2b1c4d5e6f70
2026-08-14T04:02:09.500000Z INFO actor{actor=seriko}: areka_seriko::looper: seriko: loop 抽選発火（再生開始・先頭コマから・要件 2.1/2.2） scope="0" slot=Shell animation_id=1402 k=4
2026-08-14T04:02:09.500000Z DEBUG actor{actor="emo-text"}: areka_emo_present::presenter::timing: perf(apply_show): 段階別計時 target_id=TargetId(0) surface_id=1000 cache_hit=true t_cache_us=80 t_compose_us=0 t_resample_us=0 t_mask_us=0 t_upload_us=40 t_total_us=120 alloc_compose_dst=0 alloc_resample_dst=0 alloc_xmap=0 alloc_mask=0 key_hash=0x9f3a2b1c4d5e6f70
2026-08-14T04:02:09.550000Z DEBUG actor{actor="emo-text"}: areka_emo_present::presenter::timing: perf(apply_show): 段階別計時 target_id=TargetId(0) surface_id=1000 cache_hit=true t_cache_us=80 t_compose_us=0 t_resample_us=0 t_mask_us=0 t_upload_us=40 t_total_us=120 alloc_compose_dst=0 alloc_resample_dst=0 alloc_xmap=0 alloc_mask=0 key_hash=0x9f3a2b1c4d5e6f70
2026-08-14T04:02:09.572000Z DEBUG actor{actor="emo-text"}: areka_emo_present::presenter::timing: perf(apply_show): 段階別計時 target_id=TargetId(0) surface_id=1000 cache_hit=true t_cache_us=80 t_compose_us=0 t_resample_us=0 t_mask_us=0 t_upload_us=40 t_total_us=120 alloc_compose_dst=0 alloc_resample_dst=0 alloc_xmap=0 alloc_mask=0 key_hash=0x9f3a2b1c4d5e6f70
2026-08-14T04:02:09.600000Z INFO actor{actor=seriko}: areka_seriko::looper: seriko: loop 抽選発火（再生開始・先頭コマから・要件 2.1/2.2） scope="0" slot=Shell animation_id=1400 k=4
2026-08-14T04:02:09.600000Z DEBUG actor{actor="emo-text"}: areka_emo_present::presenter::timing: perf(apply_show): 段階別計時 target_id=TargetId(0) surface_id=1000 cache_hit=true t_cache_us=80 t_compose_us=0 t_resample_us=0 t_mask_us=0 t_upload_us=40 t_total_us=120 alloc_compose_dst=0 alloc_resample_dst=0 alloc_xmap=0 alloc_mask=0 key_hash=0x9f3a2b1c4d5e6f70
2026-08-14T04:02:09.750000Z DEBUG actor{actor="emo-text"}: areka_emo_present::presenter::timing: perf(apply_show): 段階別計時 target_id=TargetId(0) surface_id=1000 cache_hit=true t_cache_us=80 t_compose_us=0 t_resample_us=0 t_mask_us=0 t_upload_us=40 t_total_us=120 alloc_compose_dst=0 alloc_resample_dst=0 alloc_xmap=0 alloc_mask=0 key_hash=0x9f3a2b1c4d5e6f70
2026-08-14T04:02:09.772000Z DEBUG actor{actor="emo-text"}: areka_emo_present::presenter::timing: perf(apply_show): 段階別計時 target_id=TargetId(0) surface_id=1000 cache_hit=true t_cache_us=80 t_compose_us=0 t_resample_us=0 t_mask_us=0 t_upload_us=40 t_total_us=120 alloc_compose_dst=0 alloc_resample_dst=0 alloc_xmap=0 alloc_mask=0 key_hash=0x9f3a2b1c4d5e6f70
2026-08-14T04:02:09.800000Z INFO actor{actor=seriko}: areka_seriko::looper: seriko: loop 抽選発火（再生開始・先頭コマから・要件 2.1/2.2） scope="0" slot=Shell animation_id=1400 k=4
2026-08-14T04:02:09.800000Z DEBUG actor{actor="emo-text"}: areka_emo_present::presenter::timing: perf(apply_show): 段階別計時 target_id=TargetId(0) surface_id=1000 cache_hit=true t_cache_us=80 t_compose_us=0 t_resample_us=0 t_mask_us=0 t_upload_us=40 t_total_us=120 alloc_compose_dst=0 alloc_resample_dst=0 alloc_xmap=0 alloc_mask=0 key_hash=0x9f3a2b1c4d5e6f70
2026-08-14T04:02:09.950000Z DEBUG actor{actor="emo-text"}: areka_emo_present::presenter::timing: perf(apply_show): 段階別計時 target_id=TargetId(0) surface_id=1000 cache_hit=true t_cache_us=80 t_compose_us=0 t_resample_us=0 t_mask_us=0 t_upload_us=40 t_total_us=120 alloc_compose_dst=0 alloc_resample_dst=0 alloc_xmap=0 alloc_mask=0 key_hash=0x9f3a2b1c4d5e6f70
2026-08-14T04:02:09.972000Z DEBUG actor{actor="emo-text"}: areka_emo_present::presenter::timing: perf(apply_show): 段階別計時 target_id=TargetId(0) surface_id=1000 cache_hit=true t_cache_us=80 t_compose_us=0 t_resample_us=0 t_mask_us=0 t_upload_us=40 t_total_us=120 alloc_compose_dst=0 alloc_resample_dst=0 alloc_xmap=0 alloc_mask=0 key_hash=0x9f3a2b1c4d5e6f70
2026-08-14T04:02:10.000000Z INFO actor{actor=seriko}: areka_seriko::looper: seriko: loop 抽選発火（再生開始・先頭コマから・要件 2.1/2.2） scope="0" slot=Shell animation_id=1400 k=4
2026-08-14T04:02:10.000000Z DEBUG actor{actor="emo-text"}: areka_emo_present::presenter::timing: perf(apply_show): 段階別計時 target_id=TargetId(0) surface_id=1000 cache_hit=true t_cache_us=80 t_compose_us=0 t_resample_us=0 t_mask_us=0 t_upload_us=40 t_total_us=120 alloc_compose_dst=0 alloc_resample_dst=0 alloc_xmap=0 alloc_mask=0 key_hash=0x9f3a2b1c4d5e6f70
2026-08-14T04:02:10.150000Z DEBUG actor{actor="emo-text"}: areka_emo_present::presenter::timing: perf(apply_show): 段階別計時 target_id=TargetId(0) surface_id=1000 cache_hit=true t_cache_us=80 t_compose_us=0 t_resample_us=0 t_mask_us=0 t_upload_us=40 t_total_us=120 alloc_compose_dst=0 alloc_resample_dst=0 alloc_xmap=0 alloc_mask=0 key_hash=0x9f3a2b1c4d5e6f70
2026-08-14T04:02:10.172000Z DEBUG actor{actor="emo-text"}: areka_emo_present::presenter::timing: perf(apply_show): 段階別計時 target_id=TargetId(0) surface_id=1000 cache_hit=true t_cache_us=80 t_compose_us=0 t_resample_us=0 t_mask_us=0 t_upload_us=40 t_total_us=120 alloc_compose_dst=0 alloc_resample_dst=0 alloc_xmap=0 alloc_mask=0 key_hash=0x9f3a2b1c4d5e6f70
2026-08-14T04:02:10.200000Z INFO actor{actor=seriko}: areka_seriko::looper: seriko: loop 抽選発火（再生開始・先頭コマから・要件 2.1/2.2） scope="0" slot=Shell animation_id=1400 k=4
2026-08-14T04:02:10.200000Z DEBUG actor{actor="emo-text"}: areka_emo_present::presenter::timing: perf(apply_show): 段階別計時 target_id=TargetId(0) surface_id=1000 cache_hit=true t_cache_us=80 t_compose_us=0 t_resample_us=0 t_mask_us=0 t_upload_us=40 t_total_us=120 alloc_compose_dst=0 alloc_resample_dst=0 alloc_xmap=0 alloc_mask=0 key_hash=0x9f3a2b1c4d5e6f70
2026-08-14T04:02:10.200000Z INFO actor{actor=seriko}: areka_seriko::looper: seriko: loop 抽選発火（再生開始・先頭コマから・要件 2.1/2.2） scope="0" slot=Shell animation_id=1402 k=4
2026-08-14T04:02:10.200000Z DEBUG actor{actor="emo-text"}: areka_emo_present::presenter::timing: perf(apply_show): 段階別計時 target_id=TargetId(0) surface_id=1000 cache_hit=true t_cache_us=80 t_compose_us=0 t_resample_us=0 t_mask_us=0 t_upload_us=40 t_total_us=120 alloc_compose_dst=0 alloc_resample_dst=0 alloc_xmap=0 alloc_mask=0 key_hash=0x9f3a2b1c4d5e6f70
2026-08-14T04:02:10.350000Z DEBUG actor{actor="emo-text"}: areka_emo_present::presenter::timing: perf(apply_show): 段階別計時 target_id=TargetId(0) surface_id=1000 cache_hit=true t_cache_us=80 t_compose_us=0 t_resample_us=0 t_mask_us=0 t_upload_us=40 t_total_us=120 alloc_compose_dst=0 alloc_resample_dst=0 alloc_xmap=0 alloc_mask=0 key_hash=0x9f3a2b1c4d5e6f70
2026-08-14T04:02:10.372000Z DEBUG actor{actor="emo-text"}: areka_emo_present::presenter::timing: perf(apply_show): 段階別計時 target_id=TargetId(0) surface_id=1000 cache_hit=true t_cache_us=80 t_compose_us=0 t_resample_us=0 t_mask_us=0 t_upload_us=40 t_total_us=120 alloc_compose_dst=0 alloc_resample_dst=0 alloc_xmap=0 alloc_mask=0 key_hash=0x9f3a2b1c4d5e6f70
2026-08-14T04:02:10.400000Z INFO actor{actor=seriko}: areka_seriko::looper: seriko: loop 抽選発火（再生開始・先頭コマから・要件 2.1/2.2） scope="0" slot=Shell animation_id=1400 k=4
2026-08-14T04:02:10.400000Z DEBUG actor{actor="emo-text"}: areka_emo_present::presenter::timing: perf(apply_show): 段階別計時 target_id=TargetId(0) surface_id=1000 cache_hit=true t_cache_us=80 t_compose_us=0 t_resample_us=0 t_mask_us=0 t_upload_us=40 t_total_us=120 alloc_compose_dst=0 alloc_resample_dst=0 alloc_xmap=0 alloc_mask=0 key_hash=0x9f3a2b1c4d5e6f70
2026-08-14T04:02:10.550000Z DEBUG actor{actor="emo-text"}: areka_emo_present::presenter::timing: perf(apply_show): 段階別計時 target_id=TargetId(0) surface_id=1000 cache_hit=true t_cache_us=80 t_compose_us=0 t_resample_us=0 t_mask_us=0 t_upload_us=40 t_total_us=120 alloc_compose_dst=0 alloc_resample_dst=0 alloc_xmap=0 alloc_mask=0 key_hash=0x9f3a2b1c4d5e6f70
2026-08-14T04:02:10.572000Z DEBUG actor{actor="emo-text"}: areka_emo_present::presenter::timing: perf(apply_show): 段階別計時 target_id=TargetId(0) surface_id=1000 cache_hit=true t_cache_us=80 t_compose_us=0 t_resample_us=0 t_mask_us=0 t_upload_us=40 t_total_us=120 alloc_compose_dst=0 alloc_resample_dst=0 alloc_xmap=0 alloc_mask=0 key_hash=0x9f3a2b1c4d5e6f70
2026-08-14T04:02:10.600000Z INFO actor{actor=seriko}: areka_seriko::looper: seriko: loop 抽選発火（再生開始・先頭コマから・要件 2.1/2.2） scope="0" slot=Shell animation_id=1400 k=4
2026-08-14T04:02:10.600000Z DEBUG actor{actor="emo-text"}: areka_emo_present::presenter::timing: perf(apply_show): 段階別計時 target_id=TargetId(0) surface_id=1000 cache_hit=true t_cache_us=80 t_compose_us=0 t_resample_us=0 t_mask_us=0 t_upload_us=40 t_total_us=120 alloc_compose_dst=0 alloc_resample_dst=0 alloc_xmap=0 alloc_mask=0 key_hash=0x9f3a2b1c4d5e6f70
2026-08-14T04:02:10.750000Z DEBUG actor{actor="emo-text"}: areka_emo_present::presenter::timing: perf(apply_show): 段階別計時 target_id=TargetId(0) surface_id=1000 cache_hit=true t_cache_us=80 t_compose_us=0 t_resample_us=0 t_mask_us=0 t_upload_us=40 t_total_us=120 alloc_compose_dst=0 alloc_resample_dst=0 alloc_xmap=0 alloc_mask=0 key_hash=0x9f3a2b1c4d5e6f70
2026-08-14T04:02:10.772000Z DEBUG actor{actor="emo-text"}: areka_emo_present::presenter::timing: perf(apply_show): 段階別計時 target_id=TargetId(0) surface_id=1000 cache_hit=true t_cache_us=80 t_compose_us=0 t_resample_us=0 t_mask_us=0 t_upload_us=40 t_total_us=120 alloc_compose_dst=0 alloc_resample_dst=0 alloc_xmap=0 alloc_mask=0 key_hash=0x9f3a2b1c4d5e6f70
2026-08-14T04:02:10.800000Z INFO actor{actor=seriko}: areka_seriko::looper: seriko: loop 抽選発火（再生開始・先頭コマから・要件 2.1/2.2） scope="0" slot=Shell animation_id=1400 k=4
2026-08-14T04:02:10.800000Z DEBUG actor{actor="emo-text"}: areka_emo_present::presenter::timing: perf(apply_show): 段階別計時 target_id=TargetId(0) surface_id=1000 cache_hit=true t_cache_us=80 t_compose_us=0 t_resample_us=0 t_mask_us=0 t_upload_us=40 t_total_us=120 alloc_compose_dst=0 alloc_resample_dst=0 alloc_xmap=0 alloc_mask=0 key_hash=0x9f3a2b1c4d5e6f70
2026-08-14T04:02:10.900000Z INFO actor{actor=seriko}: areka_seriko::looper: seriko: loop 抽選発火（再生開始・先頭コマから・要件 2.1/2.2） scope="0" slot=Shell animation_id=1402 k=4
2026-08-14T04:02:10.900000Z DEBUG actor{actor="emo-text"}: areka_emo_present::presenter::timing: perf(apply_show): 段階別計時 target_id=TargetId(0) surface_id=1000 cache_hit=true t_cache_us=80 t_compose_us=0 t_resample_us=0 t_mask_us=0 t_upload_us=40 t_total_us=120 alloc_compose_dst=0 alloc_resample_dst=0 alloc_xmap=0 alloc_mask=0 key_hash=0x9f3a2b1c4d5e6f70
2026-08-14T04:02:10.950000Z DEBUG actor{actor="emo-text"}: areka_emo_present::presenter::timing: perf(apply_show): 段階別計時 target_id=TargetId(0) surface_id=1000 cache_hit=true t_cache_us=80 t_compose_us=0 t_resample_us=0 t_mask_us=0 t_upload_us=40 t_total_us=120 alloc_compose_dst=0 alloc_resample_dst=0 alloc_xmap=0 alloc_mask=0 key_hash=0x9f3a2b1c4d5e6f70
2026-08-14T04:02:10.972000Z DEBUG actor{actor="emo-text"}: areka_emo_present::presenter::timing: perf(apply_show): 段階別計時 target_id=TargetId(0) surface_id=1000 cache_hit=true t_cache_us=80 t_compose_us=0 t_resample_us=0 t_mask_us=0 t_upload_us=40 t_total_us=120 alloc_compose_dst=0 alloc_resample_dst=0 alloc_xmap=0 alloc_mask=0 key_hash=0x9f3a2b1c4d5e6f70
2026-08-14T04:02:11.000000Z INFO actor{actor=seriko}: areka_seriko::looper: seriko: loop 抽選発火（再生開始・先頭コマから・要件 2.1/2.2） scope="0" slot=Shell animation_id=1400 k=4
2026-08-14T04:02:11.000000Z DEBUG actor{actor="emo-text"}: areka_emo_present::presenter::timing: perf(apply_show): 段階別計時 target_id=TargetId(0) surface_id=1000 cache_hit=true t_cache_us=80 t_compose_us=0 t_resample_us=0 t_mask_us=0 t_upload_us=40 t_total_us=120 alloc_compose_dst=0 alloc_resample_dst=0 alloc_xmap=0 alloc_mask=0 key_hash=0x9f3a2b1c4d5e6f70
2026-08-14T04:02:11.150000Z DEBUG actor{actor="emo-text"}: areka_emo_present::presenter::timing: perf(apply_show): 段階別計時 target_id=TargetId(0) surface_id=1000 cache_hit=true t_cache_us=80 t_compose_us=0 t_resample_us=0 t_mask_us=0 t_upload_us=40 t_total_us=120 alloc_compose_dst=0 alloc_resample_dst=0 alloc_xmap=0 alloc_mask=0 key_hash=0x9f3a2b1c4d5e6f70
2026-08-14T04:02:11.172000Z DEBUG actor{actor="emo-text"}: areka_emo_present::presenter::timing: perf(apply_show): 段階別計時 target_id=TargetId(0) surface_id=1000 cache_hit=true t_cache_us=80 t_compose_us=0 t_resample_us=0 t_mask_us=0 t_upload_us=40 t_total_us=120 alloc_compose_dst=0 alloc_resample_dst=0 alloc_xmap=0 alloc_mask=0 key_hash=0x9f3a2b1c4d5e6f70
2026-08-14T04:02:11.200000Z INFO actor{actor=seriko}: areka_seriko::looper: seriko: loop 抽選発火（再生開始・先頭コマから・要件 2.1/2.2） scope="0" slot=Shell animation_id=1400 k=4
2026-08-14T04:02:11.200000Z DEBUG actor{actor="emo-text"}: areka_emo_present::presenter::timing: perf(apply_show): 段階別計時 target_id=TargetId(0) surface_id=1000 cache_hit=true t_cache_us=80 t_compose_us=0 t_resample_us=0 t_mask_us=0 t_upload_us=40 t_total_us=120 alloc_compose_dst=0 alloc_resample_dst=0 alloc_xmap=0 alloc_mask=0 key_hash=0x9f3a2b1c4d5e6f70
2026-08-14T04:02:11.350000Z DEBUG actor{actor="emo-text"}: areka_emo_present::presenter::timing: perf(apply_show): 段階別計時 target_id=TargetId(0) surface_id=1000 cache_hit=true t_cache_us=80 t_compose_us=0 t_resample_us=0 t_mask_us=0 t_upload_us=40 t_total_us=120 alloc_compose_dst=0 alloc_resample_dst=0 alloc_xmap=0 alloc_mask=0 key_hash=0x9f3a2b1c4d5e6f70
2026-08-14T04:02:11.372000Z DEBUG actor{actor="emo-text"}: areka_emo_present::presenter::timing: perf(apply_show): 段階別計時 target_id=TargetId(0) surface_id=1000 cache_hit=true t_cache_us=80 t_compose_us=0 t_resample_us=0 t_mask_us=0 t_upload_us=40 t_total_us=120 alloc_compose_dst=0 alloc_resample_dst=0 alloc_xmap=0 alloc_mask=0 key_hash=0x9f3a2b1c4d5e6f70
2026-08-14T04:02:11.400000Z INFO actor{actor=seriko}: areka_seriko::looper: seriko: loop 抽選発火（再生開始・先頭コマから・要件 2.1/2.2） scope="0" slot=Shell animation_id=1400 k=4
2026-08-14T04:02:11.400000Z DEBUG actor{actor="emo-text"}: areka_emo_present::presenter::timing: perf(apply_show): 段階別計時 target_id=TargetId(0) surface_id=1000 cache_hit=true t_cache_us=80 t_compose_us=0 t_resample_us=0 t_mask_us=0 t_upload_us=40 t_total_us=120 alloc_compose_dst=0 alloc_resample_dst=0 alloc_xmap=0 alloc_mask=0 key_hash=0x9f3a2b1c4d5e6f70
2026-08-14T04:02:11.550000Z DEBUG actor{actor="emo-text"}: areka_emo_present::presenter::timing: perf(apply_show): 段階別計時 target_id=TargetId(0) surface_id=1000 cache_hit=true t_cache_us=80 t_compose_us=0 t_resample_us=0 t_mask_us=0 t_upload_us=40 t_total_us=120 alloc_compose_dst=0 alloc_resample_dst=0 alloc_xmap=0 alloc_mask=0 key_hash=0x9f3a2b1c4d5e6f70
2026-08-14T04:02:11.572000Z DEBUG actor{actor="emo-text"}: areka_emo_present::presenter::timing: perf(apply_show): 段階別計時 target_id=TargetId(0) surface_id=1000 cache_hit=true t_cache_us=80 t_compose_us=0 t_resample_us=0 t_mask_us=0 t_upload_us=40 t_total_us=120 alloc_compose_dst=0 alloc_resample_dst=0 alloc_xmap=0 alloc_mask=0 key_hash=0x9f3a2b1c4d5e6f70
2026-08-14T04:02:11.600000Z INFO actor{actor=seriko}: areka_seriko::looper: seriko: loop 抽選発火（再生開始・先頭コマから・要件 2.1/2.2） scope="0" slot=Shell animation_id=1400 k=4
2026-08-14T04:02:11.600000Z DEBUG actor{actor="emo-text"}: areka_emo_present::presenter::timing: perf(apply_show): 段階別計時 target_id=TargetId(0) surface_id=1000 cache_hit=true t_cache_us=80 t_compose_us=0 t_resample_us=0 t_mask_us=0 t_upload_us=40 t_total_us=120 alloc_compose_dst=0 alloc_resample_dst=0 alloc_xmap=0 alloc_mask=0 key_hash=0x9f3a2b1c4d5e6f70
2026-08-14T04:02:11.600000Z INFO actor{actor=seriko}: areka_seriko::looper: seriko: loop 抽選発火（再生開始・先頭コマから・要件 2.1/2.2） scope="0" slot=Shell animation_id=1402 k=4
2026-08-14T04:02:11.600000Z DEBUG actor{actor="emo-text"}: areka_emo_present::presenter::timing: perf(apply_show): 段階別計時 target_id=TargetId(0) surface_id=1000 cache_hit=true t_cache_us=80 t_compose_us=0 t_resample_us=0 t_mask_us=0 t_upload_us=40 t_total_us=120 alloc_compose_dst=0 alloc_resample_dst=0 alloc_xmap=0 alloc_mask=0 key_hash=0x9f3a2b1c4d5e6f70
2026-08-14T04:02:11.750000Z DEBUG actor{actor="emo-text"}: areka_emo_present::presenter::timing: perf(apply_show): 段階別計時 target_id=TargetId(0) surface_id=1000 cache_hit=true t_cache_us=80 t_compose_us=0 t_resample_us=0 t_mask_us=0 t_upload_us=40 t_total_us=120 alloc_compose_dst=0 alloc_resample_dst=0 alloc_xmap=0 alloc_mask=0 key_hash=0x9f3a2b1c4d5e6f70
2026-08-14T04:02:11.772000Z DEBUG actor{actor="emo-text"}: areka_emo_present::presenter::timing: perf(apply_show): 段階別計時 target_id=TargetId(0) surface_id=1000 cache_hit=true t_cache_us=80 t_compose_us=0 t_resample_us=0 t_mask_us=0 t_upload_us=40 t_total_us=120 alloc_compose_dst=0 alloc_resample_dst=0 alloc_xmap=0 alloc_mask=0 key_hash=0x9f3a2b1c4d5e6f70
2026-08-14T04:02:11.800000Z INFO actor{actor=seriko}: areka_seriko::looper: seriko: loop 抽選発火（再生開始・先頭コマから・要件 2.1/2.2） scope="0" slot=Shell animation_id=1400 k=4
2026-08-14T04:02:11.800000Z DEBUG actor{actor="emo-text"}: areka_emo_present::presenter::timing: perf(apply_show): 段階別計時 target_id=TargetId(0) surface_id=1000 cache_hit=true t_cache_us=80 t_compose_us=0 t_resample_us=0 t_mask_us=0 t_upload_us=40 t_total_us=120 alloc_compose_dst=0 alloc_resample_dst=0 alloc_xmap=0 alloc_mask=0 key_hash=0x9f3a2b1c4d5e6f70
2026-08-14T04:02:11.950000Z DEBUG actor{actor="emo-text"}: areka_emo_present::presenter::timing: perf(apply_show): 段階別計時 target_id=TargetId(0) surface_id=1000 cache_hit=true t_cache_us=80 t_compose_us=0 t_resample_us=0 t_mask_us=0 t_upload_us=40 t_total_us=120 alloc_compose_dst=0 alloc_resample_dst=0 alloc_xmap=0 alloc_mask=0 key_hash=0x9f3a2b1c4d5e6f70
2026-08-14T04:02:11.972000Z DEBUG actor{actor="emo-text"}: areka_emo_present::presenter::timing: perf(apply_show): 段階別計時 target_id=TargetId(0) surface_id=1000 cache_hit=true t_cache_us=80 t_compose_us=0 t_resample_us=0 t_mask_us=0 t_upload_us=40 t_total_us=120 alloc_compose_dst=0 alloc_resample_dst=0 alloc_xmap=0 alloc_mask=0 key_hash=0x9f3a2b1c4d5e6f70
2026-08-14T04:02:12.000000Z INFO actor{actor=seriko}: areka_seriko::looper: seriko: loop 抽選発火（再生開始・先頭コマから・要件 2.1/2.2） scope="0" slot=Shell animation_id=1400 k=4
2026-08-14T04:02:12.000000Z DEBUG actor{actor="emo-text"}: areka_emo_present::presenter::timing: perf(apply_show): 段階別計時 target_id=TargetId(0) surface_id=1000 cache_hit=true t_cache_us=80 t_compose_us=0 t_resample_us=0 t_mask_us=0 t_upload_us=40 t_total_us=120 alloc_compose_dst=0 alloc_resample_dst=0 alloc_xmap=0 alloc_mask=0 key_hash=0x9f3a2b1c4d5e6f70
2026-08-14T04:02:12.150000Z DEBUG actor{actor="emo-text"}: areka_emo_present::presenter::timing: perf(apply_show): 段階別計時 target_id=TargetId(0) surface_id=1000 cache_hit=true t_cache_us=80 t_compose_us=0 t_resample_us=0 t_mask_us=0 t_upload_us=40 t_total_us=120 alloc_compose_dst=0 alloc_resample_dst=0 alloc_xmap=0 alloc_mask=0 key_hash=0x9f3a2b1c4d5e6f70
2026-08-14T04:02:12.172000Z DEBUG actor{actor="emo-text"}: areka_emo_present::presenter::timing: perf(apply_show): 段階別計時 target_id=TargetId(0) surface_id=1000 cache_hit=true t_cache_us=80 t_compose_us=0 t_resample_us=0 t_mask_us=0 t_upload_us=40 t_total_us=120 alloc_compose_dst=0 alloc_resample_dst=0 alloc_xmap=0 alloc_mask=0 key_hash=0x9f3a2b1c4d5e6f70
2026-08-14T04:02:12.200000Z INFO actor{actor=seriko}: areka_seriko::looper: seriko: loop 抽選発火（再生開始・先頭コマから・要件 2.1/2.2） scope="0" slot=Shell animation_id=1400 k=4
2026-08-14T04:02:12.200000Z DEBUG actor{actor="emo-text"}: areka_emo_present::presenter::timing: perf(apply_show): 段階別計時 target_id=TargetId(0) surface_id=1000 cache_hit=true t_cache_us=80 t_compose_us=0 t_resample_us=0 t_mask_us=0 t_upload_us=40 t_total_us=120 alloc_compose_dst=0 alloc_resample_dst=0 alloc_xmap=0 alloc_mask=0 key_hash=0x9f3a2b1c4d5e6f70
2026-08-14T04:02:12.300000Z INFO actor{actor=seriko}: areka_seriko::looper: seriko: loop 抽選発火（再生開始・先頭コマから・要件 2.1/2.2） scope="0" slot=Shell animation_id=1402 k=4
2026-08-14T04:02:12.300000Z DEBUG actor{actor="emo-text"}: areka_emo_present::presenter::timing: perf(apply_show): 段階別計時 target_id=TargetId(0) surface_id=1000 cache_hit=true t_cache_us=80 t_compose_us=0 t_resample_us=0 t_mask_us=0 t_upload_us=40 t_total_us=120 alloc_compose_dst=0 alloc_resample_dst=0 alloc_xmap=0 alloc_mask=0 key_hash=0x9f3a2b1c4d5e6f70
2026-08-14T04:02:12.350000Z DEBUG actor{actor="emo-text"}: areka_emo_present::presenter::timing: perf(apply_show): 段階別計時 target_id=TargetId(0) surface_id=1000 cache_hit=true t_cache_us=80 t_compose_us=0 t_resample_us=0 t_mask_us=0 t_upload_us=40 t_total_us=120 alloc_compose_dst=0 alloc_resample_dst=0 alloc_xmap=0 alloc_mask=0 key_hash=0x9f3a2b1c4d5e6f70
2026-08-14T04:02:12.372000Z DEBUG actor{actor="emo-text"}: areka_emo_present::presenter::timing: perf(apply_show): 段階別計時 target_id=TargetId(0) surface_id=1000 cache_hit=true t_cache_us=80 t_compose_us=0 t_resample_us=0 t_mask_us=0 t_upload_us=40 t_total_us=120 alloc_compose_dst=0 alloc_resample_dst=0 alloc_xmap=0 alloc_mask=0 key_hash=0x9f3a2b1c4d5e6f70
2026-08-14T04:02:12.400000Z INFO actor{actor=seriko}: areka_seriko::looper: seriko: loop 抽選発火（再生開始・先頭コマから・要件 2.1/2.2） scope="0" slot=Shell animation_id=1400 k=4
2026-08-14T04:02:12.400000Z DEBUG actor{actor="emo-text"}: areka_emo_present::presenter::timing: perf(apply_show): 段階別計時 target_id=TargetId(0) surface_id=1000 cache_hit=true t_cache_us=80 t_compose_us=0 t_resample_us=0 t_mask_us=0 t_upload_us=40 t_total_us=120 alloc_compose_dst=0 alloc_resample_dst=0 alloc_xmap=0 alloc_mask=0 key_hash=0x9f3a2b1c4d5e6f70
2026-08-14T04:02:12.550000Z DEBUG actor{actor="emo-text"}: areka_emo_present::presenter::timing: perf(apply_show): 段階別計時 target_id=TargetId(0) surface_id=1000 cache_hit=true t_cache_us=80 t_compose_us=0 t_resample_us=0 t_mask_us=0 t_upload_us=40 t_total_us=120 alloc_compose_dst=0 alloc_resample_dst=0 alloc_xmap=0 alloc_mask=0 key_hash=0x9f3a2b1c4d5e6f70
2026-08-14T04:02:12.572000Z DEBUG actor{actor="emo-text"}: areka_emo_present::presenter::timing: perf(apply_show): 段階別計時 target_id=TargetId(0) surface_id=1000 cache_hit=true t_cache_us=80 t_compose_us=0 t_resample_us=0 t_mask_us=0 t_upload_us=40 t_total_us=120 alloc_compose_dst=0 alloc_resample_dst=0 alloc_xmap=0 alloc_mask=0 key_hash=0x9f3a2b1c4d5e6f70
2026-08-14T04:02:12.600000Z INFO actor{actor=seriko}: areka_seriko::looper: seriko: loop 抽選発火（再生開始・先頭コマから・要件 2.1/2.2） scope="0" slot=Shell animation_id=1400 k=4
2026-08-14T04:02:12.600000Z DEBUG actor{actor="emo-text"}: areka_emo_present::presenter::timing: perf(apply_show): 段階別計時 target_id=TargetId(0) surface_id=1000 cache_hit=true t_cache_us=80 t_compose_us=0 t_resample_us=0 t_mask_us=0 t_upload_us=40 t_total_us=120 alloc_compose_dst=0 alloc_resample_dst=0 alloc_xmap=0 alloc_mask=0 key_hash=0x9f3a2b1c4d5e6f70
2026-08-14T04:02:12.750000Z DEBUG actor{actor="emo-text"}: areka_emo_present::presenter::timing: perf(apply_show): 段階別計時 target_id=TargetId(0) surface_id=1000 cache_hit=true t_cache_us=80 t_compose_us=0 t_resample_us=0 t_mask_us=0 t_upload_us=40 t_total_us=120 alloc_compose_dst=0 alloc_resample_dst=0 alloc_xmap=0 alloc_mask=0 key_hash=0x9f3a2b1c4d5e6f70
2026-08-14T04:02:12.772000Z DEBUG actor{actor="emo-text"}: areka_emo_present::presenter::timing: perf(apply_show): 段階別計時 target_id=TargetId(0) surface_id=1000 cache_hit=true t_cache_us=80 t_compose_us=0 t_resample_us=0 t_mask_us=0 t_upload_us=40 t_total_us=120 alloc_compose_dst=0 alloc_resample_dst=0 alloc_xmap=0 alloc_mask=0 key_hash=0x9f3a2b1c4d5e6f70
2026-08-14T04:02:12.800000Z INFO actor{actor=seriko}: areka_seriko::looper: seriko: loop 抽選発火（再生開始・先頭コマから・要件 2.1/2.2） scope="0" slot=Shell animation_id=1400 k=4
2026-08-14T04:02:12.800000Z DEBUG actor{actor="emo-text"}: areka_emo_present::presenter::timing: perf(apply_show): 段階別計時 target_id=TargetId(0) surface_id=1000 cache_hit=true t_cache_us=80 t_compose_us=0 t_resample_us=0 t_mask_us=0 t_upload_us=40 t_total_us=120 alloc_compose_dst=0 alloc_resample_dst=0 alloc_xmap=0 alloc_mask=0 key_hash=0x9f3a2b1c4d5e6f70
2026-08-14T04:02:12.950000Z DEBUG actor{actor="emo-text"}: areka_emo_present::presenter::timing: perf(apply_show): 段階別計時 target_id=TargetId(0) surface_id=1000 cache_hit=true t_cache_us=80 t_compose_us=0 t_resample_us=0 t_mask_us=0 t_upload_us=40 t_total_us=120 alloc_compose_dst=0 alloc_resample_dst=0 alloc_xmap=0 alloc_mask=0 key_hash=0x9f3a2b1c4d5e6f70
2026-08-14T04:02:12.972000Z DEBUG actor{actor="emo-text"}: areka_emo_present::presenter::timing: perf(apply_show): 段階別計時 target_id=TargetId(0) surface_id=1000 cache_hit=true t_cache_us=80 t_compose_us=0 t_resample_us=0 t_mask_us=0 t_upload_us=40 t_total_us=120 alloc_compose_dst=0 alloc_resample_dst=0 alloc_xmap=0 alloc_mask=0 key_hash=0x9f3a2b1c4d5e6f70
2026-08-14T04:02:13.000000Z INFO actor{actor=seriko}: areka_seriko::looper: seriko: loop 抽選発火（再生開始・先頭コマから・要件 2.1/2.2） scope="0" slot=Shell animation_id=1400 k=4
2026-08-14T04:02:13.000000Z DEBUG actor{actor="emo-text"}: areka_emo_present::presenter::timing: perf(apply_show): 段階別計時 target_id=TargetId(0) surface_id=1000 cache_hit=true t_cache_us=80 t_compose_us=0 t_resample_us=0 t_mask_us=0 t_upload_us=40 t_total_us=120 alloc_compose_dst=0 alloc_resample_dst=0 alloc_xmap=0 alloc_mask=0 key_hash=0x9f3a2b1c4d5e6f70
2026-08-14T04:02:13.000000Z INFO actor{actor=seriko}: areka_seriko::looper: seriko: loop 抽選発火（再生開始・先頭コマから・要件 2.1/2.2） scope="0" slot=Shell animation_id=1402 k=4
2026-08-14T04:02:13.000000Z DEBUG actor{actor="emo-text"}: areka_emo_present::presenter::timing: perf(apply_show): 段階別計時 target_id=TargetId(0) surface_id=1000 cache_hit=true t_cache_us=80 t_compose_us=0 t_resample_us=0 t_mask_us=0 t_upload_us=40 t_total_us=120 alloc_compose_dst=0 alloc_resample_dst=0 alloc_xmap=0 alloc_mask=0 key_hash=0x9f3a2b1c4d5e6f70
2026-08-14T04:02:13.150000Z DEBUG actor{actor="emo-text"}: areka_emo_present::presenter::timing: perf(apply_show): 段階別計時 target_id=TargetId(0) surface_id=1000 cache_hit=true t_cache_us=80 t_compose_us=0 t_resample_us=0 t_mask_us=0 t_upload_us=40 t_total_us=120 alloc_compose_dst=0 alloc_resample_dst=0 alloc_xmap=0 alloc_mask=0 key_hash=0x9f3a2b1c4d5e6f70
2026-08-14T04:02:13.172000Z DEBUG actor{actor="emo-text"}: areka_emo_present::presenter::timing: perf(apply_show): 段階別計時 target_id=TargetId(0) surface_id=1000 cache_hit=true t_cache_us=80 t_compose_us=0 t_resample_us=0 t_mask_us=0 t_upload_us=40 t_total_us=120 alloc_compose_dst=0 alloc_resample_dst=0 alloc_xmap=0 alloc_mask=0 key_hash=0x9f3a2b1c4d5e6f70
2026-08-14T04:02:13.200000Z INFO actor{actor=seriko}: areka_seriko::looper: seriko: loop 抽選発火（再生開始・先頭コマから・要件 2.1/2.2） scope="0" slot=Shell animation_id=1400 k=4
2026-08-14T04:02:13.200000Z DEBUG actor{actor="emo-text"}: areka_emo_present::presenter::timing: perf(apply_show): 段階別計時 target_id=TargetId(0) surface_id=1000 cache_hit=true t_cache_us=80 t_compose_us=0 t_resample_us=0 t_mask_us=0 t_upload_us=40 t_total_us=120 alloc_compose_dst=0 alloc_resample_dst=0 alloc_xmap=0 alloc_mask=0 key_hash=0x9f3a2b1c4d5e6f70
2026-08-14T04:02:13.350000Z DEBUG actor{actor="emo-text"}: areka_emo_present::presenter::timing: perf(apply_show): 段階別計時 target_id=TargetId(0) surface_id=1000 cache_hit=true t_cache_us=80 t_compose_us=0 t_resample_us=0 t_mask_us=0 t_upload_us=40 t_total_us=120 alloc_compose_dst=0 alloc_resample_dst=0 alloc_xmap=0 alloc_mask=0 key_hash=0x9f3a2b1c4d5e6f70
2026-08-14T04:02:13.372000Z DEBUG actor{actor="emo-text"}: areka_emo_present::presenter::timing: perf(apply_show): 段階別計時 target_id=TargetId(0) surface_id=1000 cache_hit=true t_cache_us=80 t_compose_us=0 t_resample_us=0 t_mask_us=0 t_upload_us=40 t_total_us=120 alloc_compose_dst=0 alloc_resample_dst=0 alloc_xmap=0 alloc_mask=0 key_hash=0x9f3a2b1c4d5e6f70
2026-08-14T04:02:13.400000Z INFO actor{actor=seriko}: areka_seriko::looper: seriko: loop 抽選発火（再生開始・先頭コマから・要件 2.1/2.2） scope="0" slot=Shell animation_id=1400 k=4
2026-08-14T04:02:13.400000Z DEBUG actor{actor="emo-text"}: areka_emo_present::presenter::timing: perf(apply_show): 段階別計時 target_id=TargetId(0) surface_id=1000 cache_hit=true t_cache_us=80 t_compose_us=0 t_resample_us=0 t_mask_us=0 t_upload_us=40 t_total_us=120 alloc_compose_dst=0 alloc_resample_dst=0 alloc_xmap=0 alloc_mask=0 key_hash=0x9f3a2b1c4d5e6f70
2026-08-14T04:02:13.550000Z DEBUG actor{actor="emo-text"}: areka_emo_present::presenter::timing: perf(apply_show): 段階別計時 target_id=TargetId(0) surface_id=1000 cache_hit=true t_cache_us=80 t_compose_us=0 t_resample_us=0 t_mask_us=0 t_upload_us=40 t_total_us=120 alloc_compose_dst=0 alloc_resample_dst=0 alloc_xmap=0 alloc_mask=0 key_hash=0x9f3a2b1c4d5e6f70
2026-08-14T04:02:13.572000Z DEBUG actor{actor="emo-text"}: areka_emo_present::presenter::timing: perf(apply_show): 段階別計時 target_id=TargetId(0) surface_id=1000 cache_hit=true t_cache_us=80 t_compose_us=0 t_resample_us=0 t_mask_us=0 t_upload_us=40 t_total_us=120 alloc_compose_dst=0 alloc_resample_dst=0 alloc_xmap=0 alloc_mask=0 key_hash=0x9f3a2b1c4d5e6f70
2026-08-14T04:02:13.600000Z INFO actor{actor=seriko}: areka_seriko::looper: seriko: loop 抽選発火（再生開始・先頭コマから・要件 2.1/2.2） scope="0" slot=Shell animation_id=1400 k=4
2026-08-14T04:02:13.600000Z DEBUG actor{actor="emo-text"}: areka_emo_present::presenter::timing: perf(apply_show): 段階別計時 target_id=TargetId(0) surface_id=1000 cache_hit=true t_cache_us=80 t_compose_us=0 t_resample_us=0 t_mask_us=0 t_upload_us=40 t_total_us=120 alloc_compose_dst=0 alloc_resample_dst=0 alloc_xmap=0 alloc_mask=0 key_hash=0x9f3a2b1c4d5e6f70
2026-08-14T04:02:13.700000Z INFO actor{actor=seriko}: areka_seriko::looper: seriko: loop 抽選発火（再生開始・先頭コマから・要件 2.1/2.2） scope="0" slot=Shell animation_id=1402 k=4
2026-08-14T04:02:13.700000Z DEBUG actor{actor="emo-text"}: areka_emo_present::presenter::timing: perf(apply_show): 段階別計時 target_id=TargetId(0) surface_id=1000 cache_hit=true t_cache_us=80 t_compose_us=0 t_resample_us=0 t_mask_us=0 t_upload_us=40 t_total_us=120 alloc_compose_dst=0 alloc_resample_dst=0 alloc_xmap=0 alloc_mask=0 key_hash=0x9f3a2b1c4d5e6f70
2026-08-14T04:02:13.750000Z DEBUG actor{actor="emo-text"}: areka_emo_present::presenter::timing: perf(apply_show): 段階別計時 target_id=TargetId(0) surface_id=1000 cache_hit=true t_cache_us=80 t_compose_us=0 t_resample_us=0 t_mask_us=0 t_upload_us=40 t_total_us=120 alloc_compose_dst=0 alloc_resample_dst=0 alloc_xmap=0 alloc_mask=0 key_hash=0x9f3a2b1c4d5e6f70
2026-08-14T04:02:13.772000Z DEBUG actor{actor="emo-text"}: areka_emo_present::presenter::timing: perf(apply_show): 段階別計時 target_id=TargetId(0) surface_id=1000 cache_hit=true t_cache_us=80 t_compose_us=0 t_resample_us=0 t_mask_us=0 t_upload_us=40 t_total_us=120 alloc_compose_dst=0 alloc_resample_dst=0 alloc_xmap=0 alloc_mask=0 key_hash=0x9f3a2b1c4d5e6f70
2026-08-14T04:02:13.800000Z INFO actor{actor=seriko}: areka_seriko::looper: seriko: loop 抽選発火（再生開始・先頭コマから・要件 2.1/2.2） scope="0" slot=Shell animation_id=1400 k=4
2026-08-14T04:02:13.800000Z DEBUG actor{actor="emo-text"}: areka_emo_present::presenter::timing: perf(apply_show): 段階別計時 target_id=TargetId(0) surface_id=1000 cache_hit=true t_cache_us=80 t_compose_us=0 t_resample_us=0 t_mask_us=0 t_upload_us=40 t_total_us=120 alloc_compose_dst=0 alloc_resample_dst=0 alloc_xmap=0 alloc_mask=0 key_hash=0x9f3a2b1c4d5e6f70
2026-08-14T04:02:13.950000Z DEBUG actor{actor="emo-text"}: areka_emo_present::presenter::timing: perf(apply_show): 段階別計時 target_id=TargetId(0) surface_id=1000 cache_hit=true t_cache_us=80 t_compose_us=0 t_resample_us=0 t_mask_us=0 t_upload_us=40 t_total_us=120 alloc_compose_dst=0 alloc_resample_dst=0 alloc_xmap=0 alloc_mask=0 key_hash=0x9f3a2b1c4d5e6f70
2026-08-14T04:02:13.972000Z DEBUG actor{actor="emo-text"}: areka_emo_present::presenter::timing: perf(apply_show): 段階別計時 target_id=TargetId(0) surface_id=1000 cache_hit=true t_cache_us=80 t_compose_us=0 t_resample_us=0 t_mask_us=0 t_upload_us=40 t_total_us=120 alloc_compose_dst=0 alloc_resample_dst=0 alloc_xmap=0 alloc_mask=0 key_hash=0x9f3a2b1c4d5e6f70
2026-08-14T04:02:14.000000Z INFO actor{actor=seriko}: areka_seriko::looper: seriko: loop 抽選発火（再生開始・先頭コマから・要件 2.1/2.2） scope="0" slot=Shell animation_id=1400 k=4
2026-08-14T04:02:14.000000Z DEBUG actor{actor="emo-text"}: areka_emo_present::presenter::timing: perf(apply_show): 段階別計時 target_id=TargetId(0) surface_id=1000 cache_hit=true t_cache_us=80 t_compose_us=0 t_resample_us=0 t_mask_us=0 t_upload_us=40 t_total_us=120 alloc_compose_dst=0 alloc_resample_dst=0 alloc_xmap=0 alloc_mask=0 key_hash=0x9f3a2b1c4d5e6f70
2026-08-14T04:02:14.150000Z DEBUG actor{actor="emo-text"}: areka_emo_present::presenter::timing: perf(apply_show): 段階別計時 target_id=TargetId(0) surface_id=1000 cache_hit=true t_cache_us=80 t_compose_us=0 t_resample_us=0 t_mask_us=0 t_upload_us=40 t_total_us=120 alloc_compose_dst=0 alloc_resample_dst=0 alloc_xmap=0 alloc_mask=0 key_hash=0x9f3a2b1c4d5e6f70
2026-08-14T04:02:14.172000Z DEBUG actor{actor="emo-text"}: areka_emo_present::presenter::timing: perf(apply_show): 段階別計時 target_id=TargetId(0) surface_id=1000 cache_hit=true t_cache_us=80 t_compose_us=0 t_resample_us=0 t_mask_us=0 t_upload_us=40 t_total_us=120 alloc_compose_dst=0 alloc_resample_dst=0 alloc_xmap=0 alloc_mask=0 key_hash=0x9f3a2b1c4d5e6f70
2026-08-14T04:02:14.200000Z INFO actor{actor=seriko}: areka_seriko::looper: seriko: loop 抽選発火（再生開始・先頭コマから・要件 2.1/2.2） scope="0" slot=Shell animation_id=1400 k=4
2026-08-14T04:02:14.200000Z DEBUG actor{actor="emo-text"}: areka_emo_present::presenter::timing: perf(apply_show): 段階別計時 target_id=TargetId(0) surface_id=1000 cache_hit=true t_cache_us=80 t_compose_us=0 t_resample_us=0 t_mask_us=0 t_upload_us=40 t_total_us=120 alloc_compose_dst=0 alloc_resample_dst=0 alloc_xmap=0 alloc_mask=0 key_hash=0x9f3a2b1c4d5e6f70
2026-08-14T04:02:14.350000Z DEBUG actor{actor="emo-text"}: areka_emo_present::presenter::timing: perf(apply_show): 段階別計時 target_id=TargetId(0) surface_id=1000 cache_hit=true t_cache_us=80 t_compose_us=0 t_resample_us=0 t_mask_us=0 t_upload_us=40 t_total_us=120 alloc_compose_dst=0 alloc_resample_dst=0 alloc_xmap=0 alloc_mask=0 key_hash=0x9f3a2b1c4d5e6f70
2026-08-14T04:02:14.372000Z DEBUG actor{actor="emo-text"}: areka_emo_present::presenter::timing: perf(apply_show): 段階別計時 target_id=TargetId(0) surface_id=1000 cache_hit=true t_cache_us=80 t_compose_us=0 t_resample_us=0 t_mask_us=0 t_upload_us=40 t_total_us=120 alloc_compose_dst=0 alloc_resample_dst=0 alloc_xmap=0 alloc_mask=0 key_hash=0x9f3a2b1c4d5e6f70
2026-08-14T04:02:14.400000Z INFO actor{actor=seriko}: areka_seriko::looper: seriko: loop 抽選発火（再生開始・先頭コマから・要件 2.1/2.2） scope="0" slot=Shell animation_id=1400 k=4
2026-08-14T04:02:14.400000Z DEBUG actor{actor="emo-text"}: areka_emo_present::presenter::timing: perf(apply_show): 段階別計時 target_id=TargetId(0) surface_id=1000 cache_hit=true t_cache_us=80 t_compose_us=0 t_resample_us=0 t_mask_us=0 t_upload_us=40 t_total_us=120 alloc_compose_dst=0 alloc_resample_dst=0 alloc_xmap=0 alloc_mask=0 key_hash=0x9f3a2b1c4d5e6f70
2026-08-14T04:02:14.400000Z INFO actor{actor=seriko}: areka_seriko::looper: seriko: loop 抽選発火（再生開始・先頭コマから・要件 2.1/2.2） scope="0" slot=Shell animation_id=1402 k=4
2026-08-14T04:02:14.400000Z DEBUG actor{actor="emo-text"}: areka_emo_present::presenter::timing: perf(apply_show): 段階別計時 target_id=TargetId(0) surface_id=1000 cache_hit=true t_cache_us=80 t_compose_us=0 t_resample_us=0 t_mask_us=0 t_upload_us=40 t_total_us=120 alloc_compose_dst=0 alloc_resample_dst=0 alloc_xmap=0 alloc_mask=0 key_hash=0x9f3a2b1c4d5e6f70
2026-08-14T04:02:14.550000Z DEBUG actor{actor="emo-text"}: areka_emo_present::presenter::timing: perf(apply_show): 段階別計時 target_id=TargetId(0) surface_id=1000 cache_hit=true t_cache_us=80 t_compose_us=0 t_resample_us=0 t_mask_us=0 t_upload_us=40 t_total_us=120 alloc_compose_dst=0 alloc_resample_dst=0 alloc_xmap=0 alloc_mask=0 key_hash=0x9f3a2b1c4d5e6f70
2026-08-14T04:02:14.572000Z DEBUG actor{actor="emo-text"}: areka_emo_present::presenter::timing: perf(apply_show): 段階別計時 target_id=TargetId(0) surface_id=1000 cache_hit=true t_cache_us=80 t_compose_us=0 t_resample_us=0 t_mask_us=0 t_upload_us=40 t_total_us=120 alloc_compose_dst=0 alloc_resample_dst=0 alloc_xmap=0 alloc_mask=0 key_hash=0x9f3a2b1c4d5e6f70
2026-08-14T04:02:14.600000Z INFO actor{actor=seriko}: areka_seriko::looper: seriko: loop 抽選発火（再生開始・先頭コマから・要件 2.1/2.2） scope="0" slot=Shell animation_id=1400 k=4
2026-08-14T04:02:14.600000Z DEBUG actor{actor="emo-text"}: areka_emo_present::presenter::timing: perf(apply_show): 段階別計時 target_id=TargetId(0) surface_id=1000 cache_hit=true t_cache_us=80 t_compose_us=0 t_resample_us=0 t_mask_us=0 t_upload_us=40 t_total_us=120 alloc_compose_dst=0 alloc_resample_dst=0 alloc_xmap=0 alloc_mask=0 key_hash=0x9f3a2b1c4d5e6f70
2026-08-14T04:02:14.750000Z DEBUG actor{actor="emo-text"}: areka_emo_present::presenter::timing: perf(apply_show): 段階別計時 target_id=TargetId(0) surface_id=1000 cache_hit=true t_cache_us=80 t_compose_us=0 t_resample_us=0 t_mask_us=0 t_upload_us=40 t_total_us=120 alloc_compose_dst=0 alloc_resample_dst=0 alloc_xmap=0 alloc_mask=0 key_hash=0x9f3a2b1c4d5e6f70
2026-08-14T04:02:14.772000Z DEBUG actor{actor="emo-text"}: areka_emo_present::presenter::timing: perf(apply_show): 段階別計時 target_id=TargetId(0) surface_id=1000 cache_hit=true t_cache_us=80 t_compose_us=0 t_resample_us=0 t_mask_us=0 t_upload_us=40 t_total_us=120 alloc_compose_dst=0 alloc_resample_dst=0 alloc_xmap=0 alloc_mask=0 key_hash=0x9f3a2b1c4d5e6f70
2026-08-14T04:02:14.800000Z INFO actor{actor=seriko}: areka_seriko::looper: seriko: loop 抽選発火（再生開始・先頭コマから・要件 2.1/2.2） scope="0" slot=Shell animation_id=1400 k=4
2026-08-14T04:02:14.800000Z DEBUG actor{actor="emo-text"}: areka_emo_present::presenter::timing: perf(apply_show): 段階別計時 target_id=TargetId(0) surface_id=1000 cache_hit=true t_cache_us=80 t_compose_us=0 t_resample_us=0 t_mask_us=0 t_upload_us=40 t_total_us=120 alloc_compose_dst=0 alloc_resample_dst=0 alloc_xmap=0 alloc_mask=0 key_hash=0x9f3a2b1c4d5e6f70
2026-08-14T04:02:14.950000Z DEBUG actor{actor="emo-text"}: areka_emo_present::presenter::timing: perf(apply_show): 段階別計時 target_id=TargetId(0) surface_id=1000 cache_hit=true t_cache_us=80 t_compose_us=0 t_resample_us=0 t_mask_us=0 t_upload_us=40 t_total_us=120 alloc_compose_dst=0 alloc_resample_dst=0 alloc_xmap=0 alloc_mask=0 key_hash=0x9f3a2b1c4d5e6f70
2026-08-14T04:02:14.972000Z DEBUG actor{actor="emo-text"}: areka_emo_present::presenter::timing: perf(apply_show): 段階別計時 target_id=TargetId(0) surface_id=1000 cache_hit=true t_cache_us=80 t_compose_us=0 t_resample_us=0 t_mask_us=0 t_upload_us=40 t_total_us=120 alloc_compose_dst=0 alloc_resample_dst=0 alloc_xmap=0 alloc_mask=0 key_hash=0x9f3a2b1c4d5e6f70
2026-08-14T04:02:15.000000Z INFO actor{actor=seriko}: areka_seriko::looper: seriko: loop 抽選発火（再生開始・先頭コマから・要件 2.1/2.2） scope="0" slot=Shell animation_id=1400 k=4
2026-08-14T04:02:15.000000Z DEBUG actor{actor="emo-text"}: areka_emo_present::presenter::timing: perf(apply_show): 段階別計時 target_id=TargetId(0) surface_id=1000 cache_hit=true t_cache_us=80 t_compose_us=0 t_resample_us=0 t_mask_us=0 t_upload_us=40 t_total_us=120 alloc_compose_dst=0 alloc_resample_dst=0 alloc_xmap=0 alloc_mask=0 key_hash=0x9f3a2b1c4d5e6f70
2026-08-14T04:02:15.100000Z INFO actor{actor=seriko}: areka_seriko::looper: seriko: loop 抽選発火（再生開始・先頭コマから・要件 2.1/2.2） scope="0" slot=Shell animation_id=1402 k=4
2026-08-14T04:02:15.100000Z DEBUG actor{actor="emo-text"}: areka_emo_present::presenter::timing: perf(apply_show): 段階別計時 target_id=TargetId(0) surface_id=1000 cache_hit=true t_cache_us=80 t_compose_us=0 t_resample_us=0 t_mask_us=0 t_upload_us=40 t_total_us=120 alloc_compose_dst=0 alloc_resample_dst=0 alloc_xmap=0 alloc_mask=0 key_hash=0x9f3a2b1c4d5e6f70
2026-08-14T04:02:15.150000Z DEBUG actor{actor="emo-text"}: areka_emo_present::presenter::timing: perf(apply_show): 段階別計時 target_id=TargetId(0) surface_id=1000 cache_hit=true t_cache_us=80 t_compose_us=0 t_resample_us=0 t_mask_us=0 t_upload_us=40 t_total_us=120 alloc_compose_dst=0 alloc_resample_dst=0 alloc_xmap=0 alloc_mask=0 key_hash=0x9f3a2b1c4d5e6f70
2026-08-14T04:02:15.172000Z DEBUG actor{actor="emo-text"}: areka_emo_present::presenter::timing: perf(apply_show): 段階別計時 target_id=TargetId(0) surface_id=1000 cache_hit=true t_cache_us=80 t_compose_us=0 t_resample_us=0 t_mask_us=0 t_upload_us=40 t_total_us=120 alloc_compose_dst=0 alloc_resample_dst=0 alloc_xmap=0 alloc_mask=0 key_hash=0x9f3a2b1c4d5e6f70
2026-08-14T04:02:15.200000Z INFO actor{actor=seriko}: areka_seriko::looper: seriko: loop 抽選発火（再生開始・先頭コマから・要件 2.1/2.2） scope="0" slot=Shell animation_id=1400 k=4
2026-08-14T04:02:15.200000Z DEBUG actor{actor="emo-text"}: areka_emo_present::presenter::timing: perf(apply_show): 段階別計時 target_id=TargetId(0) surface_id=1000 cache_hit=true t_cache_us=80 t_compose_us=0 t_resample_us=0 t_mask_us=0 t_upload_us=40 t_total_us=120 alloc_compose_dst=0 alloc_resample_dst=0 alloc_xmap=0 alloc_mask=0 key_hash=0x9f3a2b1c4d5e6f70
2026-08-14T04:02:15.350000Z DEBUG actor{actor="emo-text"}: areka_emo_present::presenter::timing: perf(apply_show): 段階別計時 target_id=TargetId(0) surface_id=1000 cache_hit=true t_cache_us=80 t_compose_us=0 t_resample_us=0 t_mask_us=0 t_upload_us=40 t_total_us=120 alloc_compose_dst=0 alloc_resample_dst=0 alloc_xmap=0 alloc_mask=0 key_hash=0x9f3a2b1c4d5e6f70
2026-08-14T04:02:15.372000Z DEBUG actor{actor="emo-text"}: areka_emo_present::presenter::timing: perf(apply_show): 段階別計時 target_id=TargetId(0) surface_id=1000 cache_hit=true t_cache_us=80 t_compose_us=0 t_resample_us=0 t_mask_us=0 t_upload_us=40 t_total_us=120 alloc_compose_dst=0 alloc_resample_dst=0 alloc_xmap=0 alloc_mask=0 key_hash=0x9f3a2b1c4d5e6f70
2026-08-14T04:02:15.400000Z INFO actor{actor=seriko}: areka_seriko::looper: seriko: loop 抽選発火（再生開始・先頭コマから・要件 2.1/2.2） scope="0" slot=Shell animation_id=1400 k=4
2026-08-14T04:02:15.400000Z DEBUG actor{actor="emo-text"}: areka_emo_present::presenter::timing: perf(apply_show): 段階別計時 target_id=TargetId(0) surface_id=1000 cache_hit=true t_cache_us=80 t_compose_us=0 t_resample_us=0 t_mask_us=0 t_upload_us=40 t_total_us=120 alloc_compose_dst=0 alloc_resample_dst=0 alloc_xmap=0 alloc_mask=0 key_hash=0x9f3a2b1c4d5e6f70
2026-08-14T04:02:15.550000Z DEBUG actor{actor="emo-text"}: areka_emo_present::presenter::timing: perf(apply_show): 段階別計時 target_id=TargetId(0) surface_id=1000 cache_hit=true t_cache_us=80 t_compose_us=0 t_resample_us=0 t_mask_us=0 t_upload_us=40 t_total_us=120 alloc_compose_dst=0 alloc_resample_dst=0 alloc_xmap=0 alloc_mask=0 key_hash=0x9f3a2b1c4d5e6f70
2026-08-14T04:02:15.572000Z DEBUG actor{actor="emo-text"}: areka_emo_present::presenter::timing: perf(apply_show): 段階別計時 target_id=TargetId(0) surface_id=1000 cache_hit=true t_cache_us=80 t_compose_us=0 t_resample_us=0 t_mask_us=0 t_upload_us=40 t_total_us=120 alloc_compose_dst=0 alloc_resample_dst=0 alloc_xmap=0 alloc_mask=0 key_hash=0x9f3a2b1c4d5e6f70
2026-08-14T04:02:15.600000Z INFO actor{actor=seriko}: areka_seriko::looper: seriko: loop 抽選発火（再生開始・先頭コマから・要件 2.1/2.2） scope="0" slot=Shell animation_id=1400 k=4
2026-08-14T04:02:15.600000Z DEBUG actor{actor="emo-text"}: areka_emo_present::presenter::timing: perf(apply_show): 段階別計時 target_id=TargetId(0) surface_id=1000 cache_hit=true t_cache_us=80 t_compose_us=0 t_resample_us=0 t_mask_us=0 t_upload_us=40 t_total_us=120 alloc_compose_dst=0 alloc_resample_dst=0 alloc_xmap=0 alloc_mask=0 key_hash=0x9f3a2b1c4d5e6f70
2026-08-14T04:02:15.750000Z DEBUG actor{actor="emo-text"}: areka_emo_present::presenter::timing: perf(apply_show): 段階別計時 target_id=TargetId(0) surface_id=1000 cache_hit=true t_cache_us=80 t_compose_us=0 t_resample_us=0 t_mask_us=0 t_upload_us=40 t_total_us=120 alloc_compose_dst=0 alloc_resample_dst=0 alloc_xmap=0 alloc_mask=0 key_hash=0x9f3a2b1c4d5e6f70
2026-08-14T04:02:15.772000Z DEBUG actor{actor="emo-text"}: areka_emo_present::presenter::timing: perf(apply_show): 段階別計時 target_id=TargetId(0) surface_id=1000 cache_hit=true t_cache_us=80 t_compose_us=0 t_resample_us=0 t_mask_us=0 t_upload_us=40 t_total_us=120 alloc_compose_dst=0 alloc_resample_dst=0 alloc_xmap=0 alloc_mask=0 key_hash=0x9f3a2b1c4d5e6f70
2026-08-14T04:02:15.800000Z INFO actor{actor=seriko}: areka_seriko::looper: seriko: loop 抽選発火（再生開始・先頭コマから・要件 2.1/2.2） scope="0" slot=Shell animation_id=1400 k=4
2026-08-14T04:02:15.800000Z DEBUG actor{actor="emo-text"}: areka_emo_present::presenter::timing: perf(apply_show): 段階別計時 target_id=TargetId(0) surface_id=1000 cache_hit=true t_cache_us=80 t_compose_us=0 t_resample_us=0 t_mask_us=0 t_upload_us=40 t_total_us=120 alloc_compose_dst=0 alloc_resample_dst=0 alloc_xmap=0 alloc_mask=0 key_hash=0x9f3a2b1c4d5e6f70
2026-08-14T04:02:15.800000Z INFO actor{actor=seriko}: areka_seriko::looper: seriko: loop 抽選発火（再生開始・先頭コマから・要件 2.1/2.2） scope="0" slot=Shell animation_id=1402 k=4
2026-08-14T04:02:15.800000Z DEBUG actor{actor="emo-text"}: areka_emo_present::presenter::timing: perf(apply_show): 段階別計時 target_id=TargetId(0) surface_id=1000 cache_hit=true t_cache_us=80 t_compose_us=0 t_resample_us=0 t_mask_us=0 t_upload_us=40 t_total_us=120 alloc_compose_dst=0 alloc_resample_dst=0 alloc_xmap=0 alloc_mask=0 key_hash=0x9f3a2b1c4d5e6f70
2026-08-14T04:02:15.950000Z DEBUG actor{actor="emo-text"}: areka_emo_present::presenter::timing: perf(apply_show): 段階別計時 target_id=TargetId(0) surface_id=1000 cache_hit=true t_cache_us=80 t_compose_us=0 t_resample_us=0 t_mask_us=0 t_upload_us=40 t_total_us=120 alloc_compose_dst=0 alloc_resample_dst=0 alloc_xmap=0 alloc_mask=0 key_hash=0x9f3a2b1c4d5e6f70
2026-08-14T04:02:15.972000Z DEBUG actor{actor="emo-text"}: areka_emo_present::presenter::timing: perf(apply_show): 段階別計時 target_id=TargetId(0) surface_id=1000 cache_hit=true t_cache_us=80 t_compose_us=0 t_resample_us=0 t_mask_us=0 t_upload_us=40 t_total_us=120 alloc_compose_dst=0 alloc_resample_dst=0 alloc_xmap=0 alloc_mask=0 key_hash=0x9f3a2b1c4d5e6f70
2026-08-14T04:02:16.000000Z INFO actor{actor=seriko}: areka_seriko::looper: seriko: loop 抽選発火（再生開始・先頭コマから・要件 2.1/2.2） scope="0" slot=Shell animation_id=1400 k=4
2026-08-14T04:02:16.000000Z DEBUG actor{actor="emo-text"}: areka_emo_present::presenter::timing: perf(apply_show): 段階別計時 target_id=TargetId(0) surface_id=1000 cache_hit=true t_cache_us=80 t_compose_us=0 t_resample_us=0 t_mask_us=0 t_upload_us=40 t_total_us=120 alloc_compose_dst=0 alloc_resample_dst=0 alloc_xmap=0 alloc_mask=0 key_hash=0x9f3a2b1c4d5e6f70
2026-08-14T04:02:16.150000Z DEBUG actor{actor="emo-text"}: areka_emo_present::presenter::timing: perf(apply_show): 段階別計時 target_id=TargetId(0) surface_id=1000 cache_hit=true t_cache_us=80 t_compose_us=0 t_resample_us=0 t_mask_us=0 t_upload_us=40 t_total_us=120 alloc_compose_dst=0 alloc_resample_dst=0 alloc_xmap=0 alloc_mask=0 key_hash=0x9f3a2b1c4d5e6f70
2026-08-14T04:02:16.172000Z DEBUG actor{actor="emo-text"}: areka_emo_present::presenter::timing: perf(apply_show): 段階別計時 target_id=TargetId(0) surface_id=1000 cache_hit=true t_cache_us=80 t_compose_us=0 t_resample_us=0 t_mask_us=0 t_upload_us=40 t_total_us=120 alloc_compose_dst=0 alloc_resample_dst=0 alloc_xmap=0 alloc_mask=0 key_hash=0x9f3a2b1c4d5e6f70
2026-08-14T04:02:16.200000Z INFO actor{actor=seriko}: areka_seriko::looper: seriko: loop 抽選発火（再生開始・先頭コマから・要件 2.1/2.2） scope="0" slot=Shell animation_id=1400 k=4
2026-08-14T04:02:16.200000Z DEBUG actor{actor="emo-text"}: areka_emo_present::presenter::timing: perf(apply_show): 段階別計時 target_id=TargetId(0) surface_id=1000 cache_hit=true t_cache_us=80 t_compose_us=0 t_resample_us=0 t_mask_us=0 t_upload_us=40 t_total_us=120 alloc_compose_dst=0 alloc_resample_dst=0 alloc_xmap=0 alloc_mask=0 key_hash=0x9f3a2b1c4d5e6f70
2026-08-14T04:02:16.350000Z DEBUG actor{actor="emo-text"}: areka_emo_present::presenter::timing: perf(apply_show): 段階別計時 target_id=TargetId(0) surface_id=1000 cache_hit=true t_cache_us=80 t_compose_us=0 t_resample_us=0 t_mask_us=0 t_upload_us=40 t_total_us=120 alloc_compose_dst=0 alloc_resample_dst=0 alloc_xmap=0 alloc_mask=0 key_hash=0x9f3a2b1c4d5e6f70
2026-08-14T04:02:16.372000Z DEBUG actor{actor="emo-text"}: areka_emo_present::presenter::timing: perf(apply_show): 段階別計時 target_id=TargetId(0) surface_id=1000 cache_hit=true t_cache_us=80 t_compose_us=0 t_resample_us=0 t_mask_us=0 t_upload_us=40 t_total_us=120 alloc_compose_dst=0 alloc_resample_dst=0 alloc_xmap=0 alloc_mask=0 key_hash=0x9f3a2b1c4d5e6f70
2026-08-14T04:02:16.400000Z INFO actor{actor=seriko}: areka_seriko::looper: seriko: loop 抽選発火（再生開始・先頭コマから・要件 2.1/2.2） scope="0" slot=Shell animation_id=1400 k=4
2026-08-14T04:02:16.400000Z DEBUG actor{actor="emo-text"}: areka_emo_present::presenter::timing: perf(apply_show): 段階別計時 target_id=TargetId(0) surface_id=1000 cache_hit=true t_cache_us=80 t_compose_us=0 t_resample_us=0 t_mask_us=0 t_upload_us=40 t_total_us=120 alloc_compose_dst=0 alloc_resample_dst=0 alloc_xmap=0 alloc_mask=0 key_hash=0x9f3a2b1c4d5e6f70
2026-08-14T04:02:16.500000Z INFO actor{actor=seriko}: areka_seriko::looper: seriko: loop 抽選発火（再生開始・先頭コマから・要件 2.1/2.2） scope="0" slot=Shell animation_id=1402 k=4
2026-08-14T04:02:16.500000Z DEBUG actor{actor="emo-text"}: areka_emo_present::presenter::timing: perf(apply_show): 段階別計時 target_id=TargetId(0) surface_id=1000 cache_hit=true t_cache_us=80 t_compose_us=0 t_resample_us=0 t_mask_us=0 t_upload_us=40 t_total_us=120 alloc_compose_dst=0 alloc_resample_dst=0 alloc_xmap=0 alloc_mask=0 key_hash=0x9f3a2b1c4d5e6f70
2026-08-14T04:02:16.550000Z DEBUG actor{actor="emo-text"}: areka_emo_present::presenter::timing: perf(apply_show): 段階別計時 target_id=TargetId(0) surface_id=1000 cache_hit=true t_cache_us=80 t_compose_us=0 t_resample_us=0 t_mask_us=0 t_upload_us=40 t_total_us=120 alloc_compose_dst=0 alloc_resample_dst=0 alloc_xmap=0 alloc_mask=0 key_hash=0x9f3a2b1c4d5e6f70
2026-08-14T04:02:16.572000Z DEBUG actor{actor="emo-text"}: areka_emo_present::presenter::timing: perf(apply_show): 段階別計時 target_id=TargetId(0) surface_id=1000 cache_hit=true t_cache_us=80 t_compose_us=0 t_resample_us=0 t_mask_us=0 t_upload_us=40 t_total_us=120 alloc_compose_dst=0 alloc_resample_dst=0 alloc_xmap=0 alloc_mask=0 key_hash=0x9f3a2b1c4d5e6f70
2026-08-14T04:02:16.600000Z INFO actor{actor=seriko}: areka_seriko::looper: seriko: loop 抽選発火（再生開始・先頭コマから・要件 2.1/2.2） scope="0" slot=Shell animation_id=1400 k=4
2026-08-14T04:02:16.600000Z DEBUG actor{actor="emo-text"}: areka_emo_present::presenter::timing: perf(apply_show): 段階別計時 target_id=TargetId(0) surface_id=1000 cache_hit=true t_cache_us=80 t_compose_us=0 t_resample_us=0 t_mask_us=0 t_upload_us=40 t_total_us=120 alloc_compose_dst=0 alloc_resample_dst=0 alloc_xmap=0 alloc_mask=0 key_hash=0x9f3a2b1c4d5e6f70
2026-08-14T04:02:16.750000Z DEBUG actor{actor="emo-text"}: areka_emo_present::presenter::timing: perf(apply_show): 段階別計時 target_id=TargetId(0) surface_id=1000 cache_hit=true t_cache_us=80 t_compose_us=0 t_resample_us=0 t_mask_us=0 t_upload_us=40 t_total_us=120 alloc_compose_dst=0 alloc_resample_dst=0 alloc_xmap=0 alloc_mask=0 key_hash=0x9f3a2b1c4d5e6f70
2026-08-14T04:02:16.772000Z DEBUG actor{actor="emo-text"}: areka_emo_present::presenter::timing: perf(apply_show): 段階別計時 target_id=TargetId(0) surface_id=1000 cache_hit=true t_cache_us=80 t_compose_us=0 t_resample_us=0 t_mask_us=0 t_upload_us=40 t_total_us=120 alloc_compose_dst=0 alloc_resample_dst=0 alloc_xmap=0 alloc_mask=0 key_hash=0x9f3a2b1c4d5e6f70
2026-08-14T04:02:16.800000Z INFO actor{actor=seriko}: areka_seriko::looper: seriko: loop 抽選発火（再生開始・先頭コマから・要件 2.1/2.2） scope="0" slot=Shell animation_id=1400 k=4
2026-08-14T04:02:16.800000Z DEBUG actor{actor="emo-text"}: areka_emo_present::presenter::timing: perf(apply_show): 段階別計時 target_id=TargetId(0) surface_id=1000 cache_hit=true t_cache_us=80 t_compose_us=0 t_resample_us=0 t_mask_us=0 t_upload_us=40 t_total_us=120 alloc_compose_dst=0 alloc_resample_dst=0 alloc_xmap=0 alloc_mask=0 key_hash=0x9f3a2b1c4d5e6f70
2026-08-14T04:02:16.950000Z DEBUG actor{actor="emo-text"}: areka_emo_present::presenter::timing: perf(apply_show): 段階別計時 target_id=TargetId(0) surface_id=1000 cache_hit=true t_cache_us=80 t_compose_us=0 t_resample_us=0 t_mask_us=0 t_upload_us=40 t_total_us=120 alloc_compose_dst=0 alloc_resample_dst=0 alloc_xmap=0 alloc_mask=0 key_hash=0x9f3a2b1c4d5e6f70
2026-08-14T04:02:16.972000Z DEBUG actor{actor="emo-text"}: areka_emo_present::presenter::timing: perf(apply_show): 段階別計時 target_id=TargetId(0) surface_id=1000 cache_hit=true t_cache_us=80 t_compose_us=0 t_resample_us=0 t_mask_us=0 t_upload_us=40 t_total_us=120 alloc_compose_dst=0 alloc_resample_dst=0 alloc_xmap=0 alloc_mask=0 key_hash=0x9f3a2b1c4d5e6f70
2026-08-14T04:02:17.000000Z INFO actor{actor=seriko}: areka_seriko::looper: seriko: loop 抽選発火（再生開始・先頭コマから・要件 2.1/2.2） scope="0" slot=Shell animation_id=1400 k=4
2026-08-14T04:02:17.000000Z DEBUG actor{actor="emo-text"}: areka_emo_present::presenter::timing: perf(apply_show): 段階別計時 target_id=TargetId(0) surface_id=1000 cache_hit=true t_cache_us=80 t_compose_us=0 t_resample_us=0 t_mask_us=0 t_upload_us=40 t_total_us=120 alloc_compose_dst=0 alloc_resample_dst=0 alloc_xmap=0 alloc_mask=0 key_hash=0x9f3a2b1c4d5e6f70
2026-08-14T04:02:17.150000Z DEBUG actor{actor="emo-text"}: areka_emo_present::presenter::timing: perf(apply_show): 段階別計時 target_id=TargetId(0) surface_id=1000 cache_hit=true t_cache_us=80 t_compose_us=0 t_resample_us=0 t_mask_us=0 t_upload_us=40 t_total_us=120 alloc_compose_dst=0 alloc_resample_dst=0 alloc_xmap=0 alloc_mask=0 key_hash=0x9f3a2b1c4d5e6f70
2026-08-14T04:02:17.172000Z DEBUG actor{actor="emo-text"}: areka_emo_present::presenter::timing: perf(apply_show): 段階別計時 target_id=TargetId(0) surface_id=1000 cache_hit=true t_cache_us=80 t_compose_us=0 t_resample_us=0 t_mask_us=0 t_upload_us=40 t_total_us=120 alloc_compose_dst=0 alloc_resample_dst=0 alloc_xmap=0 alloc_mask=0 key_hash=0x9f3a2b1c4d5e6f70
2026-08-14T04:02:17.200000Z INFO actor{actor=seriko}: areka_seriko::looper: seriko: loop 抽選発火（再生開始・先頭コマから・要件 2.1/2.2） scope="0" slot=Shell animation_id=1400 k=4
2026-08-14T04:02:17.200000Z DEBUG actor{actor="emo-text"}: areka_emo_present::presenter::timing: perf(apply_show): 段階別計時 target_id=TargetId(0) surface_id=1000 cache_hit=true t_cache_us=80 t_compose_us=0 t_resample_us=0 t_mask_us=0 t_upload_us=40 t_total_us=120 alloc_compose_dst=0 alloc_resample_dst=0 alloc_xmap=0 alloc_mask=0 key_hash=0x9f3a2b1c4d5e6f70
2026-08-14T04:02:17.200000Z INFO actor{actor=seriko}: areka_seriko::looper: seriko: loop 抽選発火（再生開始・先頭コマから・要件 2.1/2.2） scope="0" slot=Shell animation_id=1402 k=4
2026-08-14T04:02:17.200000Z DEBUG actor{actor="emo-text"}: areka_emo_present::presenter::timing: perf(apply_show): 段階別計時 target_id=TargetId(0) surface_id=1000 cache_hit=true t_cache_us=80 t_compose_us=0 t_resample_us=0 t_mask_us=0 t_upload_us=40 t_total_us=120 alloc_compose_dst=0 alloc_resample_dst=0 alloc_xmap=0 alloc_mask=0 key_hash=0x9f3a2b1c4d5e6f70
2026-08-14T04:02:17.350000Z DEBUG actor{actor="emo-text"}: areka_emo_present::presenter::timing: perf(apply_show): 段階別計時 target_id=TargetId(0) surface_id=1000 cache_hit=true t_cache_us=80 t_compose_us=0 t_resample_us=0 t_mask_us=0 t_upload_us=40 t_total_us=120 alloc_compose_dst=0 alloc_resample_dst=0 alloc_xmap=0 alloc_mask=0 key_hash=0x9f3a2b1c4d5e6f70
2026-08-14T04:02:17.372000Z DEBUG actor{actor="emo-text"}: areka_emo_present::presenter::timing: perf(apply_show): 段階別計時 target_id=TargetId(0) surface_id=1000 cache_hit=true t_cache_us=80 t_compose_us=0 t_resample_us=0 t_mask_us=0 t_upload_us=40 t_total_us=120 alloc_compose_dst=0 alloc_resample_dst=0 alloc_xmap=0 alloc_mask=0 key_hash=0x9f3a2b1c4d5e6f70
2026-08-14T04:02:17.400000Z INFO actor{actor=seriko}: areka_seriko::looper: seriko: loop 抽選発火（再生開始・先頭コマから・要件 2.1/2.2） scope="0" slot=Shell animation_id=1400 k=4
2026-08-14T04:02:17.400000Z DEBUG actor{actor="emo-text"}: areka_emo_present::presenter::timing: perf(apply_show): 段階別計時 target_id=TargetId(0) surface_id=1000 cache_hit=true t_cache_us=80 t_compose_us=0 t_resample_us=0 t_mask_us=0 t_upload_us=40 t_total_us=120 alloc_compose_dst=0 alloc_resample_dst=0 alloc_xmap=0 alloc_mask=0 key_hash=0x9f3a2b1c4d5e6f70
2026-08-14T04:02:17.550000Z DEBUG actor{actor="emo-text"}: areka_emo_present::presenter::timing: perf(apply_show): 段階別計時 target_id=TargetId(0) surface_id=1000 cache_hit=true t_cache_us=80 t_compose_us=0 t_resample_us=0 t_mask_us=0 t_upload_us=40 t_total_us=120 alloc_compose_dst=0 alloc_resample_dst=0 alloc_xmap=0 alloc_mask=0 key_hash=0x9f3a2b1c4d5e6f70
2026-08-14T04:02:17.572000Z DEBUG actor{actor="emo-text"}: areka_emo_present::presenter::timing: perf(apply_show): 段階別計時 target_id=TargetId(0) surface_id=1000 cache_hit=true t_cache_us=80 t_compose_us=0 t_resample_us=0 t_mask_us=0 t_upload_us=40 t_total_us=120 alloc_compose_dst=0 alloc_resample_dst=0 alloc_xmap=0 alloc_mask=0 key_hash=0x9f3a2b1c4d5e6f70
2026-08-14T04:02:17.600000Z INFO actor{actor=seriko}: areka_seriko::looper: seriko: loop 抽選発火（再生開始・先頭コマから・要件 2.1/2.2） scope="0" slot=Shell animation_id=1400 k=4
2026-08-14T04:02:17.600000Z DEBUG actor{actor="emo-text"}: areka_emo_present::presenter::timing: perf(apply_show): 段階別計時 target_id=TargetId(0) surface_id=1000 cache_hit=true t_cache_us=80 t_compose_us=0 t_resample_us=0 t_mask_us=0 t_upload_us=40 t_total_us=120 alloc_compose_dst=0 alloc_resample_dst=0 alloc_xmap=0 alloc_mask=0 key_hash=0x9f3a2b1c4d5e6f70
2026-08-14T04:02:17.750000Z DEBUG actor{actor="emo-text"}: areka_emo_present::presenter::timing: perf(apply_show): 段階別計時 target_id=TargetId(0) surface_id=1000 cache_hit=true t_cache_us=80 t_compose_us=0 t_resample_us=0 t_mask_us=0 t_upload_us=40 t_total_us=120 alloc_compose_dst=0 alloc_resample_dst=0 alloc_xmap=0 alloc_mask=0 key_hash=0x9f3a2b1c4d5e6f70
2026-08-14T04:02:17.772000Z DEBUG actor{actor="emo-text"}: areka_emo_present::presenter::timing: perf(apply_show): 段階別計時 target_id=TargetId(0) surface_id=1000 cache_hit=true t_cache_us=80 t_compose_us=0 t_resample_us=0 t_mask_us=0 t_upload_us=40 t_total_us=120 alloc_compose_dst=0 alloc_resample_dst=0 alloc_xmap=0 alloc_mask=0 key_hash=0x9f3a2b1c4d5e6f70
2026-08-14T04:02:17.800000Z INFO actor{actor=seriko}: areka_seriko::looper: seriko: loop 抽選発火（再生開始・先頭コマから・要件 2.1/2.2） scope="0" slot=Shell animation_id=1400 k=4
2026-08-14T04:02:17.800000Z DEBUG actor{actor="emo-text"}: areka_emo_present::presenter::timing: perf(apply_show): 段階別計時 target_id=TargetId(0) surface_id=1000 cache_hit=true t_cache_us=80 t_compose_us=0 t_resample_us=0 t_mask_us=0 t_upload_us=40 t_total_us=120 alloc_compose_dst=0 alloc_resample_dst=0 alloc_xmap=0 alloc_mask=0 key_hash=0x9f3a2b1c4d5e6f70
2026-08-14T04:02:17.900000Z INFO actor{actor=seriko}: areka_seriko::looper: seriko: loop 抽選発火（再生開始・先頭コマから・要件 2.1/2.2） scope="0" slot=Shell animation_id=1402 k=4
2026-08-14T04:02:17.900000Z DEBUG actor{actor="emo-text"}: areka_emo_present::presenter::timing: perf(apply_show): 段階別計時 target_id=TargetId(0) surface_id=1000 cache_hit=true t_cache_us=80 t_compose_us=0 t_resample_us=0 t_mask_us=0 t_upload_us=40 t_total_us=120 alloc_compose_dst=0 alloc_resample_dst=0 alloc_xmap=0 alloc_mask=0 key_hash=0x9f3a2b1c4d5e6f70
2026-08-14T04:02:17.950000Z DEBUG actor{actor="emo-text"}: areka_emo_present::presenter::timing: perf(apply_show): 段階別計時 target_id=TargetId(0) surface_id=1000 cache_hit=true t_cache_us=80 t_compose_us=0 t_resample_us=0 t_mask_us=0 t_upload_us=40 t_total_us=120 alloc_compose_dst=0 alloc_resample_dst=0 alloc_xmap=0 alloc_mask=0 key_hash=0x9f3a2b1c4d5e6f70
2026-08-14T04:02:17.972000Z DEBUG actor{actor="emo-text"}: areka_emo_present::presenter::timing: perf(apply_show): 段階別計時 target_id=TargetId(0) surface_id=1000 cache_hit=true t_cache_us=80 t_compose_us=0 t_resample_us=0 t_mask_us=0 t_upload_us=40 t_total_us=120 alloc_compose_dst=0 alloc_resample_dst=0 alloc_xmap=0 alloc_mask=0 key_hash=0x9f3a2b1c4d5e6f70
2026-08-14T04:02:18.000000Z INFO actor{actor=seriko}: areka_seriko::looper: seriko: loop 抽選発火（再生開始・先頭コマから・要件 2.1/2.2） scope="0" slot=Shell animation_id=1400 k=4
2026-08-14T04:02:18.000000Z DEBUG actor{actor="emo-text"}: areka_emo_present::presenter::timing: perf(apply_show): 段階別計時 target_id=TargetId(0) surface_id=1000 cache_hit=true t_cache_us=80 t_compose_us=0 t_resample_us=0 t_mask_us=0 t_upload_us=40 t_total_us=120 alloc_compose_dst=0 alloc_resample_dst=0 alloc_xmap=0 alloc_mask=0 key_hash=0x9f3a2b1c4d5e6f70
2026-08-14T04:02:18.150000Z DEBUG actor{actor="emo-text"}: areka_emo_present::presenter::timing: perf(apply_show): 段階別計時 target_id=TargetId(0) surface_id=1000 cache_hit=true t_cache_us=80 t_compose_us=0 t_resample_us=0 t_mask_us=0 t_upload_us=40 t_total_us=120 alloc_compose_dst=0 alloc_resample_dst=0 alloc_xmap=0 alloc_mask=0 key_hash=0x9f3a2b1c4d5e6f70
2026-08-14T04:02:18.172000Z DEBUG actor{actor="emo-text"}: areka_emo_present::presenter::timing: perf(apply_show): 段階別計時 target_id=TargetId(0) surface_id=1000 cache_hit=true t_cache_us=80 t_compose_us=0 t_resample_us=0 t_mask_us=0 t_upload_us=40 t_total_us=120 alloc_compose_dst=0 alloc_resample_dst=0 alloc_xmap=0 alloc_mask=0 key_hash=0x9f3a2b1c4d5e6f70
2026-08-14T04:02:18.200000Z INFO actor{actor=seriko}: areka_seriko::looper: seriko: loop 抽選発火（再生開始・先頭コマから・要件 2.1/2.2） scope="0" slot=Shell animation_id=1400 k=4
2026-08-14T04:02:18.200000Z DEBUG actor{actor="emo-text"}: areka_emo_present::presenter::timing: perf(apply_show): 段階別計時 target_id=TargetId(0) surface_id=1000 cache_hit=true t_cache_us=80 t_compose_us=0 t_resample_us=0 t_mask_us=0 t_upload_us=40 t_total_us=120 alloc_compose_dst=0 alloc_resample_dst=0 alloc_xmap=0 alloc_mask=0 key_hash=0x9f3a2b1c4d5e6f70
2026-08-14T04:02:18.350000Z DEBUG actor{actor="emo-text"}: areka_emo_present::presenter::timing: perf(apply_show): 段階別計時 target_id=TargetId(0) surface_id=1000 cache_hit=true t_cache_us=80 t_compose_us=0 t_resample_us=0 t_mask_us=0 t_upload_us=40 t_total_us=120 alloc_compose_dst=0 alloc_resample_dst=0 alloc_xmap=0 alloc_mask=0 key_hash=0x9f3a2b1c4d5e6f70
2026-08-14T04:02:18.372000Z DEBUG actor{actor="emo-text"}: areka_emo_present::presenter::timing: perf(apply_show): 段階別計時 target_id=TargetId(0) surface_id=1000 cache_hit=true t_cache_us=80 t_compose_us=0 t_resample_us=0 t_mask_us=0 t_upload_us=40 t_total_us=120 alloc_compose_dst=0 alloc_resample_dst=0 alloc_xmap=0 alloc_mask=0 key_hash=0x9f3a2b1c4d5e6f70
2026-08-14T04:02:18.400000Z INFO actor{actor=seriko}: areka_seriko::looper: seriko: loop 抽選発火（再生開始・先頭コマから・要件 2.1/2.2） scope="0" slot=Shell animation_id=1400 k=4
2026-08-14T04:02:18.400000Z DEBUG actor{actor="emo-text"}: areka_emo_present::presenter::timing: perf(apply_show): 段階別計時 target_id=TargetId(0) surface_id=1000 cache_hit=true t_cache_us=80 t_compose_us=0 t_resample_us=0 t_mask_us=0 t_upload_us=40 t_total_us=120 alloc_compose_dst=0 alloc_resample_dst=0 alloc_xmap=0 alloc_mask=0 key_hash=0x9f3a2b1c4d5e6f70
2026-08-14T04:02:18.550000Z DEBUG actor{actor="emo-text"}: areka_emo_present::presenter::timing: perf(apply_show): 段階別計時 target_id=TargetId(0) surface_id=1000 cache_hit=true t_cache_us=80 t_compose_us=0 t_resample_us=0 t_mask_us=0 t_upload_us=40 t_total_us=120 alloc_compose_dst=0 alloc_resample_dst=0 alloc_xmap=0 alloc_mask=0 key_hash=0x9f3a2b1c4d5e6f70
2026-08-14T04:02:18.572000Z DEBUG actor{actor="emo-text"}: areka_emo_present::presenter::timing: perf(apply_show): 段階別計時 target_id=TargetId(0) surface_id=1000 cache_hit=true t_cache_us=80 t_compose_us=0 t_resample_us=0 t_mask_us=0 t_upload_us=40 t_total_us=120 alloc_compose_dst=0 alloc_resample_dst=0 alloc_xmap=0 alloc_mask=0 key_hash=0x9f3a2b1c4d5e6f70
2026-08-14T04:02:18.600000Z INFO actor{actor=seriko}: areka_seriko::looper: seriko: loop 抽選発火（再生開始・先頭コマから・要件 2.1/2.2） scope="0" slot=Shell animation_id=1400 k=4
2026-08-14T04:02:18.600000Z DEBUG actor{actor="emo-text"}: areka_emo_present::presenter::timing: perf(apply_show): 段階別計時 target_id=TargetId(0) surface_id=1000 cache_hit=true t_cache_us=80 t_compose_us=0 t_resample_us=0 t_mask_us=0 t_upload_us=40 t_total_us=120 alloc_compose_dst=0 alloc_resample_dst=0 alloc_xmap=0 alloc_mask=0 key_hash=0x9f3a2b1c4d5e6f70
2026-08-14T04:02:18.600000Z INFO actor{actor=seriko}: areka_seriko::looper: seriko: loop 抽選発火（再生開始・先頭コマから・要件 2.1/2.2） scope="0" slot=Shell animation_id=1402 k=4
2026-08-14T04:02:18.600000Z DEBUG actor{actor="emo-text"}: areka_emo_present::presenter::timing: perf(apply_show): 段階別計時 target_id=TargetId(0) surface_id=1000 cache_hit=true t_cache_us=80 t_compose_us=0 t_resample_us=0 t_mask_us=0 t_upload_us=40 t_total_us=120 alloc_compose_dst=0 alloc_resample_dst=0 alloc_xmap=0 alloc_mask=0 key_hash=0x9f3a2b1c4d5e6f70
2026-08-14T04:02:18.750000Z DEBUG actor{actor="emo-text"}: areka_emo_present::presenter::timing: perf(apply_show): 段階別計時 target_id=TargetId(0) surface_id=1000 cache_hit=true t_cache_us=80 t_compose_us=0 t_resample_us=0 t_mask_us=0 t_upload_us=40 t_total_us=120 alloc_compose_dst=0 alloc_resample_dst=0 alloc_xmap=0 alloc_mask=0 key_hash=0x9f3a2b1c4d5e6f70
2026-08-14T04:02:18.772000Z DEBUG actor{actor="emo-text"}: areka_emo_present::presenter::timing: perf(apply_show): 段階別計時 target_id=TargetId(0) surface_id=1000 cache_hit=true t_cache_us=80 t_compose_us=0 t_resample_us=0 t_mask_us=0 t_upload_us=40 t_total_us=120 alloc_compose_dst=0 alloc_resample_dst=0 alloc_xmap=0 alloc_mask=0 key_hash=0x9f3a2b1c4d5e6f70
2026-08-14T04:02:18.800000Z INFO actor{actor=seriko}: areka_seriko::looper: seriko: loop 抽選発火（再生開始・先頭コマから・要件 2.1/2.2） scope="0" slot=Shell animation_id=1400 k=4
2026-08-14T04:02:18.800000Z DEBUG actor{actor="emo-text"}: areka_emo_present::presenter::timing: perf(apply_show): 段階別計時 target_id=TargetId(0) surface_id=1000 cache_hit=true t_cache_us=80 t_compose_us=0 t_resample_us=0 t_mask_us=0 t_upload_us=40 t_total_us=120 alloc_compose_dst=0 alloc_resample_dst=0 alloc_xmap=0 alloc_mask=0 key_hash=0x9f3a2b1c4d5e6f70
2026-08-14T04:02:18.950000Z DEBUG actor{actor="emo-text"}: areka_emo_present::presenter::timing: perf(apply_show): 段階別計時 target_id=TargetId(0) surface_id=1000 cache_hit=true t_cache_us=80 t_compose_us=0 t_resample_us=0 t_mask_us=0 t_upload_us=40 t_total_us=120 alloc_compose_dst=0 alloc_resample_dst=0 alloc_xmap=0 alloc_mask=0 key_hash=0x9f3a2b1c4d5e6f70
2026-08-14T04:02:18.972000Z DEBUG actor{actor="emo-text"}: areka_emo_present::presenter::timing: perf(apply_show): 段階別計時 target_id=TargetId(0) surface_id=1000 cache_hit=true t_cache_us=80 t_compose_us=0 t_resample_us=0 t_mask_us=0 t_upload_us=40 t_total_us=120 alloc_compose_dst=0 alloc_resample_dst=0 alloc_xmap=0 alloc_mask=0 key_hash=0x9f3a2b1c4d5e6f70
2026-08-14T04:02:19.000000Z INFO actor{actor=seriko}: areka_seriko::looper: seriko: loop 抽選発火（再生開始・先頭コマから・要件 2.1/2.2） scope="0" slot=Shell animation_id=1400 k=4
2026-08-14T04:02:19.000000Z DEBUG actor{actor="emo-text"}: areka_emo_present::presenter::timing: perf(apply_show): 段階別計時 target_id=TargetId(0) surface_id=1000 cache_hit=true t_cache_us=80 t_compose_us=0 t_resample_us=0 t_mask_us=0 t_upload_us=40 t_total_us=120 alloc_compose_dst=0 alloc_resample_dst=0 alloc_xmap=0 alloc_mask=0 key_hash=0x9f3a2b1c4d5e6f70
2026-08-14T04:02:19.150000Z DEBUG actor{actor="emo-text"}: areka_emo_present::presenter::timing: perf(apply_show): 段階別計時 target_id=TargetId(0) surface_id=1000 cache_hit=true t_cache_us=80 t_compose_us=0 t_resample_us=0 t_mask_us=0 t_upload_us=40 t_total_us=120 alloc_compose_dst=0 alloc_resample_dst=0 alloc_xmap=0 alloc_mask=0 key_hash=0x9f3a2b1c4d5e6f70
2026-08-14T04:02:19.172000Z DEBUG actor{actor="emo-text"}: areka_emo_present::presenter::timing: perf(apply_show): 段階別計時 target_id=TargetId(0) surface_id=1000 cache_hit=true t_cache_us=80 t_compose_us=0 t_resample_us=0 t_mask_us=0 t_upload_us=40 t_total_us=120 alloc_compose_dst=0 alloc_resample_dst=0 alloc_xmap=0 alloc_mask=0 key_hash=0x9f3a2b1c4d5e6f70
2026-08-14T04:02:19.200000Z INFO actor{actor=seriko}: areka_seriko::looper: seriko: loop 抽選発火（再生開始・先頭コマから・要件 2.1/2.2） scope="0" slot=Shell animation_id=1400 k=4
2026-08-14T04:02:19.200000Z DEBUG actor{actor="emo-text"}: areka_emo_present::presenter::timing: perf(apply_show): 段階別計時 target_id=TargetId(0) surface_id=1000 cache_hit=true t_cache_us=80 t_compose_us=0 t_resample_us=0 t_mask_us=0 t_upload_us=40 t_total_us=120 alloc_compose_dst=0 alloc_resample_dst=0 alloc_xmap=0 alloc_mask=0 key_hash=0x9f3a2b1c4d5e6f70
2026-08-14T04:02:19.300000Z INFO actor{actor=seriko}: areka_seriko::looper: seriko: loop 抽選発火（再生開始・先頭コマから・要件 2.1/2.2） scope="0" slot=Shell animation_id=1402 k=4
2026-08-14T04:02:19.300000Z DEBUG actor{actor="emo-text"}: areka_emo_present::presenter::timing: perf(apply_show): 段階別計時 target_id=TargetId(0) surface_id=1000 cache_hit=true t_cache_us=80 t_compose_us=0 t_resample_us=0 t_mask_us=0 t_upload_us=40 t_total_us=120 alloc_compose_dst=0 alloc_resample_dst=0 alloc_xmap=0 alloc_mask=0 key_hash=0x9f3a2b1c4d5e6f70
2026-08-14T04:02:19.350000Z DEBUG actor{actor="emo-text"}: areka_emo_present::presenter::timing: perf(apply_show): 段階別計時 target_id=TargetId(0) surface_id=1000 cache_hit=true t_cache_us=80 t_compose_us=0 t_resample_us=0 t_mask_us=0 t_upload_us=40 t_total_us=120 alloc_compose_dst=0 alloc_resample_dst=0 alloc_xmap=0 alloc_mask=0 key_hash=0x9f3a2b1c4d5e6f70
2026-08-14T04:02:19.372000Z DEBUG actor{actor="emo-text"}: areka_emo_present::presenter::timing: perf(apply_show): 段階別計時 target_id=TargetId(0) surface_id=1000 cache_hit=true t_cache_us=80 t_compose_us=0 t_resample_us=0 t_mask_us=0 t_upload_us=40 t_total_us=120 alloc_compose_dst=0 alloc_resample_dst=0 alloc_xmap=0 alloc_mask=0 key_hash=0x9f3a2b1c4d5e6f70
2026-08-14T04:02:19.400000Z INFO actor{actor=seriko}: areka_seriko::looper: seriko: loop 抽選発火（再生開始・先頭コマから・要件 2.1/2.2） scope="0" slot=Shell animation_id=1400 k=4
2026-08-14T04:02:19.400000Z DEBUG actor{actor="emo-text"}: areka_emo_present::presenter::timing: perf(apply_show): 段階別計時 target_id=TargetId(0) surface_id=1000 cache_hit=true t_cache_us=80 t_compose_us=0 t_resample_us=0 t_mask_us=0 t_upload_us=40 t_total_us=120 alloc_compose_dst=0 alloc_resample_dst=0 alloc_xmap=0 alloc_mask=0 key_hash=0x9f3a2b1c4d5e6f70
2026-08-14T04:02:19.550000Z DEBUG actor{actor="emo-text"}: areka_emo_present::presenter::timing: perf(apply_show): 段階別計時 target_id=TargetId(0) surface_id=1000 cache_hit=true t_cache_us=80 t_compose_us=0 t_resample_us=0 t_mask_us=0 t_upload_us=40 t_total_us=120 alloc_compose_dst=0 alloc_resample_dst=0 alloc_xmap=0 alloc_mask=0 key_hash=0x9f3a2b1c4d5e6f70
2026-08-14T04:02:19.572000Z DEBUG actor{actor="emo-text"}: areka_emo_present::presenter::timing: perf(apply_show): 段階別計時 target_id=TargetId(0) surface_id=1000 cache_hit=true t_cache_us=80 t_compose_us=0 t_resample_us=0 t_mask_us=0 t_upload_us=40 t_total_us=120 alloc_compose_dst=0 alloc_resample_dst=0 alloc_xmap=0 alloc_mask=0 key_hash=0x9f3a2b1c4d5e6f70
2026-08-14T04:02:19.600000Z INFO actor{actor=seriko}: areka_seriko::looper: seriko: loop 抽選発火（再生開始・先頭コマから・要件 2.1/2.2） scope="0" slot=Shell animation_id=1400 k=4
2026-08-14T04:02:19.600000Z DEBUG actor{actor="emo-text"}: areka_emo_present::presenter::timing: perf(apply_show): 段階別計時 target_id=TargetId(0) surface_id=1000 cache_hit=true t_cache_us=80 t_compose_us=0 t_resample_us=0 t_mask_us=0 t_upload_us=40 t_total_us=120 alloc_compose_dst=0 alloc_resample_dst=0 alloc_xmap=0 alloc_mask=0 key_hash=0x9f3a2b1c4d5e6f70
2026-08-14T04:02:19.750000Z DEBUG actor{actor="emo-text"}: areka_emo_present::presenter::timing: perf(apply_show): 段階別計時 target_id=TargetId(0) surface_id=1000 cache_hit=true t_cache_us=80 t_compose_us=0 t_resample_us=0 t_mask_us=0 t_upload_us=40 t_total_us=120 alloc_compose_dst=0 alloc_resample_dst=0 alloc_xmap=0 alloc_mask=0 key_hash=0x9f3a2b1c4d5e6f70
2026-08-14T04:02:19.772000Z DEBUG actor{actor="emo-text"}: areka_emo_present::presenter::timing: perf(apply_show): 段階別計時 target_id=TargetId(0) surface_id=1000 cache_hit=true t_cache_us=80 t_compose_us=0 t_resample_us=0 t_mask_us=0 t_upload_us=40 t_total_us=120 alloc_compose_dst=0 alloc_resample_dst=0 alloc_xmap=0 alloc_mask=0 key_hash=0x9f3a2b1c4d5e6f70
2026-08-14T04:02:19.800000Z INFO actor{actor=seriko}: areka_seriko::looper: seriko: loop 抽選発火（再生開始・先頭コマから・要件 2.1/2.2） scope="0" slot=Shell animation_id=1400 k=4
2026-08-14T04:02:19.800000Z DEBUG actor{actor="emo-text"}: areka_emo_present::presenter::timing: perf(apply_show): 段階別計時 target_id=TargetId(0) surface_id=1000 cache_hit=true t_cache_us=80 t_compose_us=0 t_resample_us=0 t_mask_us=0 t_upload_us=40 t_total_us=120 alloc_compose_dst=0 alloc_resample_dst=0 alloc_xmap=0 alloc_mask=0 key_hash=0x9f3a2b1c4d5e6f70
2026-08-14T04:02:19.950000Z DEBUG actor{actor="emo-text"}: areka_emo_present::presenter::timing: perf(apply_show): 段階別計時 target_id=TargetId(0) surface_id=1000 cache_hit=true t_cache_us=80 t_compose_us=0 t_resample_us=0 t_mask_us=0 t_upload_us=40 t_total_us=120 alloc_compose_dst=0 alloc_resample_dst=0 alloc_xmap=0 alloc_mask=0 key_hash=0x9f3a2b1c4d5e6f70
2026-08-14T04:02:19.972000Z DEBUG actor{actor="emo-text"}: areka_emo_present::presenter::timing: perf(apply_show): 段階別計時 target_id=TargetId(0) surface_id=1000 cache_hit=true t_cache_us=80 t_compose_us=0 t_resample_us=0 t_mask_us=0 t_upload_us=40 t_total_us=120 alloc_compose_dst=0 alloc_resample_dst=0 alloc_xmap=0 alloc_mask=0 key_hash=0x9f3a2b1c4d5e6f70
